view,count_run-001,count_run-002,cum_run-001,cum_run-002,cum_diff
0,1011,794,1011,794,217
1,14,18,1025,812,213
2,17,19,1042,831,211
3,26,32,1068,863,205
4,24,28,1092,891,201
5,18,23,1110,914,196
6,16,23,1126,937,189
7,14,14,1140,951,189
8,21,16,1161,967,194
9,19,16,1180,983,197
10,16,19,1196,1002,194
11,22,20,1218,1022,196
12,19,18,1237,1040,197
13,16,18,1253,1058,195
14,16,20,1269,1078,191
15,19,21,1288,1099,189
16,16,22,1304,1121,183
17,23,12,1327,1133,194
18,17,19,1344,1152,192
19,20,19,1364,1171,193
20,15,18,1379,1189,190
21,24,28,1403,1217,186
22,19,13,1422,1230,192
23,18,14,1440,1244,196
24,17,16,1457,1260,197
25,17,21,1474,1281,193
26,20,22,1494,1303,191
27,20,15,1514,1318,196
28,14,20,1528,1338,190
29,20,18,1548,1356,192
30,17,20,1565,1376,189
31,14,16,1579,1392,187
32,18,22,1597,1414,183
33,18,17,1615,1431,184
34,22,14,1637,1445,192
35,19,17,1656,1462,194
36,17,17,1673,1479,194
37,12,23,1685,1502,183
38,21,14,1706,1516,190
39,21,17,1727,1533,194
40,15,17,1742,1550,192
41,30,21,1772,1571,201
42,17,18,1789,1589,200
43,19,17,1808,1606,202
44,20,17,1828,1623,205
45,17,17,1845,1640,205
46,19,21,1864,1661,203
47,19,21,1883,1682,201
48,17,16,1900,1698,202
49,20,18,1920,1716,204
50,18,18,1938,1734,204
51,18,20,1956,1754,202
52,18,16,1974,1770,204
53,18,17,1992,1787,205
54,18,17,2010,1804,206
55,19,18,2029,1822,207
56,17,19,2046,1841,205
57,15,19,2061,1860,201
58,16,19,2077,1879,198
59,19,21,2096,1900,196
60,18,14,2114,1914,200
61,19,21,2133,1935,198
62,18,24,2151,1959,192
63,16,18,2167,1977,190
64,22,18,2189,1995,194
65,16,15,2205,2010,195
66,13,18,2218,2028,190
67,19,20,2237,2048,189
68,22,13,2259,2061,198
69,22,20,2281,2081,200
70,18,18,2299,2099,200
71,15,20,2314,2119,195
72,14,17,2328,2136,192
73,25,21,2353,2157,196
74,15,19,2368,2176,192
75,18,13,2386,2189,197
76,19,16,2405,2205,200
77,17,17,2422,2222,200
78,16,20,2438,2242,196
79,21,18,2459,2260,199
80,16,18,2475,2278,197
81,17,18,2492,2296,196
82,21,23,2513,2319,194
83,14,18,2527,2337,190
84,21,19,2548,2356,192
85,18,22,2566,2378,188
86,14,28,2580,2406,174
87,18,18,2598,2424,174
88,23,14,2621,2438,183
89,19,11,2640,2449,191
90,17,21,2657,2470,187
91,19,21,2676,2491,185
92,17,16,2693,2507,186
93,15,19,2708,2526,182
94,18,20,2726,2546,180
95,18,20,2744,2566,178
96,21,14,2765,2580,185
97,19,20,2784,2600,184
98,17,18,2801,2618,183
99,20,16,2821,2634,187
100,19,17,2840,2651,189
101,14,15,2854,2666,188
102,20,23,2874,2689,185
103,20,12,2894,2701,193
104,19,21,2913,2722,191
105,11,17,2924,2739,185
106,21,21,2945,2760,185
107,11,15,2956,2775,181
108,21,19,2977,2794,183
109,22,19,2999,2813,186
110,19,20,3018,2833,185
111,15,17,3033,2850,183
112,16,25,3049,2875,174
113,22,12,3071,2887,184
114,20,17,3091,2904,187
115,20,20,3111,2924,187
116,16,15,3127,2939,188
117,16,17,3143,2956,187
118,21,16,3164,2972,192
119,19,24,3183,2996,187
120,14,18,3197,3014,183
121,23,15,3220,3029,191
122,16,16,3236,3045,191
123,20,25,3256,3070,186
124,18,19,3274,3089,185
125,21,10,3295,3099,196
126,17,22,3312,3121,191
127,19,19,3331,3140,191
128,13,21,3344,3161,183
129,19,13,3363,3174,189
130,16,17,3379,3191,188
131,19,17,3398,3208,190
132,22,26,3420,3234,186
133,18,17,3438,3251,187
134,14,15,3452,3266,186
135,18,14,3470,3280,190
136,21,17,3491,3297,194
137,15,18,3506,3315,191
138,14,19,3520,3334,186
139,20,16,3540,3350,190
140,22,23,3562,3373,189
141,18,16,3580,3389,191
142,17,19,3597,3408,189
143,23,16,3620,3424,196
144,23,17,3643,3441,202
145,14,21,3657,3462,195
146,21,20,3678,3482,196
147,22,14,3700,3496,204
148,19,22,3719,3518,201
149,16,18,3735,3536,199
150,16,18,3751,3554,197
151,18,19,3769,3573,196
152,19,19,3788,3592,196
153,18,17,3806,3609,197
154,21,14,3827,3623,204
155,20,17,3847,3640,207
156,14,17,3861,3657,204
157,14,20,3875,3677,198
158,23,16,3898,3693,205
159,21,18,3919,3711,208
160,15,21,3934,3732,202
161,20,23,3954,3755,199
162,17,16,3971,3771,200
163,21,14,3992,3785,207
164,15,18,4007,3803,204
165,13,18,4020,3821,199
166,22,22,4042,3843,199
167,17,22,4059,3865,194
168,20,15,4079,3880,199
169,13,19,4092,3899,193
170,20,13,4112,3912,200
171,16,18,4128,3930,198
172,19,18,4147,3948,199
173,19,20,4166,3968,198
174,20,16,4186,3984,202
175,23,13,4209,3997,212
176,15,20,4224,4017,207
177,19,17,4243,4034,209
178,17,20,4260,4054,206
179,21,18,4281,4072,209
180,16,18,4297,4090,207
181,20,20,4317,4110,207
182,20,19,4337,4129,208
183,14,16,4351,4145,206
184,17,22,4368,4167,201
185,15,18,4383,4185,198
186,19,18,4402,4203,199
187,20,17,4422,4220,202
188,22,17,4444,4237,207
189,16,26,4460,4263,197
190,18,12,4478,4275,203
191,23,14,4501,4289,212
192,18,20,4519,4309,210
193,16,15,4535,4324,211
194,15,22,4550,4346,204
195,14,17,4564,4363,201
196,19,18,4583,4381,202
197,19,14,4602,4395,207
198,16,18,4618,4413,205
199,18,17,4636,4430,206
200,17,20,4653,4450,203
201,21,16,4674,4466,208
202,15,21,4689,4487,202
203,21,20,4710,4507,203
204,14,19,4724,4526,198
205,20,18,4744,4544,200
206,18,16,4762,4560,202
207,21,17,4783,4577,206
208,20,19,4803,4596,207
209,17,21,4820,4617,203
210,22,19,4842,4636,206
211,14,15,4856,4651,205
212,19,16,4875,4667,208
213,17,16,4892,4683,209
214,15,18,4907,4701,206
215,18,23,4925,4724,201
216,22,17,4947,4741,206
217,20,16,4967,4757,210
218,14,18,4981,4775,206
219,22,16,5003,4791,212
220,17,22,5020,4813,207
221,13,16,5033,4829,204
222,29,17,5062,4846,216
223,21,17,5083,4863,220
224,16,26,5099,4889,210
225,17,19,5116,4908,208
226,21,12,5137,4920,217
227,15,16,5152,4936,216
228,17,20,5169,4956,213
229,20,20,5189,4976,213
230,20,16,5209,4992,217
231,16,18,5225,5010,215
232,16,16,5241,5026,215
233,21,21,5262,5047,215
234,20,16,5282,5063,219
235,18,19,5300,5082,218
236,19,21,5319,5103,216
237,17,15,5336,5118,218
238,17,22,5353,5140,213
239,21,18,5374,5158,216
240,15,14,5389,5172,217
241,24,17,5413,5189,224
242,23,16,5436,5205,231
243,17,17,5453,5222,231
244,22,19,5475,5241,234
245,18,23,5493,5264,229
246,13,17,5506,5281,225
247,21,14,5527,5295,232
248,21,23,5548,5318,230
249,14,18,5562,5336,226
250,21,18,5583,5354,229
251,17,19,5600,5373,227
252,17,20,5617,5393,224
253,21,16,5638,5409,229
254,14,16,5652,5425,227
255,15,18,5667,5443,224
256,24,16,5691,5459,232
257,16,17,5707,5476,231
258,17,14,5724,5490,234
259,16,21,5740,5511,229
260,22,17,5762,5528,234
261,16,16,5778,5544,234
262,17,23,5795,5567,228
263,20,22,5815,5589,226
264,18,18,5833,5607,226
265,16,16,5849,5623,226
266,16,15,5865,5638,227
267,21,20,5886,5658,228
268,21,24,5907,5682,225
269,17,15,5924,5697,227
270,19,19,5943,5716,227
271,17,9,5960,5725,235
272,14,22,5974,5747,227
273,18,15,5992,5762,230
274,24,21,6016,5783,233
275,14,16,6030,5799,231
276,18,23,6048,5822,226
277,22,17,6070,5839,231
278,18,16,6088,5855,233
279,16,21,6104,5876,228
280,19,18,6123,5894,229
281,14,19,6137,5913,224
282,19,16,6156,5929,227
283,16,17,6172,5946,226
284,21,22,6193,5968,225
285,24,18,6217,5986,231
286,13,12,6230,5998,232
287,20,18,6250,6016,234
288,15,16,6265,6032,233
289,15,24,6280,6056,224
290,14,20,6294,6076,218
291,22,18,6316,6094,222
292,21,12,6337,6106,231
293,18,17,6355,6123,232
294,16,24,6371,6147,224
295,16,18,6387,6165,222
296,18,17,6405,6182,223
297,18,17,6423,6199,224
298,15,13,6438,6212,226
299,21,22,6459,6234,225
300,16,21,6475,6255,220
301,17,21,6492,6276,216
302,23,16,6515,6292,223
303,16,12,6531,6304,227
304,18,19,6549,6323,226
305,24,20,6573,6343,230
306,17,20,6590,6363,227
307,20,20,6610,6383,227
308,15,12,6625,6395,230
309,19,17,6644,6412,232
310,21,24,6665,6436,229
311,15,18,6680,6454,226
312,15,18,6695,6472,223
313,19,12,6714,6484,230
314,18,15,6732,6499,233
315,20,18,6752,6517,235
316,16,24,6768,6541,227
317,20,18,6788,6559,229
318,15,15,6803,6574,229
319,20,19,6823,6593,230
320,17,17,6840,6610,230
321,21,17,6861,6627,234
322,22,25,6883,6652,231
323,17,16,6900,6668,232
324,13,21,6913,6689,224
325,14,11,6927,6700,227
326,18,15,6945,6715,230
327,18,17,6963,6732,231
328,18,24,6981,6756,225
329,20,17,7001,6773,228
330,18,17,7019,6790,229
331,17,14,7036,6804,232
332,24,19,7060,6823,237
333,14,19,7074,6842,232
334,17,21,7091,6863,228
335,13,24,7104,6887,217
336,23,17,7127,6904,223
337,20,14,7147,6918,229
338,16,21,7163,6939,224
339,18,20,7181,6959,222
340,24,17,7205,6976,229
341,17,12,7222,6988,234
342,18,17,7240,7005,235
343,15,19,7255,7024,231
344,16,18,7271,7042,229
345,16,21,7287,7063,224
346,18,15,7305,7078,227
347,20,20,7325,7098,227
348,16,18,7341,7116,225
349,17,16,7358,7132,226
350,17,21,7375,7153,222
351,21,19,7396,7172,224
352,18,20,7414,7192,222
353,19,16,7433,7208,225
354,17,14,7450,7222,228
355,20,20,7470,7242,228
356,20,16,7490,7258,232
357,20,22,7510,7280,230
358,14,21,7524,7301,223
359,21,20,7545,7321,224
360,14,16,7559,7337,222
361,18,15,7577,7352,225
362,15,15,7592,7367,225
363,21,15,7613,7382,231
364,17,22,7630,7404,226
365,17,20,7647,7424,223
366,23,20,7670,7444,226
367,16,18,7686,7462,224
368,16,18,7702,7480,222
369,22,14,7724,7494,230
370,17,18,7741,7512,229
371,19,21,7760,7533,227
372,18,20,7778,7553,225
373,20,21,7798,7574,224
374,15,11,7813,7585,228
375,13,18,7826,7603,223
376,16,19,7842,7622,220
377,21,16,7863,7638,225
378,22,15,7885,7653,232
379,23,18,7908,7671,237
380,13,19,7921,7690,231
381,18,16,7939,7706,233
382,21,21,7960,7727,233
383,11,19,7971,7746,225
384,20,23,7991,7769,222
385,20,17,8011,7786,225
386,14,15,8025,7801,224
387,21,16,8046,7817,229
388,14,16,8060,7833,227
389,21,16,8081,7849,232
390,17,25,8098,7874,224
391,24,18,8122,7892,230
392,12,14,8134,7906,228
393,16,19,8150,7925,225
394,22,22,8172,7947,225
395,16,22,8188,7969,219
396,20,18,8208,7987,221
397,15,19,8223,8006,217
398,20,20,8243,8026,217
399,22,17,8265,8043,222
400,20,16,8285,8059,226
401,15,14,8300,8073,227
402,17,20,8317,8093,224
403,23,23,8340,8116,224
404,16,19,8356,8135,221
405,18,15,8374,8150,224
406,16,16,8390,8166,224
407,19,18,8409,8184,225
408,21,22,8430,8206,224
409,19,19,8449,8225,224
410,17,15,8466,8240,226
411,15,16,8481,8256,225
412,18,18,8499,8274,225
413,20,17,8519,8291,228
414,17,18,8536,8309,227
415,22,22,8558,8331,227
416,20,17,8578,8348,230
417,17,22,8595,8370,225
418,17,16,8612,8386,226
419,20,18,8632,8404,228
420,15,16,8647,8420,227
421,19,17,8666,8437,229
422,18,23,8684,8460,224
423,19,18,8703,8478,225
424,20,20,8723,8498,225
425,18,13,8741,8511,230
426,19,19,8760,8530,230
427,17,17,8777,8547,230
428,15,19,8792,8566,226
429,18,14,8810,8580,230
430,24,18,8834,8598,236
431,14,20,8848,8618,230
432,22,22,8870,8640,230
433,17,17,8887,8657,230
434,19,14,8906,8671,235
435,14,16,8920,8687,233
436,15,17,8935,8704,231
437,16,20,8951,8724,227
438,20,22,8971,8746,225
439,16,21,8987,8767,220
440,17,16,9004,8783,221
441,17,15,9021,8798,223
442,23,19,9044,8817,227
443,20,17,9064,8834,230
444,22,17,9086,8851,235
445,14,17,9100,8868,232
446,10,19,9110,8887,223
447,18,19,9128,8906,222
448,23,15,9151,8921,230
449,17,20,9168,8941,227
450,17,21,9185,8962,223
451,18,19,9203,8981,222
452,18,16,9221,8997,224
453,24,14,9245,9011,234
454,14,14,9259,9025,234
455,17,19,9276,9044,232
456,16,21,9292,9065,227
457,15,20,9307,9085,222
458,22,21,9329,9106,223
459,18,18,9347,9124,223
460,23,15,9370,9139,231
461,19,16,9389,9155,234
462,17,17,9406,9172,234
463,11,22,9417,9194,223
464,20,20,9437,9214,223
465,23,18,9460,9232,228
466,17,11,9477,9243,234
467,14,16,9491,9259,232
468,16,27,9507,9286,221
469,21,19,9528,9305,223
470,16,15,9544,9320,224
471,21,19,9565,9339,226
472,18,15,9583,9354,229
473,21,23,9604,9377,227
474,15,16,9619,9393,226
475,23,13,9642,9406,236
476,15,19,9657,9425,232
477,20,16,9677,9441,236
478,20,22,9697,9463,234
479,11,20,9708,9483,225
480,22,17,9730,9500,230
481,18,19,9748,9519,229
482,14,18,9762,9537,225
483,18,16,9780,9553,227
484,19,18,9799,9571,228
485,21,16,9820,9587,233
486,14,20,9834,9607,227
487,18,22,9852,9629,223
488,18,18,9870,9647,223
489,21,13,9891,9660,231
490,16,18,9907,9678,229
491,17,17,9924,9695,229
492,20,24,9944,9719,225
493,19,19,9963,9738,225
494,20,17,9983,9755,228
495,13,21,9996,9776,220
496,17,15,10013,9791,222
497,19,18,10032,9809,223
498,21,23,10053,9832,221
499,21,14,10074,9846,228
500,16,14,10090,9860,230
501,16,19,10106,9879,227
502,23,22,10129,9901,228
503,15,17,10144,9918,226
504,16,17,10160,9935,225
505,15,21,10175,9956,219
506,20,13,10195,9969,226
507,19,18,10214,9987,227
508,19,20,10233,10007,226
509,17,20,10250,10027,223
510,18,14,10268,10041,227
511,18,15,10286,10056,230
512,18,20,10304,10076,228
513,17,19,10321,10095,226
514,20,18,10341,10113,228
515,20,19,10361,10132,229
516,17,16,10378,10148,230
517,20,20,10398,10168,230
518,14,19,10412,10187,225
519,22,23,10434,10210,224
520,14,17,10448,10227,221
521,21,19,10469,10246,223
522,16,18,10485,10264,221
523,17,13,10502,10277,225
524,18,16,10520,10293,227
525,20,19,10540,10312,228
526,18,17,10558,10329,229
527,21,18,10579,10347,232
528,14,18,10593,10365,228
529,19,20,10612,10385,227
530,20,20,10632,10405,227
531,15,19,10647,10424,223
532,19,14,10666,10438,228
533,18,18,10684,10456,228
534,19,16,10703,10472,231
535,22,18,10725,10490,235
536,18,18,10743,10508,235
537,9,24,10752,10532,220
538,20,18,10772,10550,222
539,18,20,10790,10570,220
540,21,13,10811,10583,228
541,17,19,10828,10602,226
542,19,19,10847,10621,226
543,16,22,10863,10643,220
544,21,24,10884,10667,217
545,16,24,10900,10691,209
546,18,16,10918,10707,211
547,16,17,10934,10724,210
548,17,18,10951,10742,209
549,22,16,10973,10758,215
550,19,20,10992,10778,214
551,19,22,11011,10800,211
552,16,18,11027,10818,209
553,16,16,11043,10834,209
554,18,19,11061,10853,208
555,20,17,11081,10870,211
556,19,24,11100,10894,206
557,16,16,11116,10910,206
558,16,14,11132,10924,208
559,18,22,11150,10946,204
560,19,18,11169,10964,205
561,18,12,11187,10976,211
562,18,18,11205,10994,211
563,19,22,11224,11016,208
564,23,18,11247,11034,213
565,17,17,11264,11051,213
566,19,14,11283,11065,218
567,17,17,11300,11082,218
568,15,22,11315,11104,211
569,17,21,11332,11125,207
570,19,18,11351,11143,208
571,24,22,11375,11165,210
572,16,13,11391,11178,213
573,16,16,11407,11194,213
574,16,15,11423,11209,214
575,23,21,11446,11230,216
576,13,17,11459,11247,212
577,22,21,11481,11268,213
578,18,21,11499,11289,210
579,21,21,11520,11310,210
580,12,17,11532,11327,205
581,14,13,11546,11340,206
582,19,17,11565,11357,208
583,22,14,11587,11371,216
584,19,23,11606,11394,212
585,20,19,11626,11413,213
586,19,21,11645,11434,211
587,14,12,11659,11446,213
588,18,17,11677,11463,214
589,17,15,11694,11478,216
590,21,23,11715,11501,214
591,18,18,11733,11519,214
592,21,19,11754,11538,216
593,16,19,11770,11557,213
594,15,18,11785,11575,210
595,19,16,11804,11591,213
596,20,19,11824,11610,214
597,18,19,11842,11629,213
598,18,19,11860,11648,212
599,18,18,11878,11666,212
600,18,12,11896,11678,218
601,17,18,11913,11696,217
602,15,20,11928,11716,212
603,20,17,11948,11733,215
604,18,23,11966,11756,210
605,21,19,11987,11775,212
606,17,17,12004,11792,212
607,19,18,12023,11810,213
608,15,16,12038,11826,212
609,20,17,12058,11843,215
610,18,19,12076,11862,214
611,19,19,12095,11881,214
612,13,12,12108,11893,215
613,22,20,12130,11913,217
614,17,25,12147,11938,209
615,15,19,12162,11957,205
616,18,20,12180,11977,203
617,19,17,12199,11994,205
618,19,21,12218,12015,203
619,18,15,12236,12030,206
620,18,15,12254,12045,209
621,21,16,12275,12061,214
622,14,20,12289,12081,208
623,17,16,12306,12097,209
624,22,22,12328,12119,209
625,16,19,12344,12138,206
626,18,19,12362,12157,205
627,19,14,12381,12171,210
628,24,21,12405,12192,213
629,19,16,12424,12208,216
630,13,14,12437,12222,215
631,17,21,12454,12243,211
632,15,15,12469,12258,211
633,18,15,12487,12273,214
634,15,21,12502,12294,208
635,19,22,12521,12316,205
636,17,16,12538,12332,206
637,23,21,12561,12353,208
638,16,15,12577,12368,209
639,16,17,12593,12385,208
640,20,17,12613,12402,211
641,19,24,12632,12426,206
642,20,19,12652,12445,207
643,17,15,12669,12460,209
644,18,14,12687,12474,213
645,13,16,12700,12490,210
646,18,20,12718,12510,208
647,19,16,12737,12526,211
648,19,22,12756,12548,208
649,17,21,12773,12569,204
650,26,18,12799,12587,212
651,15,13,12814,12600,214
652,21,20,12835,12620,215
653,20,20,12855,12640,215
654,16,20,12871,12660,211
655,16,22,12887,12682,205
656,22,12,12909,12694,215
657,17,17,12926,12711,215
658,19,17,12945,12728,217
659,15,17,12960,12745,215
660,17,19,12977,12764,213
661,15,17,12992,12781,211
662,22,17,13014,12798,216
663,19,22,13033,12820,213
664,19,15,13052,12835,217
665,18,20,13070,12855,215
666,19,15,13089,12870,219
667,14,20,13103,12890,213
668,20,17,13123,12907,216
669,18,23,13141,12930,211
670,14,16,13155,12946,209
671,16,16,13171,12962,209
672,21,15,13192,12977,215
673,21,18,13213,12995,218
674,12,20,13225,13015,210
675,17,18,13242,13033,209
676,23,18,13265,13051,214
677,20,20,13285,13071,214
678,18,17,13303,13088,215
679,15,20,13318,13108,210
680,17,15,13335,13123,212
681,15,17,13350,13140,210
682,20,21,13370,13161,209
683,22,21,13392,13182,210
684,19,18,13411,13200,211
685,17,14,13428,13214,214
686,20,22,13448,13236,212
687,15,20,13463,13256,207
688,18,15,13481,13271,210
689,15,15,13496,13286,210
690,19,14,13515,13300,215
691,22,21,13537,13321,216
692,21,14,13558,13335,223
693,15,21,13573,13356,217
694,18,23,13591,13379,212
695,16,18,13607,13397,210
696,16,18,13623,13415,208
697,18,21,13641,13436,205
698,18,15,13659,13451,208
699,19,19,13678,13470,208
700,24,15,13702,13485,217
701,18,17,13720,13502,218
702,14,17,13734,13519,215
703,18,20,13752,13539,213
704,17,16,13769,13555,214
705,18,14,13787,13569,218
706,16,18,13803,13587,216
707,22,23,13825,13610,215
708,18,16,13843,13626,217
709,16,16,13859,13642,217
710,17,18,13876,13660,216
711,14,20,13890,13680,210
712,20,19,13910,13699,211
713,19,22,13929,13721,208
714,21,18,13950,13739,211
715,21,14,13971,13753,218
716,17,18,13988,13771,217
717,17,18,14005,13789,216
718,15,17,14020,13806,214
719,14,19,14034,13825,209
720,21,18,14055,13843,212
721,19,20,14074,13863,211
722,19,15,14093,13878,215
723,12,13,14105,13891,214
724,22,19,14127,13910,217
725,21,19,14148,13929,219
726,18,20,14166,13949,217
727,17,20,14183,13969,214
728,16,18,14199,13987,212
729,17,14,14216,14001,215
730,19,18,14235,14019,216
731,24,21,14259,14040,219
732,15,20,14274,14060,214
733,16,20,14290,14080,210
734,19,17,14309,14097,212
735,18,12,14327,14109,218
736,17,20,14344,14129,215
737,20,15,14364,14144,220
738,20,24,14384,14168,216
739,19,20,14403,14188,215
740,14,14,14417,14202,215
741,16,21,14433,14223,210
742,22,15,14455,14238,217
743,20,21,14475,14259,216
744,15,16,14490,14275,215
745,19,15,14509,14290,219
746,19,16,14528,14306,222
747,18,18,14546,14324,222
748,18,20,14564,14344,220
749,17,21,14581,14365,216
750,18,21,14599,14386,213
751,18,16,14617,14402,215
752,21,20,14638,14422,216
753,15,15,14653,14437,216
754,15,14,14668,14451,217
755,15,23,14683,14474,209
756,22,22,14705,14496,209
757,16,18,14721,14514,207
758,17,12,14738,14526,212
759,23,19,14761,14545,216
760,16,18,14777,14563,214
761,16,18,14793,14581,212
762,20,20,14813,14601,212
763,18,17,14831,14618,213
764,21,16,14852,14634,218
765,17,16,14869,14650,219
766,16,12,14885,14662,223
767,17,25,14902,14687,215
768,20,20,14922,14707,215
769,17,19,14939,14726,213
770,16,20,14955,14746,209
771,19,13,14974,14759,215
772,15,21,14989,14780,209
773,20,18,15009,14798,211
774,19,18,15028,14816,212
775,18,14,15046,14830,216
776,19,21,15065,14851,214
777,18,20,15083,14871,212
778,18,16,15101,14887,214
779,19,16,15120,14903,217
780,17,16,15137,14919,218
781,17,19,15154,14938,216
782,17,22,15171,14960,211
783,20,22,15191,14982,209
784,19,15,15210,14997,213
785,14,18,15224,15015,209
786,17,19,15241,15034,207
787,18,16,15259,15050,209
788,18,15,15277,15065,212
789,21,15,15298,15080,218
790,17,22,15315,15102,213
791,19,21,15334,15123,211
792,17,19,15351,15142,209
793,18,19,15369,15161,208
794,18,17,15387,15178,209
795,19,13,15406,15191,215
796,16,19,15422,15210,212
797,19,20,15441,15230,211
798,17,15,15458,15245,213
799,17,13,15475,15258,217
800,18,23,15493,15281,212
801,22,20,15515,15301,214
802,20,20,15535,15321,214
803,15,18,15550,15339,211
804,20,17,15570,15356,214
805,17,18,15587,15374,213
806,18,18,15605,15392,213
807,15,13,15620,15405,215
808,23,24,15643,15429,214
809,15,18,15658,15447,211
810,16,19,15674,15466,208
811,14,18,15688,15484,204
812,20,20,15708,15504,204
813,17,18,15725,15522,203
814,21,15,15746,15537,209
815,20,17,15766,15554,212
816,18,18,15784,15572,212
817,20,16,15804,15588,216
818,18,21,15822,15609,213
819,16,19,15838,15628,210
820,18,23,15856,15651,205
821,15,12,15871,15663,208
822,21,16,15892,15679,213
823,21,16,15913,15695,218
824,17,19,15930,15714,216
825,15,21,15945,15735,210
826,15,13,15960,15748,212
827,20,17,15980,15765,215
828,17,18,15997,15783,214
829,20,24,16017,15807,210
830,23,20,16040,15827,213
831,15,18,16055,15845,210
832,17,13,16072,15858,214
833,16,19,16088,15877,211
834,17,18,16105,15895,210
835,21,21,16126,15916,210
836,17,18,16143,15934,209
837,19,19,16162,15953,209
838,16,15,16178,15968,210
839,20,20,16198,15988,210
840,19,19,16217,16007,210
841,18,16,16235,16023,212
842,18,14,16253,16037,216
843,15,18,16268,16055,213
844,18,18,16286,16073,213
845,21,21,16307,16094,213
846,20,16,16327,16110,217
847,13,13,16340,16123,217
848,16,21,16356,16144,212
849,19,20,16375,16164,211
850,18,15,16393,16179,214
851,20,19,16413,16198,215
852,20,17,16433,16215,218
853,19,23,16452,16238,214
854,15,20,16467,16258,209
855,14,20,16481,16278,203
856,17,13,16498,16291,207
857,21,21,16519,16312,207
858,19,17,16538,16329,209
859,17,16,16555,16345,210
860,22,16,16577,16361,216
861,17,21,16594,16382,212
862,20,17,16614,16399,215
863,18,18,16632,16417,215
864,14,18,16646,16435,211
865,16,20,16662,16455,207
866,21,18,16683,16473,210
867,18,17,16701,16490,211
868,18,16,16719,16506,213
869,17,20,16736,16526,210
870,23,20,16759,16546,213
871,22,26,16781,16572,209
872,11,15,16792,16587,205
873,19,15,16811,16602,209
874,12,18,16823,16620,203
875,21,18,16844,16638,206
876,20,24,16864,16662,202
877,23,16,16887,16678,209
878,14,15,16901,16693,208
879,15,17,16916,16710,206
880,19,17,16935,16727,208
881,18,19,16953,16746,207
882,16,21,16969,16767,202
883,17,15,16986,16782,204
884,20,17,17006,16799,207
885,19,21,17025,16820,205
886,17,17,17042,16837,205
887,13,17,17055,16854,201
888,21,20,17076,16874,202
889,20,13,17096,16887,209
890,16,17,17112,16904,208
891,17,21,17129,16925,204
892,21,18,17150,16943,207
893,14,23,17164,16966,198
894,25,18,17189,16984,205
895,23,21,17212,17005,207
896,29,34,17241,17039,202
897,19,28,17260,17067,193
898,19,46,17279,17113,166
899,18,52,17297,17165,132
900,17,36,17314,17201,113
901,19,40,17333,17241,92
902,18,44,17351,17285,66
903,15,37,17366,17322,44
904,17,40,17383,17362,21
905,20,44,17403,17406,-3
906,18,38,17421,17444,-23
907,15,35,17436,17479,-43
908,21,37,17457,17516,-59
909,12,47,17469,17563,-94
910,24,36,17493,17599,-106
911,15,29,17508,17628,-120
912,21,38,17529,17666,-137
913,21,35,17550,17701,-151
914,20,32,17570,17733,-163
915,14,35,17584,17768,-184
916,19,18,17603,17786,-183
917,19,20,17622,17806,-184
918,16,18,17638,17824,-186
919,18,21,17656,17845,-189
920,21,18,17677,17863,-186
921,19,22,17696,17885,-189
922,18,27,17714,17912,-198
923,18,23,17732,17935,-203
924,20,30,17752,17965,-213
925,15,34,17767,17999,-232
926,14,16,17781,18015,-234
927,16,17,17797,18032,-235
928,26,14,17823,18046,-223
929,17,20,17840,18066,-226
930,19,18,17859,18084,-225
931,16,16,17875,18100,-225
932,16,20,17891,18120,-229
933,15,19,17906,18139,-233
934,19,15,17925,18154,-229
935,20,18,17945,18172,-227
936,19,16,17964,18188,-224
937,20,15,17984,18203,-219
938,20,21,18004,18224,-220
939,13,15,18017,18239,-222
940,19,18,18036,18257,-221
941,20,24,18056,18281,-225
942,20,20,18076,18301,-225
943,20,18,18096,18319,-223
944,13,14,18109,18333,-224
945,16,15,18125,18348,-223
946,18,19,18143,18367,-224
947,20,20,18163,18387,-224
948,16,20,18179,18407,-228
949,21,15,18200,18422,-222
950,22,18,18222,18440,-218
951,15,15,18237,18455,-218
952,17,21,18254,18476,-222
953,13,19,18267,18495,-228
954,17,14,18284,18509,-225
955,19,20,18303,18529,-226
956,19,20,18322,18549,-227
957,16,21,18338,18570,-232
958,19,21,18357,18591,-234
959,20,15,18377,18606,-229
960,18,22,18395,18628,-233
961,21,17,18416,18645,-229
962,16,20,18432,18665,-233
963,14,13,18446,18678,-232
964,18,17,18464,18695,-231
965,17,19,18481,18714,-233
966,17,21,18498,18735,-237
967,21,16,18519,18751,-232
968,18,18,18537,18769,-232
969,24,14,18561,18783,-222
970,17,25,18578,18808,-230
971,19,15,18597,18823,-226
972,15,13,18612,18836,-224
973,16,19,18628,18855,-227
974,16,14,18644,18869,-225
975,40,25,18684,18894,-210
976,13,18,18697,18912,-215
977,27,21,18724,18933,-209
978,14,17,18738,18950,-212
979,16,17,18754,18967,-213
980,20,15,18774,18982,-208
981,15,18,18789,19000,-211
982,19,19,18808,19019,-211
983,14,17,18822,19036,-214
984,20,16,18842,19052,-210
985,18,21,18860,19073,-213
986,21,19,18881,19092,-211
987,20,17,18901,19109,-208
988,16,20,18917,19129,-212
989,13,23,18930,19152,-222
990,18,14,18948,19166,-218
991,25,19,18973,19185,-212
992,15,20,18988,19205,-217
993,16,15,19004,19220,-216
994,19,18,19023,19238,-215
995,27,23,19050,19261,-211
996,15,20,19065,19281,-216
997,18,10,19083,19291,-208
998,15,16,19098,19307,-209
999,16,21,19114,19328,-214
1000,17,20,19131,19348,-217
1001,19,17,19150,19365,-215
1002,19,18,19169,19383,-214
1003,23,20,19192,19403,-211
1004,18,17,19210,19420,-210
1005,14,15,19224,19435,-211
1006,18,22,19242,19457,-215
1007,16,19,19258,19476,-218
1008,16,13,19274,19489,-215
1009,20,15,19294,19504,-210
1010,16,24,19310,19528,-218
1011,22,19,19332,19547,-215
1012,16,17,19348,19564,-216
1013,21,19,19369,19583,-214
1014,17,14,19386,19597,-211
1015,18,18,19404,19615,-211
1016,17,20,19421,19635,-214
1017,19,17,19440,19652,-212
1018,19,22,19459,19674,-215
1019,18,12,19477,19686,-209
1020,19,16,19496,19702,-206
1021,14,21,19510,19723,-213
1022,15,16,19525,19739,-214
1023,20,14,19545,19753,-208
1024,16,20,19561,19773,-212
1025,21,22,19582,19795,-213
1026,15,19,19597,19814,-217
1027,18,19,19615,19833,-218
1028,17,14,19632,19847,-215
1029,21,16,19653,19863,-210
1030,18,19,19671,19882,-211
1031,22,19,19693,19901,-208
1032,19,18,19712,19919,-207
1033,18,23,19730,19942,-212
1034,18,15,19748,19957,-209
1035,13,21,19761,19978,-217
1036,21,16,19782,19994,-212
1037,14,20,19796,20014,-218
1038,22,18,19818,20032,-214
1039,14,18,19832,20050,-218
1040,20,19,19852,20069,-217
1041,18,19,19870,20088,-218
1042,18,18,19888,20106,-218
1043,17,13,19905,20119,-214
1044,19,18,19924,20137,-213
1045,16,23,19940,20160,-220
1046,24,17,19964,20177,-213
1047,23,21,19987,20198,-211
1048,15,20,20002,20218,-216
1049,14,16,20016,20234,-218
1050,17,21,20033,20255,-222
1051,17,18,20050,20273,-223
1052,20,13,20070,20286,-216
1053,12,15,20082,20301,-219
1054,21,18,20103,20319,-216
1055,16,21,20119,20340,-221
1056,24,15,20143,20355,-212
1057,15,17,20158,20372,-214
1058,21,19,20179,20391,-212
1059,14,20,20193,20411,-218
1060,21,19,20214,20430,-216
1061,22,12,20236,20442,-206
1062,18,18,20254,20460,-206
1063,16,21,20270,20481,-211
1064,16,19,20286,20500,-214
1065,18,19,20304,20519,-215
1066,19,17,20323,20536,-213
1067,16,15,20339,20551,-212
1068,20,22,20359,20573,-214
1069,20,20,20379,20593,-214
1070,17,16,20396,20609,-213
1071,16,16,20412,20625,-213
1072,18,16,20430,20641,-211
1073,18,21,20448,20662,-214
1074,17,13,20465,20675,-210
1075,21,22,20486,20697,-211
1076,16,21,20502,20718,-216
1077,13,17,20515,20735,-220
1078,15,19,20530,20754,-224
1079,19,13,20549,20767,-218
1080,23,15,20572,20782,-210
1081,20,19,20592,20801,-209
1082,19,24,20611,20825,-214
1083,20,20,20631,20845,-214
1084,16,15,20647,20860,-213
1085,18,18,20665,20878,-213
1086,17,19,20682,20897,-215
1087,18,18,20700,20915,-215
1088,18,18,20718,20933,-215
1089,16,13,20734,20946,-212
1090,20,21,20754,20967,-213
1091,22,22,20776,20989,-213
1092,13,16,20789,21005,-216
1093,16,17,20805,21022,-217
1094,22,18,20827,21040,-213
1095,20,21,20847,21061,-214
1096,15,19,20862,21080,-218
1097,15,15,20877,21095,-218
1098,21,22,20898,21117,-219
1099,17,13,20915,21130,-215
1100,16,20,20931,21150,-219
1101,18,18,20949,21168,-219
1102,18,17,20967,21185,-218
1103,18,14,20985,21199,-214
1104,22,25,21007,21224,-217
1105,15,19,21022,21243,-221
1106,18,15,21040,21258,-218
1107,16,17,21056,21275,-219
1108,24,19,21080,21294,-214
1109,16,16,21096,21310,-214
1110,19,22,21115,21332,-217
1111,15,18,21130,21350,-220
1112,18,14,21148,21364,-216
1113,18,14,21166,21378,-212
1114,18,16,21184,21394,-210
1115,21,25,21205,21419,-214
1116,17,22,21222,21441,-219
1117,19,12,21241,21453,-212
1118,16,13,21257,21466,-209
1119,21,9,21278,21475,-197
1120,19,28,21297,21503,-206
1121,17,25,21314,21528,-214
1122,20,24,21334,21552,-218
1123,15,24,21349,21576,-227
1124,14,22,21363,21598,-235
1125,13,3,21376,21601,-225
1126,20,0,21396,21601,-205
1127,21,0,21417,21601,-184
1128,21,0,21438,21601,-163
1129,18,0,21456,21601,-145
1130,14,0,21470,21601,-131
1131,21,0,21491,21601,-110
1132,20,0,21511,21601,-90
1133,18,0,21529,21601,-72
1134,16,0,21545,21601,-56
1135,16,0,21561,21601,-40
1136,24,0,21585,21601,-16
1137,17,0,21602,21601,1
1138,17,0,21619,21601,18
1139,15,0,21634,21601,33
1140,18,0,21652,21601,51
1141,22,0,21674,21601,73
1142,16,0,21690,21601,89
1143,18,0,21708,21601,107
1144,18,0,21726,21601,125
1145,17,0,21743,21601,142
1146,15,0,21758,21601,157
1147,22,0,21780,21601,179
1148,17,0,21797,21601,196
1149,15,0,21812,21601,211
1150,17,0,21829,21601,228
1151,20,0,21849,21601,248
1152,16,0,21865,21601,264
1153,21,0,21886,21601,285
1154,16,0,21902,21601,301
1155,25,0,21927,21601,326
1156,18,0,21945,21601,344
1157,17,0,21962,21601,361
1158,17,0,21979,21601,378
1159,16,0,21995,21601,394
1160,15,0,22010,21601,409
1161,22,0,22032,21601,431
1162,19,0,22051,21601,450
1163,14,0,22065,21601,464
1164,19,0,22084,21601,483
1165,18,0,22102,21601,501
1166,20,0,22122,21601,521
1167,26,0,22148,21601,547
1168,11,0,22159,21601,558
1169,15,0,22174,21601,573
1170,23,0,22197,21601,596
1171,14,0,22211,21601,610
1172,18,0,22229,21601,628
1173,21,0,22250,21601,649
1174,16,0,22266,21601,665
1175,20,0,22286,21601,685
1176,15,0,22301,21601,700
1177,18,0,22319,21601,718
1178,16,0,22335,21601,734
1179,21,0,22356,21601,755
1180,20,0,22376,21601,775
1181,18,0,22394,21601,793
1182,20,0,22414,21601,813
1183,16,0,22430,21601,829
1184,19,0,22449,21601,848
1185,14,0,22463,21601,862
1186,17,0,22480,21601,879
1187,19,0,22499,21601,898
1188,18,0,22517,21601,916
1189,17,0,22534,21601,933
1190,17,0,22551,21601,950
1191,17,0,22568,21601,967
1192,21,0,22589,21601,988
1193,18,0,22607,21601,1006
1194,20,0,22627,21601,1026
1195,14,0,22641,21601,1040
1196,17,0,22658,21601,1057
1197,17,0,22675,21601,1074
1198,18,0,22693,21601,1092
1199,20,0,22713,21601,1112
1200,17,0,22730,21601,1129
1201,20,0,22750,21601,1149
1202,20,0,22770,21601,1169
1203,18,0,22788,21601,1187
1204,15,0,22803,21601,1202
1205,20,0,22823,21601,1222
1206,19,0,22842,21601,1241
1207,19,0,22861,21601,1260
1208,19,0,22880,21601,1279
1209,14,0,22894,21601,1293
1210,15,0,22909,21601,1308
1211,21,0,22930,21601,1329
1212,17,0,22947,21601,1346
1213,21,0,22968,21601,1367
1214,18,0,22986,21601,1385
1215,17,0,23003,21601,1402
1216,25,0,23028,21601,1427
1217,15,0,23043,21601,1442
1218,15,0,23058,21601,1457
1219,22,0,23080,21601,1479
1220,19,0,23099,21601,1498
1221,19,0,23118,21601,1517
1222,21,0,23139,21601,1538
1223,15,0,23154,21601,1553
1224,19,0,23173,21601,1572
1225,13,0,23186,21601,1585
1226,17,0,23203,21601,1602
1227,20,0,23223,21601,1622
1228,19,0,23242,21601,1641
1229,20,0,23262,21601,1661
1230,20,0,23282,21601,1681
1231,18,0,23300,21601,1699
1232,13,0,23313,21601,1712
1233,24,0,23337,21601,1736
1234,15,0,23352,21601,1751
1235,18,0,23370,21601,1769
1236,16,0,23386,21601,1785
1237,14,0,23400,21601,1799
1238,16,0,23416,21601,1815
1239,18,0,23434,21601,1833
1240,26,0,23460,21601,1859
1241,21,0,23481,21601,1880
1242,16,0,23497,21601,1896
1243,15,0,23512,21601,1911
1244,16,0,23528,21601,1927
1245,20,0,23548,21601,1947
1246,17,0,23565,21601,1964
1247,18,0,23583,21601,1982
1248,14,0,23597,21601,1996
1249,21,0,23618,21601,2017
1250,17,0,23635,21601,2034
1251,22,0,23657,21601,2056
1252,21,0,23678,21601,2077
1253,12,0,23690,21601,2089
1254,17,0,23707,21601,2106
1255,21,0,23728,21601,2127
1256,16,0,23744,21601,2143
1257,16,0,23760,21601,2159
1258,24,0,23784,21601,2183
1259,21,0,23805,21601,2204
1260,16,0,23821,21601,2220
1261,10,0,23831,21601,2230
1262,18,0,23849,21601,2248
1263,26,0,23875,21601,2274
1264,18,0,23893,21601,2292
1265,16,0,23909,21601,2308
1266,15,0,23924,21601,2323
1267,19,0,23943,21601,2342
1268,17,0,23960,21601,2359
1269,21,0,23981,21601,2380
1270,18,0,23999,21601,2398
1271,17,0,24016,21601,2415
1272,16,0,24032,21601,2431
1273,13,0,24045,21601,2444
1274,24,0,24069,21601,2468
1275,17,0,24086,21601,2485
1276,15,0,24101,21601,2500
1277,19,0,24120,21601,2519
1278,20,0,24140,21601,2539
1279,14,0,24154,21601,2553
1280,24,0,24178,21601,2577
1281,17,0,24195,21601,2594
1282,16,0,24211,21601,2610
1283,19,0,24230,21601,2629
1284,17,0,24247,21601,2646
1285,20,0,24267,21601,2666
1286,20,0,24287,21601,2686
1287,17,0,24304,21601,2703
1288,21,0,24325,21601,2724
1289,15,0,24340,21601,2739
1290,16,0,24356,21601,2755
1291,18,0,24374,21601,2773
1292,22,0,24396,21601,2795
1293,18,0,24414,21601,2813
1294,18,0,24432,21601,2831
1295,17,0,24449,21601,2848
1296,16,0,24465,21601,2864
1297,22,0,24487,21601,2886
1298,14,0,24501,21601,2900
1299,18,0,24519,21601,2918
1300,19,0,24538,21601,2937
1301,19,0,24557,21601,2956
1302,12,0,24569,21601,2968
1303,19,0,24588,21601,2987
1304,20,0,24608,21601,3007
1305,20,0,24628,21601,3027
1306,18,0,24646,21601,3045
1307,19,0,24665,21601,3064
1308,15,0,24680,21601,3079
1309,18,0,24698,21601,3097
1310,17,0,24715,21601,3114
1311,21,0,24736,21601,3135
1312,18,0,24754,21601,3153
1313,17,0,24771,21601,3170
1314,20,0,24791,21601,3190
1315,17,0,24808,21601,3207
1316,19,0,24827,21601,3226
1317,17,0,24844,21601,3243
1318,20,0,24864,21601,3263
1319,15,0,24879,21601,3278
1320,17,0,24896,21601,3295
1321,21,0,24917,21601,3316
1322,20,0,24937,21601,3336
1323,16,0,24953,21601,3352
1324,18,0,24971,21601,3370
1325,16,0,24987,21601,3386
1326,21,0,25008,21601,3407
1327,17,0,25025,21601,3424
1328,16,0,25041,21601,3440
1329,16,0,25057,21601,3456
1330,16,0,25073,21601,3472
1331,20,0,25093,21601,3492
1332,20,0,25113,21601,3512
1333,21,0,25134,21601,3533
1334,20,0,25154,21601,3553
1335,13,0,25167,21601,3566
1336,16,0,25183,21601,3582
1337,17,0,25200,21601,3599
1338,17,0,25217,21601,3616
1339,20,0,25237,21601,3636
1340,16,0,25253,21601,3652
1341,25,0,25278,21601,3677
1342,17,0,25295,21601,3694
1343,16,0,25311,21601,3710
1344,18,0,25329,21601,3728
1345,18,0,25347,21601,3746
1346,18,0,25365,21601,3764
1347,16,0,25381,21601,3780
1348,19,0,25400,21601,3799
1349,18,0,25418,21601,3817
1350,19,0,25437,21601,3836
1351,20,0,25457,21601,3856
1352,16,0,25473,21601,3872
1353,19,0,25492,21601,3891
1354,17,0,25509,21601,3908
1355,20,0,25529,21601,3928
1356,13,0,25542,21601,3941
1357,22,0,25564,21601,3963
1358,19,0,25583,21601,3982
1359,14,0,25597,21601,3996
1360,24,0,25621,21601,4020
1361,15,0,25636,21601,4035
1362,20,0,25656,21601,4055
1363,18,0,25674,21601,4073
1364,17,0,25691,21601,4090
1365,18,0,25709,21601,4108
1366,17,0,25726,21601,4125
1367,23,0,25749,21601,4148
1368,14,0,25763,21601,4162
1369,12,0,25775,21601,4174
1370,20,0,25795,21601,4194
1371,21,0,25816,21601,4215
1372,18,0,25834,21601,4233
1373,17,0,25851,21601,4250
1374,19,0,25870,21601,4269
1375,17,0,25887,21601,4286
1376,18,0,25905,21601,4304
1377,17,0,25922,21601,4321
1378,19,0,25941,21601,4340
1379,17,0,25958,21601,4357
1380,19,0,25977,21601,4376
1381,21,0,25998,21601,4397
1382,20,0,26018,21601,4417
1383,13,0,26031,21601,4430
1384,19,0,26050,21601,4449
1385,16,0,26066,21601,4465
1386,19,0,26085,21601,4484
1387,19,0,26104,21601,4503
1388,15,0,26119,21601,4518
1389,19,0,26138,21601,4537
1390,21,0,26159,21601,4558
1391,20,0,26179,21601,4578
1392,16,0,26195,21601,4594
1393,15,0,26210,21601,4609
1394,21,0,26231,21601,4630
1395,21,0,26252,21601,4651
1396,16,0,26268,21601,4667
1397,14,0,26282,21601,4681
1398,16,0,26298,21601,4697
1399,16,0,26314,21601,4713
1400,21,0,26335,21601,4734
1401,25,0,26360,21601,4759
1402,14,0,26374,21601,4773
1403,20,0,26394,21601,4793
1404,12,0,26406,21601,4805
1405,21,0,26427,21601,4826
1406,16,0,26443,21601,4842
1407,19,0,26462,21601,4861
1408,16,0,26478,21601,4877
1409,17,0,26495,21601,4894
1410,18,0,26513,21601,4912
1411,24,0,26537,21601,4936
1412,17,0,26554,21601,4953
1413,17,0,26571,21601,4970
1414,18,0,26589,21601,4988
1415,17,0,26606,21601,5005
1416,11,0,26617,21601,5016
1417,25,0,26642,21601,5041
1418,20,0,26662,21601,5061
1419,17,0,26679,21601,5078
1420,21,0,26700,21601,5099
1421,19,0,26719,21601,5118
1422,14,0,26733,21601,5132
1423,19,0,26752,21601,5151
1424,21,0,26773,21601,5172
1425,16,0,26789,21601,5188
1426,19,0,26808,21601,5207
1427,18,0,26826,21601,5225
1428,19,0,26845,21601,5244
1429,19,0,26864,21601,5263
1430,17,0,26881,21601,5280
1431,18,0,26899,21601,5298
1432,20,0,26919,21601,5318
1433,14,0,26933,21601,5332
1434,13,0,26946,21601,5345
1435,20,0,26966,21601,5365
1436,19,0,26985,21601,5384
1437,16,0,27001,21601,5400
1438,21,0,27022,21601,5421
1439,18,0,27040,21601,5439
1440,18,0,27058,21601,5457
1441,17,0,27075,21601,5474
1442,22,0,27097,21601,5496
1443,11,0,27108,21601,5507
1444,17,0,27125,21601,5524
1445,19,0,27144,21601,5543
1446,19,0,27163,21601,5562
1447,21,0,27184,21601,5583
1448,21,0,27205,21601,5604
1449,11,0,27216,21601,5615
1450,18,0,27234,21601,5633
1451,22,0,27256,21601,5655
1452,19,0,27275,21601,5674
1453,20,0,27295,21601,5694
1454,14,0,27309,21601,5708
1455,20,0,27329,21601,5728
1456,21,0,27350,21601,5749
1457,19,0,27369,21601,5768
1458,16,0,27385,21601,5784
1459,16,0,27401,21601,5800
1460,16,0,27417,21601,5816
1461,19,0,27436,21601,5835
1462,16,0,27452,21601,5851
1463,20,0,27472,21601,5871
1464,15,0,27487,21601,5886
1465,19,0,27506,21601,5905
1466,19,0,27525,21601,5924
1467,14,0,27539,21601,5938
1468,24,0,27563,21601,5962
1469,19,0,27582,21601,5981
1470,18,0,27600,21601,5999
1471,18,0,27618,21601,6017
1472,18,0,27636,21601,6035
1473,18,0,27654,21601,6053
1474,18,0,27672,21601,6071
1475,23,0,27695,21601,6094
1476,12,0,27707,21601,6106
1477,16,0,27723,21601,6122
1478,19,0,27742,21601,6141
1479,19,0,27761,21601,6160
1480,18,0,27779,21601,6178
1481,16,0,27795,21601,6194
1482,20,0,27815,21601,6214
1483,15,0,27830,21601,6229
1484,17,0,27847,21601,6246
1485,19,0,27866,21601,6265
1486,19,0,27885,21601,6284
1487,23,0,27908,21601,6307
1488,16,0,27924,21601,6323
1489,16,0,27940,21601,6339
1490,14,0,27954,21601,6353
1491,21,0,27975,21601,6374
1492,15,0,27990,21601,6389
1493,20,0,28010,21601,6409
1494,18,0,28028,21601,6427
1495,19,0,28047,21601,6446
1496,18,0,28065,21601,6464
1497,20,0,28085,21601,6484
1498,14,0,28099,21601,6498
1499,21,0,28120,21601,6519
1500,19,0,28139,21601,6538
1501,12,0,28151,21601,6550
1502,19,0,28170,21601,6569
1503,20,0,28190,21601,6589
1504,18,0,28208,21601,6607
1505,18,0,28226,21601,6625
1506,20,0,28246,21601,6645
1507,22,0,28268,21601,6667
1508,15,0,28283,21601,6682
1509,18,0,28301,21601,6700
1510,17,0,28318,21601,6717
1511,24,0,28342,21601,6741
1512,14,0,28356,21601,6755
1513,17,0,28373,21601,6772
1514,14,0,28387,21601,6786
1515,19,0,28406,21601,6805
1516,19,0,28425,21601,6824
1517,22,0,28447,21601,6846
1518,18,0,28465,21601,6864
1519,19,0,28484,21601,6883
1520,14,0,28498,21601,6897
1521,17,0,28515,21601,6914
1522,20,0,28535,21601,6934
1523,19,0,28554,21601,6953
1524,15,0,28569,21601,6968
1525,20,0,28589,21601,6988
1526,18,0,28607,21601,7006
1527,20,0,28627,21601,7026
1528,21,0,28648,21601,7047
1529,16,0,28664,21601,7063
1530,22,0,28686,21601,7085
1531,20,0,28706,21601,7105
1532,14,0,28720,21601,7119
1533,15,0,28735,21601,7134
1534,18,0,28753,21601,7152
1535,22,0,28775,21601,7174
1536,19,0,28794,21601,7193
1537,18,0,28812,21601,7211
1538,15,0,28827,21601,7226
1539,19,0,28846,21601,7245
1540,18,0,28864,21601,7263
1541,17,0,28881,21601,7280
1542,17,0,28898,21601,7297
1543,16,0,28914,21601,7313
1544,19,0,28933,21601,7332
1545,17,0,28950,21601,7349
1546,17,0,28967,21601,7366
1547,19,0,28986,21601,7385
1548,24,0,29010,21601,7409
1549,15,0,29025,21601,7424
1550,19,0,29044,21601,7443
1551,19,0,29063,21601,7462
1552,22,0,29085,21601,7484
1553,16,0,29101,21601,7500
1554,15,0,29116,21601,7515
1555,13,0,29129,21601,7528
1556,22,0,29151,21601,7550
1557,23,0,29174,21601,7573
1558,18,0,29192,21601,7591
1559,23,0,29215,21601,7614
1560,21,0,29236,21601,7635
1561,15,0,29251,21601,7650
1562,12,0,29263,21601,7662
1563,20,0,29283,21601,7682
1564,23,0,29306,21601,7705
1565,15,0,29321,21601,7720
1566,14,0,29335,21601,7734
1567,16,0,29351,21601,7750
1568,20,0,29371,21601,7770
1569,22,0,29393,21601,7792
1570,19,0,29412,21601,7811
1571,14,0,29426,21601,7825
1572,20,0,29446,21601,7845
1573,20,0,29466,21601,7865
1574,17,0,29483,21601,7882
1575,18,0,29501,21601,7900
1576,23,0,29524,21601,7923
1577,13,0,29537,21601,7936
1578,15,0,29552,21601,7951
1579,20,0,29572,21601,7971
1580,18,0,29590,21601,7989
1581,19,0,29609,21601,8008
1582,18,0,29627,21601,8026
1583,19,0,29646,21601,8045
1584,16,0,29662,21601,8061
1585,18,0,29680,21601,8079
1586,15,0,29695,21601,8094
1587,21,0,29716,21601,8115
1588,14,0,29730,21601,8129
1589,21,0,29751,21601,8150
1590,17,0,29768,21601,8167
1591,19,0,29787,21601,8186
1592,18,0,29805,21601,8204
1593,20,0,29825,21601,8224
1594,16,0,29841,21601,8240
1595,17,0,29858,21601,8257
1596,19,0,29877,21601,8276
1597,19,0,29896,21601,8295
1598,19,0,29915,21601,8314
1599,21,0,29936,21601,8335
1600,18,0,29954,21601,8353
1601,17,0,29971,21601,8370
1602,16,0,29987,21601,8386
1603,15,0,30002,21601,8401
1604,20,0,30022,21601,8421
1605,17,0,30039,21601,8438
1606,15,0,30054,21601,8453
1607,15,0,30069,21601,8468
1608,22,0,30091,21601,8490
1609,19,0,30110,21601,8509
1610,20,0,30130,21601,8529
1611,17,0,30147,21601,8546
1612,18,0,30165,21601,8564
1613,14,0,30179,21601,8578
1614,21,0,30200,21601,8599
1615,20,0,30220,21601,8619
1616,15,0,30235,21601,8634
1617,19,0,30254,21601,8653
1618,20,0,30274,21601,8673
1619,20,0,30294,21601,8693
1620,17,0,30311,21601,8710
1621,15,0,30326,21601,8725
1622,19,0,30345,21601,8744
1623,20,0,30365,21601,8764
1624,17,0,30382,21601,8781
1625,15,0,30397,21601,8796
1626,12,0,30409,21601,8808
1627,26,0,30435,21601,8834
1628,17,0,30452,21601,8851
1629,19,0,30471,21601,8870
1630,20,0,30491,21601,8890
1631,16,0,30507,21601,8906
1632,16,0,30523,21601,8922
1633,21,0,30544,21601,8943
1634,18,0,30562,21601,8961
1635,16,0,30578,21601,8977
1636,17,0,30595,21601,8994
1637,18,0,30613,21601,9012
1638,21,0,30634,21601,9033
1639,14,0,30648,21601,9047
1640,20,0,30668,21601,9067
1641,15,0,30683,21601,9082
1642,21,0,30704,21601,9103
1643,17,0,30721,21601,9120
1644,20,0,30741,21601,9140
1645,19,0,30760,21601,9159
1646,18,0,30778,21601,9177
1647,20,0,30798,21601,9197
1648,20,0,30818,21601,9217
1649,20,0,30838,21601,9237
1650,18,0,30856,21601,9255
1651,19,0,30875,21601,9274
1652,19,0,30894,21601,9293
1653,18,0,30912,21601,9311
1654,16,0,30928,21601,9327
1655,15,0,30943,21601,9342
1656,20,0,30963,21601,9362
1657,17,0,30980,21601,9379
1658,16,0,30996,21601,9395
1659,14,0,31010,21601,9409
1660,20,0,31030,21601,9429
1661,20,0,31050,21601,9449
1662,16,0,31066,21601,9465
1663,17,0,31083,21601,9482
1664,20,0,31103,21601,9502
1665,18,0,31121,21601,9520
1666,20,0,31141,21601,9540
1667,15,0,31156,21601,9555
1668,20,0,31176,21601,9575
1669,17,0,31193,21601,9592
1670,17,0,31210,21601,9609
1671,22,0,31232,21601,9631
1672,18,0,31250,21601,9649
1673,15,0,31265,21601,9664
1674,20,0,31285,21601,9684
1675,21,0,31306,21601,9705
1676,16,0,31322,21601,9721
1677,15,0,31337,21601,9736
1678,20,0,31357,21601,9756
1679,18,0,31375,21601,9774
1680,15,0,31390,21601,9789
1681,15,0,31405,21601,9804
1682,23,0,31428,21601,9827
1683,19,0,31447,21601,9846
1684,22,0,31469,21601,9868
1685,21,0,31490,21601,9889
1686,16,0,31506,21601,9905
1687,21,0,31527,21601,9926
1688,15,0,31542,21601,9941
1689,16,0,31558,21601,9957
1690,17,0,31575,21601,9974
1691,16,0,31591,21601,9990
1692,20,0,31611,21601,10010
1693,16,0,31627,21601,10026
1694,18,0,31645,21601,10044
1695,20,0,31665,21601,10064
1696,19,0,31684,21601,10083
1697,15,0,31699,21601,10098
1698,18,0,31717,21601,10116
1699,21,0,31738,21601,10137
1700,15,0,31753,21601,10152
1701,16,0,31769,21601,10168
1702,18,0,31787,21601,10186
1703,19,0,31806,21601,10205
1704,24,0,31830,21601,10229
1705,20,0,31850,21601,10249
1706,15,0,31865,21601,10264
1707,17,0,31882,21601,10281
1708,16,0,31898,21601,10297
1709,19,0,31917,21601,10316
1710,17,0,31934,21601,10333
1711,25,0,31959,21601,10358
1712,15,0,31974,21601,10373
1713,22,0,31996,21601,10395
1714,18,0,32014,21601,10413
1715,20,0,32034,21601,10433
1716,21,0,32055,21601,10454
1717,21,0,32076,21601,10475
1718,17,0,32093,21601,10492
1719,16,0,32109,21601,10508
1720,18,0,32127,21601,10526
1721,14,0,32141,21601,10540
1722,20,0,32161,21601,10560
1723,19,0,32180,21601,10579
1724,18,0,32198,21601,10597
1725,16,0,32214,21601,10613
1726,17,0,32231,21601,10630
1727,15,0,32246,21601,10645
1728,17,0,32263,21601,10662
1729,20,0,32283,21601,10682
1730,17,0,32300,21601,10699
1731,22,0,32322,21601,10721
1732,20,0,32342,21601,10741
1733,15,0,32357,21601,10756
1734,19,0,32376,21601,10775
1735,20,0,32396,21601,10795
1736,17,0,32413,21601,10812
1737,14,0,32427,21601,10826
1738,18,0,32445,21601,10844
1739,20,0,32465,21601,10864
1740,17,0,32482,21601,10881
1741,24,0,32506,21601,10905
1742,15,0,32521,21601,10920
1743,19,0,32540,21601,10939
1744,15,0,32555,21601,10954
1745,20,0,32575,21601,10974
1746,16,0,32591,21601,10990
1747,17,0,32608,21601,11007
1748,14,0,32622,21601,11021
1749,19,0,32641,21601,11040
1750,23,0,32664,21601,11063
1751,19,0,32683,21601,11082
1752,18,0,32701,21601,11100
1753,23,0,32724,21601,11123
1754,21,0,32745,21601,11144
1755,17,0,32762,21601,11161
1756,16,0,32778,21601,11177
1757,16,0,32794,21601,11193
1758,24,0,32818,21601,11217
1759,18,0,32836,21601,11235
1760,20,0,32856,21601,11255
1761,9,0,32865,21601,11264
1762,18,0,32883,21601,11282
1763,18,0,32901,21601,11300
1764,26,0,32927,21601,11326
1765,21,0,32948,21601,11347
1766,17,0,32965,21601,11364
1767,19,0,32984,21601,11383
1768,17,0,33001,21601,11400
1769,15,0,33016,21601,11415
1770,16,0,33032,21601,11431
1771,16,0,33048,21601,11447
1772,20,0,33068,21601,11467
1773,19,0,33087,21601,11486
1774,17,0,33104,21601,11503
1775,18,0,33122,21601,11521
1776,22,0,33144,21601,11543
1777,14,0,33158,21601,11557
1778,25,0,33183,21601,11582
1779,15,0,33198,21601,11597
1780,13,0,33211,21601,11610
1781,20,0,33231,21601,11630
1782,19,0,33250,21601,11649
1783,15,0,33265,21601,11664
1784,17,0,33282,21601,11681
1785,15,0,33297,21601,11696
1786,22,0,33319,21601,11718
1787,24,0,33343,21601,11742
1788,18,0,33361,21601,11760
1789,14,0,33375,21601,11774
1790,18,0,33393,21601,11792
1791,19,0,33412,21601,11811
1792,16,0,33428,21601,11827
1793,20,0,33448,21601,11847
1794,23,0,33471,21601,11870
1795,22,0,33493,21601,11892
1796,12,0,33505,21601,11904
1797,17,0,33522,21601,11921
1798,17,0,33539,21601,11938
1799,21,0,33560,21601,11959
1800,18,0,33578,21601,11977
1801,16,0,33594,21601,11993
1802,17,0,33611,21601,12010
1803,17,0,33628,21601,12027
1804,18,0,33646,21601,12045
1805,16,0,33662,21601,12061
1806,18,0,33680,21601,12079
1807,18,0,33698,21601,12097
1808,17,0,33715,21601,12114
1809,21,0,33736,21601,12135
1810,18,0,33754,21601,12153
1811,19,0,33773,21601,12172
1812,16,0,33789,21601,12188
1813,19,0,33808,21601,12207
1814,15,0,33823,21601,12222
1815,19,0,33842,21601,12241
1816,14,0,33856,21601,12255
1817,20,0,33876,21601,12275
1818,21,0,33897,21601,12296
1819,17,0,33914,21601,12313
1820,18,0,33932,21601,12331
1821,20,0,33952,21601,12351
1822,22,0,33974,21601,12373
1823,18,0,33992,21601,12391
1824,11,0,34003,21601,12402
1825,20,0,34023,21601,12422
1826,19,0,34042,21601,12441
1827,17,0,34059,21601,12458
1828,19,0,34078,21601,12477
1829,21,0,34099,21601,12498
1830,21,0,34120,21601,12519
1831,17,0,34137,21601,12536
1832,17,0,34154,21601,12553
1833,15,0,34169,21601,12568
1834,16,0,34185,21601,12584
1835,16,0,34201,21601,12600
1836,19,0,34220,21601,12619
1837,20,0,34240,21601,12639
1838,14,0,34254,21601,12653
1839,17,0,34271,21601,12670
1840,19,0,34290,21601,12689
1841,20,0,34310,21601,12709
1842,18,0,34328,21601,12727
1843,16,0,34344,21601,12743
1844,23,0,34367,21601,12766
1845,16,0,34383,21601,12782
1846,23,0,34406,21601,12805
1847,20,0,34426,21601,12825
1848,15,0,34441,21601,12840
1849,17,0,34458,21601,12857
1850,19,0,34477,21601,12876
1851,12,0,34489,21601,12888
1852,19,0,34508,21601,12907
1853,20,0,34528,21601,12927
1854,20,0,34548,21601,12947
1855,14,0,34562,21601,12961
1856,20,0,34582,21601,12981
1857,17,0,34599,21601,12998
1858,21,0,34620,21601,13019
1859,15,0,34635,21601,13034
1860,19,0,34654,21601,13053
1861,20,0,34674,21601,13073
1862,13,0,34687,21601,13086
1863,16,0,34703,21601,13102
1864,18,0,34721,21601,13120
1865,23,0,34744,21601,13143
1866,19,0,34763,21601,13162
1867,17,0,34780,21601,13179
1868,15,0,34795,21601,13194
1869,20,0,34815,21601,13214
1870,20,0,34835,21601,13234
1871,16,0,34851,21601,13250
1872,19,0,34870,21601,13269
1873,17,0,34887,21601,13286
1874,18,0,34905,21601,13304
1875,19,0,34924,21601,13323
1876,18,0,34942,21601,13341
1877,21,0,34963,21601,13362
1878,16,0,34979,21601,13378
1879,16,0,34995,21601,13394
1880,19,0,35014,21601,13413
1881,20,0,35034,21601,13433
1882,21,0,35055,21601,13454
1883,13,0,35068,21601,13467
1884,17,0,35085,21601,13484
1885,19,0,35104,21601,13503
1886,16,0,35120,21601,13519
1887,15,0,35135,21601,13534
1888,20,0,35155,21601,13554
1889,20,0,35175,21601,13574
1890,17,0,35192,21601,13591
1891,25,0,35217,21601,13616
1892,17,0,35234,21601,13633
1893,15,0,35249,21601,13648
1894,17,0,35266,21601,13665
1895,17,0,35283,21601,13682
1896,16,0,35299,21601,13698
1897,22,0,35321,21601,13720
1898,16,0,35337,21601,13736
1899,21,0,35358,21601,13757
1900,17,0,35375,21601,13774
1901,16,0,35391,21601,13790
1902,21,0,35412,21601,13811
1903,16,0,35428,21601,13827
1904,16,0,35444,21601,13843
1905,19,0,35463,21601,13862
1906,22,0,35485,21601,13884
1907,16,0,35501,21601,13900
1908,16,0,35517,21601,13916
1909,19,0,35536,21601,13935
1910,19,0,35555,21601,13954
1911,15,0,35570,21601,13969
1912,19,0,35589,21601,13988
1913,16,0,35605,21601,14004
1914,20,0,35625,21601,14024
1915,18,0,35643,21601,14042
1916,18,0,35661,21601,14060
1917,19,0,35680,21601,14079
1918,16,0,35696,21601,14095
1919,22,0,35718,21601,14117
1920,22,0,35740,21601,14139
1921,12,0,35752,21601,14151
1922,19,0,35771,21601,14170
1923,15,0,35786,21601,14185
1924,24,0,35810,21601,14209
1925,15,0,35825,21601,14224
1926,19,0,35844,21601,14243
1927,17,0,35861,21601,14260
1928,15,0,35876,21601,14275
1929,21,0,35897,21601,14296
1930,19,0,35916,21601,14315
1931,21,0,35937,21601,14336
1932,14,0,35951,21601,14350
1933,17,0,35968,21601,14367
1934,18,0,35986,21601,14385
1935,18,0,36004,21601,14403
1936,18,0,36022,21601,14421
1937,18,0,36040,21601,14439
1938,22,0,36062,21601,14461
1939,17,0,36079,21601,14478
1940,19,0,36098,21601,14497
1941,19,0,36117,21601,14516
1942,20,0,36137,21601,14536
1943,13,0,36150,21601,14549
1944,26,0,36176,21601,14575
1945,11,0,36187,21601,14586
1946,19,0,36206,21601,14605
1947,15,0,36221,21601,14620
1948,13,0,36234,21601,14633
1949,18,0,36252,21601,14651
1950,23,0,36275,21601,14674
1951,22,0,36297,21601,14696
1952,17,0,36314,21601,14713
1953,19,0,36333,21601,14732
1954,19,0,36352,21601,14751
1955,19,0,36371,21601,14770
1956,13,0,36384,21601,14783
1957,17,0,36401,21601,14800
1958,16,0,36417,21601,14816
1959,17,0,36434,21601,14833
1960,18,0,36452,21601,14851
1961,18,0,36470,21601,14869
1962,20,0,36490,21601,14889
1963,20,0,36510,21601,14909
1964,18,0,36528,21601,14927
1965,18,0,36546,21601,14945
1966,21,0,36567,21601,14966
1967,15,0,36582,21601,14981
1968,19,0,36601,21601,15000
1969,11,0,36612,21601,15011
1970,22,0,36634,21601,15033
1971,17,0,36651,21601,15050
1972,21,0,36672,21601,15071
1973,21,0,36693,21601,15092
1974,15,0,36708,21601,15107
1975,14,0,36722,21601,15121
1976,19,0,36741,21601,15140
1977,22,0,36763,21601,15162
1978,20,0,36783,21601,15182
1979,15,0,36798,21601,15197
1980,13,0,36811,21601,15210
1981,18,0,36829,21601,15228
1982,17,0,36846,21601,15245
1983,20,0,36866,21601,15265
1984,22,0,36888,21601,15287
1985,17,0,36905,21601,15304
1986,13,0,36918,21601,15317
1987,24,0,36942,21601,15341
1988,13,0,36955,21601,15354
1989,24,0,36979,21601,15378
1990,20,0,36999,21601,15398
1991,16,0,37015,21601,15414
1992,17,0,37032,21601,15431
1993,12,0,37044,21601,15443
1994,18,0,37062,21601,15461
1995,20,0,37082,21601,15481
1996,19,0,37101,21601,15500
1997,18,0,37119,21601,15518
1998,17,0,37136,21601,15535
1999,19,0,37155,21601,15554
2000,21,0,37176,21601,15575
2001,20,0,37196,21601,15595
2002,17,0,37213,21601,15612
2003,12,0,37225,21601,15624
2004,20,0,37245,21601,15644
2005,16,0,37261,21601,15660
2006,19,0,37280,21601,15679
2007,26,0,37306,21601,15705
2008,16,0,37322,21601,15721
2009,14,0,37336,21601,15735
2010,26,0,37362,21601,15761
2011,9,0,37371,21601,15770
2012,20,0,37391,21601,15790
2013,19,0,37410,21601,15809
2014,18,0,37428,21601,15827
2015,16,0,37444,21601,15843
2016,17,0,37461,21601,15860
2017,22,0,37483,21601,15882
2018,18,0,37501,21601,15900
2019,21,0,37522,21601,15921
2020,24,0,37546,21601,15945
2021,17,0,37563,21601,15962
2022,16,0,37579,21601,15978
2023,15,0,37594,21601,15993
2024,17,0,37611,21601,16010
2025,20,0,37631,21601,16030
2026,20,0,37651,21601,16050
2027,16,0,37667,21601,16066
2028,18,0,37685,21601,16084
2029,19,0,37704,21601,16103
2030,18,0,37722,21601,16121
2031,18,0,37740,21601,16139
2032,17,0,37757,21601,16156
2033,16,0,37773,21601,16172
2034,23,0,37796,21601,16195
2035,19,0,37815,21601,16214
2036,18,0,37833,21601,16232
2037,17,0,37850,21601,16249
2038,17,0,37867,21601,16266
2039,16,0,37883,21601,16282
2040,18,0,37901,21601,16300
2041,20,0,37921,21601,16320
2042,17,0,37938,21601,16337
2043,17,0,37955,21601,16354
2044,19,0,37974,21601,16373
2045,20,0,37994,21601,16393
2046,16,0,38010,21601,16409
2047,19,0,38029,21601,16428
2048,20,0,38049,21601,16448
2049,17,0,38066,21601,16465
2050,17,0,38083,21601,16482
2051,15,0,38098,21601,16497
2052,23,0,38121,21601,16520
2053,15,0,38136,21601,16535
2054,17,0,38153,21601,16552
2055,18,0,38171,21601,16570
2056,19,0,38190,21601,16589
2057,15,0,38205,21601,16604
2058,22,0,38227,21601,16626
2059,18,0,38245,21601,16644
2060,20,0,38265,21601,16664
2061,13,0,38278,21601,16677
2062,18,0,38296,21601,16695
2063,20,0,38316,21601,16715
2064,17,0,38333,21601,16732
2065,19,0,38352,21601,16751
2066,17,0,38369,21601,16768
2067,19,0,38388,21601,16787
2068,20,0,38408,21601,16807
2069,13,0,38421,21601,16820
2070,19,0,38440,21601,16839
2071,18,0,38458,21601,16857
2072,21,0,38479,21601,16878
2073,20,0,38499,21601,16898
2074,18,0,38517,21601,16916
2075,26,0,38543,21601,16942
2076,21,0,38564,21601,16963
2077,19,0,38583,21601,16982
2078,16,0,38599,21601,16998
2079,20,0,38619,21601,17018
2080,20,0,38639,21601,17038
2081,16,0,38655,21601,17054
2082,14,0,38669,21601,17068
2083,19,0,38688,21601,17087
2084,23,0,38711,21601,17110
2085,16,0,38727,21601,17126
2086,17,0,38744,21601,17143
2087,17,0,38761,21601,17160
2088,19,0,38780,21601,17179
2089,21,0,38801,21601,17200
2090,17,0,38818,21601,17217
2091,20,0,38838,21601,17237
2092,11,0,38849,21601,17248
2093,20,0,38869,21601,17268
2094,18,0,38887,21601,17286
2095,22,0,38909,21601,17308
2096,18,0,38927,21601,17326
2097,21,0,38948,21601,17347
2098,14,0,38962,21601,17361
2099,18,0,38980,21601,17379
2100,16,0,38996,21601,17395
2101,17,0,39013,21601,17412
2102,19,0,39032,21601,17431
2103,20,0,39052,21601,17451
2104,16,0,39068,21601,17467
2105,14,0,39082,21601,17481
2106,19,0,39101,21601,17500
2107,20,0,39121,21601,17520
2108,18,0,39139,21601,17538
2109,17,0,39156,21601,17555
2110,17,0,39173,21601,17572
2111,19,0,39192,21601,17591
2112,19,0,39211,21601,17610
2113,16,0,39227,21601,17626
2114,21,0,39248,21601,17647
2115,16,0,39264,21601,17663
2116,23,0,39287,21601,17686
2117,18,0,39305,21601,17704
2118,17,0,39322,21601,17721
2119,15,0,39337,21601,17736
2120,23,0,39360,21601,17759
2121,14,0,39374,21601,17773
2122,17,0,39391,21601,17790
2123,21,0,39412,21601,17811
2124,16,0,39428,21601,17827
2125,18,0,39446,21601,17845
2126,19,0,39465,21601,17864
2127,19,0,39484,21601,17883
2128,17,0,39501,21601,17900
2129,18,0,39519,21601,17918
2130,17,0,39536,21601,17935
2131,20,0,39556,21601,17955
2132,20,0,39576,21601,17975
2133,17,0,39593,21601,17992
2134,17,0,39610,21601,18009
2135,15,0,39625,21601,18024
2136,18,0,39643,21601,18042
2137,19,0,39662,21601,18061
2138,16,0,39678,21601,18077
2139,19,0,39697,21601,18096
2140,16,0,39713,21601,18112
2141,20,0,39733,21601,18132
2142,25,0,39758,21601,18157
2143,14,0,39772,21601,18171
2144,15,0,39787,21601,18186
2145,17,0,39804,21601,18203
2146,19,0,39823,21601,18222
2147,19,0,39842,21601,18241
2148,17,0,39859,21601,18258
2149,18,0,39877,21601,18276
2150,22,0,39899,21601,18298
2151,16,0,39915,21601,18314
2152,17,0,39932,21601,18331
2153,20,0,39952,21601,18351
2154,16,0,39968,21601,18367
2155,18,0,39986,21601,18385
2156,22,0,40008,21601,18407
2157,16,0,40024,21601,18423
2158,17,0,40041,21601,18440
2159,12,0,40053,21601,18452
2160,21,0,40074,21601,18473
2161,20,0,40094,21601,18493
2162,20,0,40114,21601,18513
2163,12,0,40126,21601,18525
2164,19,0,40145,21601,18544
2165,21,0,40166,21601,18565
2166,13,0,40179,21601,18578
2167,19,0,40198,21601,18597
2168,20,0,40218,21601,18617
2169,20,0,40238,21601,18637
2170,20,0,40258,21601,18657
2171,15,0,40273,21601,18672
2172,16,0,40289,21601,18688
2173,18,0,40307,21601,18706
2174,20,0,40327,21601,18726
2175,22,0,40349,21601,18748
2176,13,0,40362,21601,18761
2177,22,0,40384,21601,18783
2178,14,0,40398,21601,18797
2179,18,0,40416,21601,18815
2180,20,0,40436,21601,18835
2181,16,0,40452,21601,18851
2182,17,0,40469,21601,18868
2183,19,0,40488,21601,18887
2184,21,0,40509,21601,18908
2185,19,0,40528,21601,18927
2186,15,0,40543,21601,18942
2187,20,0,40563,21601,18962
2188,20,0,40583,21601,18982
2189,18,0,40601,21601,19000
2190,19,0,40620,21601,19019
2191,20,0,40640,21601,19039
2192,21,0,40661,21601,19060
2193,18,0,40679,21601,19078
2194,20,0,40699,21601,19098
2195,23,0,40722,21601,19121
2196,18,0,40740,21601,19139
2197,16,0,40756,21601,19155
2198,15,0,40771,21601,19170
2199,17,0,40788,21601,19187
2200,21,0,40809,21601,19208
2201,15,0,40824,21601,19223
2202,20,0,40844,21601,19243
2203,24,0,40868,21601,19267
2204,15,0,40883,21601,19282
2205,10,0,40893,21601,19292
2206,22,0,40915,21601,19314
2207,17,0,40932,21601,19331
2208,19,0,40951,21601,19350
2209,20,0,40971,21601,19370
2210,20,0,40991,21601,19390
2211,18,0,41009,21601,19408
2212,14,0,41023,21601,19422
2213,19,0,41042,21601,19441
2214,17,0,41059,21601,19458
2215,23,0,41082,21601,19481
2216,13,0,41095,21601,19494
2217,20,0,41115,21601,19514
2218,14,0,41129,21601,19528
2219,20,0,41149,21601,19548
2220,19,0,41168,21601,19567
2221,19,0,41187,21601,19586
2222,18,0,41205,21601,19604
2223,18,0,41223,21601,19622
2224,17,0,41240,21601,19639
2225,15,0,41255,21601,19654
2226,19,0,41274,21601,19673
2227,23,0,41297,21601,19696
2228,18,0,41315,21601,19714
2229,19,0,41334,21601,19733
2230,15,0,41349,21601,19748
2231,17,0,41366,21601,19765
2232,15,0,41381,21601,19780
2233,18,0,41399,21601,19798
2234,20,0,41419,21601,19818
2235,16,0,41435,21601,19834
2236,20,0,41455,21601,19854
2237,18,0,41473,21601,19872
2238,17,0,41490,21601,19889
2239,16,0,41506,21601,19905
2240,20,0,41526,21601,19925
2241,16,0,41542,21601,19941
2242,22,0,41564,21601,19963
2243,15,0,41579,21601,19978
2244,19,0,41598,21601,19997
2245,20,0,41618,21601,20017
2246,24,0,41642,21601,20041
2247,19,0,41661,21601,20060
2248,11,0,41672,21601,20071
2249,20,0,41692,21601,20091
2250,20,0,41712,21601,20111
2251,22,0,41734,21601,20133
2252,20,0,41754,21601,20153
2253,18,0,41772,21601,20171
2254,21,0,41793,21601,20192
2255,17,0,41810,21601,20209
2256,17,0,41827,21601,20226
2257,14,0,41841,21601,20240
2258,21,0,41862,21601,20261
2259,15,0,41877,21601,20276
2260,17,0,41894,21601,20293
2261,17,0,41911,21601,20310
2262,27,0,41938,21601,20337
2263,12,0,41950,21601,20349
2264,17,0,41967,21601,20366
2265,16,0,41983,21601,20382
2266,23,0,42006,21601,20405
2267,22,0,42028,21601,20427
2268,16,0,42044,21601,20443
2269,18,0,42062,21601,20461
2270,19,0,42081,21601,20480
2271,15,0,42096,21601,20495
2272,13,0,42109,21601,20508
2273,20,0,42129,21601,20528
2274,19,0,42148,21601,20547
2275,21,0,42169,21601,20568
2276,18,0,42187,21601,20586
2277,15,0,42202,21601,20601
2278,22,0,42224,21601,20623
2279,14,0,42238,21601,20637
2280,18,0,42256,21601,20655
2281,18,0,42274,21601,20673
2282,16,0,42290,21601,20689
2283,21,0,42311,21601,20710
2284,17,0,42328,21601,20727
2285,17,0,42345,21601,20744
2286,18,0,42363,21601,20762
2287,21,0,42384,21601,20783
2288,23,0,42407,21601,20806
2289,15,0,42422,21601,20821
2290,15,0,42437,21601,20836
2291,17,0,42454,21601,20853
2292,18,0,42472,21601,20871
2293,19,0,42491,21601,20890
2294,17,0,42508,21601,20907
2295,18,0,42526,21601,20925
2296,13,0,42539,21601,20938
2297,25,0,42564,21601,20963
2298,15,0,42579,21601,20978
2299,19,0,42598,21601,20997
2300,14,0,42612,21601,21011
2301,19,0,42631,21601,21030
2302,17,0,42648,21601,21047
2303,24,0,42672,21601,21071
2304,20,0,42692,21601,21091
2305,18,0,42710,21601,21109
2306,16,0,42726,21601,21125
2307,15,0,42741,21601,21140
2308,19,0,42760,21601,21159
2309,19,0,42779,21601,21178
2310,15,0,42794,21601,21193
2311,20,0,42814,21601,21213
2312,20,0,42834,21601,21233
2313,14,0,42848,21601,21247
2314,16,0,42864,21601,21263
2315,22,0,42886,21601,21285
2316,20,0,42906,21601,21305
2317,20,0,42926,21601,21325
2318,14,0,42940,21601,21339
2319,20,0,42960,21601,21359
2320,16,0,42976,21601,21375
2321,20,0,42996,21601,21395
2322,22,0,43018,21601,21417
2323,14,0,43032,21601,21431
2324,18,0,43050,21601,21449
2325,13,0,43063,21601,21462
2326,18,0,43081,21601,21480
2327,21,0,43102,21601,21501
2328,17,0,43119,21601,21518
2329,18,0,43137,21601,21536
2330,12,0,43149,21601,21548
2331,22,0,43171,21601,21570
2332,23,0,43194,21601,21593
2333,20,0,43214,21601,21613
2334,17,0,43231,21601,21630
2335,14,0,43245,21601,21644
2336,18,0,43263,21601,21662
2337,22,0,43285,21601,21684
2338,18,0,43303,21601,21702
2339,20,0,43323,21601,21722
2340,19,0,43342,21601,21741
2341,19,0,43361,21601,21760
2342,16,0,43377,21601,21776
2343,11,0,43388,21601,21787
2344,23,0,43411,21601,21810
2345,18,0,43429,21601,21828
2346,19,0,43448,21601,21847
2347,15,0,43463,21601,21862
2348,14,0,43477,21601,21876
2349,17,0,43494,21601,21893
2350,19,0,43513,21601,21912
2351,24,0,43537,21601,21936
2352,19,0,43556,21601,21955
2353,15,0,43571,21601,21970
2354,16,0,43587,21601,21986
2355,19,0,43606,21601,22005
2356,21,0,43627,21601,22026
2357,16,0,43643,21601,22042
2358,18,0,43661,21601,22060
2359,19,0,43680,21601,22079
2360,22,0,43702,21601,22101
2361,15,0,43717,21601,22116
2362,14,0,43731,21601,22130
2363,17,0,43748,21601,22147
2364,21,0,43769,21601,22168
2365,19,0,43788,21601,22187
2366,19,0,43807,21601,22206
2367,18,0,43825,21601,22224
2368,28,0,43853,21601,22252
2369,23,0,43876,21601,22275
2370,19,0,43895,21601,22294
2371,18,0,43913,21601,22312
2372,18,0,43931,21601,22330
2373,18,0,43949,21601,22348
2374,16,0,43965,21601,22364
2375,19,0,43984,21601,22383
2376,19,0,44003,21601,22402
2377,13,0,44016,21601,22415
2378,13,0,44029,21601,22428
2379,19,0,44048,21601,22447
2380,17,0,44065,21601,22464
2381,19,0,44084,21601,22483
2382,22,0,44106,21601,22505
2383,19,0,44125,21601,22524
2384,19,0,44144,21601,22543
2385,21,0,44165,21601,22564
2386,15,0,44180,21601,22579
2387,15,0,44195,21601,22594
2388,20,0,44215,21601,22614
2389,18,0,44233,21601,22632
2390,20,0,44253,21601,22652
2391,17,0,44270,21601,22669
2392,17,0,44287,21601,22686
2393,17,0,44304,21601,22703
2394,20,0,44324,21601,22723
2395,20,0,44344,21601,22743
2396,19,0,44363,21601,22762
2397,18,0,44381,21601,22780
2398,20,0,44401,21601,22800
2399,14,0,44415,21601,22814
2400,19,0,44434,21601,22833
2401,18,0,44452,21601,22851
2402,17,0,44469,21601,22868
2403,17,0,44486,21601,22885
2404,17,0,44503,21601,22902
2405,18,0,44521,21601,22920
2406,21,0,44542,21601,22941
2407,18,0,44560,21601,22959
2408,17,0,44577,21601,22976
2409,14,0,44591,21601,22990
2410,19,0,44610,21601,23009
2411,19,0,44629,21601,23028
2412,17,0,44646,21601,23045
2413,20,0,44666,21601,23065
2414,17,0,44683,21601,23082
2415,18,0,44701,21601,23100
2416,22,0,44723,21601,23122
2417,18,0,44741,21601,23140
2418,18,0,44759,21601,23158
2419,19,0,44778,21601,23177
2420,19,0,44797,21601,23196
2421,17,0,44814,21601,23213
2422,14,0,44828,21601,23227
2423,18,0,44846,21601,23245
2424,18,0,44864,21601,23263
2425,19,0,44883,21601,23282
2426,18,0,44901,21601,23300
2427,24,0,44925,21601,23324
2428,12,0,44937,21601,23336
2429,19,0,44956,21601,23355
2430,18,0,44974,21601,23373
2431,20,0,44994,21601,23393
2432,25,0,45019,21601,23418
2433,16,0,45035,21601,23434
2434,18,0,45053,21601,23452
2435,13,0,45066,21601,23465
2436,14,0,45080,21601,23479
2437,19,0,45099,21601,23498
2438,22,0,45121,21601,23520
2439,16,0,45137,21601,23536
2440,16,0,45153,21601,23552
2441,19,0,45172,21601,23571
2442,22,0,45194,21601,23593
2443,16,0,45210,21601,23609
2444,18,0,45228,21601,23627
2445,16,0,45244,21601,23643
2446,17,0,45261,21601,23660
2447,22,0,45283,21601,23682
2448,19,0,45302,21601,23701
2449,21,0,45323,21601,23722
2450,17,0,45340,21601,23739
2451,16,0,45356,21601,23755
2452,24,0,45380,21601,23779
2453,16,0,45396,21601,23795
2454,15,0,45411,21601,23810
2455,17,0,45428,21601,23827
2456,18,0,45446,21601,23845
2457,18,0,45464,21601,23863
2458,21,0,45485,21601,23884
2459,17,0,45502,21601,23901
2460,13,0,45515,21601,23914
2461,18,0,45533,21601,23932
2462,18,0,45551,21601,23950
2463,20,0,45571,21601,23970
2464,16,0,45587,21601,23986
2465,19,0,45606,21601,24005
2466,25,0,45631,21601,24030
2467,14,0,45645,21601,24044
2468,15,0,45660,21601,24059
2469,20,0,45680,21601,24079
2470,18,0,45698,21601,24097
2471,16,0,45714,21601,24113
2472,18,0,45732,21601,24131
2473,18,0,45750,21601,24149
2474,22,0,45772,21601,24171
2475,14,0,45786,21601,24185
2476,18,0,45804,21601,24203
2477,15,0,45819,21601,24218
2478,20,0,45839,21601,24238
2479,19,0,45858,21601,24257
2480,20,0,45878,21601,24277
2481,19,0,45897,21601,24296
2482,16,0,45913,21601,24312
2483,17,0,45930,21601,24329
2484,16,0,45946,21601,24345
2485,20,0,45966,21601,24365
2486,17,0,45983,21601,24382
2487,19,0,46002,21601,24401
2488,18,0,46020,21601,24419
2489,22,0,46042,21601,24441
2490,17,0,46059,21601,24458
2491,22,0,46081,21601,24480
2492,17,0,46098,21601,24497
2493,20,0,46118,21601,24517
2494,21,0,46139,21601,24538
2495,13,0,46152,21601,24551
2496,13,0,46165,21601,24564
2497,17,0,46182,21601,24581
2498,20,0,46202,21601,24601
2499,19,0,46221,21601,24620
2500,19,0,46240,21601,24639
2501,17,0,46257,21601,24656
2502,16,0,46273,21601,24672
2503,18,0,46291,21601,24690
2504,23,0,46314,21601,24713
2505,17,0,46331,21601,24730
2506,17,0,46348,21601,24747
2507,15,0,46363,21601,24762
2508,19,0,46382,21601,24781
2509,23,0,46405,21601,24804
2510,18,0,46423,21601,24822
2511,15,0,46438,21601,24837
2512,15,0,46453,21601,24852
2513,19,0,46472,21601,24871
2514,18,0,46490,21601,24889
2515,17,0,46507,21601,24906
2516,22,0,46529,21601,24928
2517,17,0,46546,21601,24945
2518,20,0,46566,21601,24965
2519,15,0,46581,21601,24980
2520,22,0,46603,21601,25002
2521,13,0,46616,21601,25015
2522,20,0,46636,21601,25035
2523,20,0,46656,21601,25055
2524,21,0,46677,21601,25076
2525,15,0,46692,21601,25091
2526,18,0,46710,21601,25109
2527,18,0,46728,21601,25127
2528,20,0,46748,21601,25147
2529,15,0,46763,21601,25162
2530,17,0,46780,21601,25179
2531,15,0,46795,21601,25194
2532,21,0,46816,21601,25215
2533,17,0,46833,21601,25232
2534,15,0,46848,21601,25247
2535,18,0,46866,21601,25265
2536,23,0,46889,21601,25288
2537,17,0,46906,21601,25305
2538,14,0,46920,21601,25319
2539,22,0,46942,21601,25341
2540,21,0,46963,21601,25362
2541,20,0,46983,21601,25382
2542,15,0,46998,21601,25397
2543,15,0,47013,21601,25412
2544,19,0,47032,21601,25431
2545,15,0,47047,21601,25446
2546,24,0,47071,21601,25470
2547,14,0,47085,21601,25484
2548,16,0,47101,21601,25500
2549,20,0,47121,21601,25520
2550,20,0,47141,21601,25540
2551,27,0,47168,21601,25567
2552,21,0,47189,21601,25588
2553,17,0,47206,21601,25605
2554,21,0,47227,21601,25626
2555,20,0,47247,21601,25646
2556,22,0,47269,21601,25668
2557,15,0,47284,21601,25683
2558,18,0,47302,21601,25701
2559,17,0,47319,21601,25718
2560,18,0,47337,21601,25736
2561,17,0,47354,21601,25753
2562,22,0,47376,21601,25775
2563,16,0,47392,21601,25791
2564,15,0,47407,21601,25806
2565,18,0,47425,21601,25824
2566,23,0,47448,21601,25847
2567,15,0,47463,21601,25862
2568,18,0,47481,21601,25880
2569,18,0,47499,21601,25898
2570,16,0,47515,21601,25914
2571,17,0,47532,21601,25931
2572,24,0,47556,21601,25955
2573,17,0,47573,21601,25972
2574,15,0,47588,21601,25987
2575,19,0,47607,21601,26006
2576,15,0,47622,21601,26021
2577,20,0,47642,21601,26041
2578,20,0,47662,21601,26061
2579,20,0,47682,21601,26081
2580,15,0,47697,21601,26096
2581,14,0,47711,21601,26110
2582,18,0,47729,21601,26128
2583,15,0,47744,21601,26143
2584,21,0,47765,21601,26164
2585,20,0,47785,21601,26184
2586,19,0,47804,21601,26203
2587,18,0,47822,21601,26221
2588,18,0,47840,21601,26239
2589,17,0,47857,21601,26256
2590,21,0,47878,21601,26277
2591,17,0,47895,21601,26294
2592,12,0,47907,21601,26306
2593,21,0,47928,21601,26327
2594,19,0,47947,21601,26346
2595,17,0,47964,21601,26363
2596,19,0,47983,21601,26382
2597,21,0,48004,21601,26403
2598,17,0,48021,21601,26420
2599,18,0,48039,21601,26438
2600,12,0,48051,21601,26450
2601,15,0,48066,21601,26465
2602,20,0,48086,21601,26485
2603,28,0,48114,21601,26513
2604,15,0,48129,21601,26528
2605,14,0,48143,21601,26542
2606,22,0,48165,21601,26564
2607,21,0,48186,21601,26585
2608,15,0,48201,21601,26600
2609,19,0,48220,21601,26619
2610,18,0,48238,21601,26637
2611,14,0,48252,21601,26651
2612,15,0,48267,21601,26666
2613,22,0,48289,21601,26688
2614,25,0,48314,21601,26713
2615,19,0,48333,21601,26732
2616,23,0,48356,21601,26755
2617,17,0,48373,21601,26772
2618,14,0,48387,21601,26786
2619,14,0,48401,21601,26800
2620,20,0,48421,21601,26820
2621,19,0,48440,21601,26839
2622,24,0,48464,21601,26863
2623,17,0,48481,21601,26880
2624,20,0,48501,21601,26900
2625,15,0,48516,21601,26915
2626,18,0,48534,21601,26933
2627,19,0,48553,21601,26952
2628,15,0,48568,21601,26967
2629,19,0,48587,21601,26986
2630,17,0,48604,21601,27003
2631,20,0,48624,21601,27023
2632,14,0,48638,21601,27037
2633,19,0,48657,21601,27056
2634,19,0,48676,21601,27075
2635,19,0,48695,21601,27094
2636,22,0,48717,21601,27116
2637,15,0,48732,21601,27131
2638,16,0,48748,21601,27147
2639,16,0,48764,21601,27163
2640,24,0,48788,21601,27187
2641,15,0,48803,21601,27202
2642,15,0,48818,21601,27217
2643,16,0,48834,21601,27233
2644,20,0,48854,21601,27253
2645,24,0,48878,21601,27277
2646,15,0,48893,21601,27292
2647,18,0,48911,21601,27310
2648,25,0,48936,21601,27335
2649,13,0,48949,21601,27348
2650,13,0,48962,21601,27361
2651,17,0,48979,21601,27378
2652,20,0,48999,21601,27398
2653,18,0,49017,21601,27416
2654,19,0,49036,21601,27435
2655,19,0,49055,21601,27454
2656,13,0,49068,21601,27467
2657,16,0,49084,21601,27483
2658,22,0,49106,21601,27505
2659,16,0,49122,21601,27521
2660,18,0,49140,21601,27539
2661,17,0,49157,21601,27556
2662,17,0,49174,21601,27573
2663,18,0,49192,21601,27591
2664,26,0,49218,21601,27617
2665,16,0,49234,21601,27633
2666,13,0,49247,21601,27646
2667,17,0,49264,21601,27663
2668,21,0,49285,21601,27684
2669,25,0,49310,21601,27709
2670,13,0,49323,21601,27722
2671,18,0,49341,21601,27740
2672,18,0,49359,21601,27758
2673,22,0,49381,21601,27780
2674,17,0,49398,21601,27797
2675,14,0,49412,21601,27811
2676,17,0,49429,21601,27828
2677,20,0,49449,21601,27848
2678,19,0,49468,21601,27867
2679,23,0,49491,21601,27890
2680,23,0,49514,21601,27913
2681,12,0,49526,21601,27925
2682,17,0,49543,21601,27942
2683,18,0,49561,21601,27960
2684,15,0,49576,21601,27975
2685,19,0,49595,21601,27994
2686,17,0,49612,21601,28011
2687,18,0,49630,21601,28029
2688,19,0,49649,21601,28048
2689,23,0,49672,21601,28071
2690,19,0,49691,21601,28090
2691,18,0,49709,21601,28108
2692,12,0,49721,21601,28120
2693,17,0,49738,21601,28137
2694,18,0,49756,21601,28155
2695,20,0,49776,21601,28175
2696,17,0,49793,21601,28192
2697,21,0,49814,21601,28213
2698,21,0,49835,21601,28234
2699,13,0,49848,21601,28247
2700,17,0,49865,21601,28264
2701,15,0,49880,21601,28279
2702,21,0,49901,21601,28300
2703,18,0,49919,21601,28318
2704,19,0,49938,21601,28337
2705,17,0,49955,21601,28354
2706,18,0,49973,21601,28372
2707,20,0,49993,21601,28392
2708,19,0,50012,21601,28411
2709,16,0,50028,21601,28427
2710,16,0,50044,21601,28443
2711,24,0,50068,21601,28467
2712,14,0,50082,21601,28481
2713,18,0,50100,21601,28499
2714,16,0,50116,21601,28515
2715,24,0,50140,21601,28539
2716,15,0,50155,21601,28554
2717,13,0,50168,21601,28567
2718,24,0,50192,21601,28591
2719,17,0,50209,21601,28608
2720,19,0,50228,21601,28627
2721,15,0,50243,21601,28642
2722,20,0,50263,21601,28662
2723,20,0,50283,21601,28682
2724,17,0,50300,21601,28699
2725,19,0,50319,21601,28718
2726,15,0,50334,21601,28733
2727,20,0,50354,21601,28753
2728,17,0,50371,21601,28770
2729,19,0,50390,21601,28789
2730,17,0,50407,21601,28806
2731,18,0,50425,21601,28824
2732,16,0,50441,21601,28840
2733,19,0,50460,21601,28859
2734,18,0,50478,21601,28877
2735,21,0,50499,21601,28898
2736,14,0,50513,21601,28912
2737,18,0,50531,21601,28930
2738,20,0,50551,21601,28950
2739,20,0,50571,21601,28970
2740,18,0,50589,21601,28988
2741,17,0,50606,21601,29005
2742,21,0,50627,21601,29026
2743,17,0,50644,21601,29043
2744,19,0,50663,21601,29062
2745,21,0,50684,21601,29083
2746,23,0,50707,21601,29106
2747,12,0,50719,21601,29118
2748,19,0,50738,21601,29137
2749,23,0,50761,21601,29160
2750,17,0,50778,21601,29177
2751,11,0,50789,21601,29188
2752,19,0,50808,21601,29207
2753,18,0,50826,21601,29225
2754,23,0,50849,21601,29248
2755,17,0,50866,21601,29265
2756,15,0,50881,21601,29280
2757,19,0,50900,21601,29299
2758,21,0,50921,21601,29320
2759,20,0,50941,21601,29340
2760,17,0,50958,21601,29357
2761,20,0,50978,21601,29377
2762,16,0,50994,21601,29393
2763,15,0,51009,21601,29408
2764,15,0,51024,21601,29423
2765,18,0,51042,21601,29441
2766,19,0,51061,21601,29460
2767,19,0,51080,21601,29479
2768,15,0,51095,21601,29494
2769,20,0,51115,21601,29514
2770,18,0,51133,21601,29532
2771,23,0,51156,21601,29555
2772,13,0,51169,21601,29568
2773,16,0,51185,21601,29584
2774,19,0,51204,21601,29603
2775,20,0,51224,21601,29623
2776,20,0,51244,21601,29643
2777,16,0,51260,21601,29659
2778,16,0,51276,21601,29675
2779,20,0,51296,21601,29695
2780,16,0,51312,21601,29711
2781,24,0,51336,21601,29735
2782,18,0,51354,21601,29753
2783,16,0,51370,21601,29769
2784,20,0,51390,21601,29789
2785,19,0,51409,21601,29808
2786,16,0,51425,21601,29824
2787,14,0,51439,21601,29838
2788,16,0,51455,21601,29854
2789,20,0,51475,21601,29874
2790,24,0,51499,21601,29898
2791,10,0,51509,21601,29908
2792,17,0,51526,21601,29925
2793,22,0,51548,21601,29947
2794,19,0,51567,21601,29966
2795,20,0,51587,21601,29986
2796,17,0,51604,21601,30003
2797,24,0,51628,21601,30027
2798,14,0,51642,21601,30041
2799,14,0,51656,21601,30055
2800,18,0,51674,21601,30073
2801,17,0,51691,21601,30090
2802,17,0,51708,21601,30107
2803,21,0,51729,21601,30128
2804,14,0,51743,21601,30142
2805,22,0,51765,21601,30164
2806,17,0,51782,21601,30181
2807,16,0,51798,21601,30197
2808,23,0,51821,21601,30220
2809,14,0,51835,21601,30234
2810,17,0,51852,21601,30251
2811,17,0,51869,21601,30268
2812,21,0,51890,21601,30289
2813,19,0,51909,21601,30308
2814,24,0,51933,21601,30332
2815,21,0,51954,21601,30353
2816,17,0,51971,21601,30370
2817,20,0,51991,21601,30390
2818,18,0,52009,21601,30408
2819,14,0,52023,21601,30422
2820,15,0,52038,21601,30437
2821,16,0,52054,21601,30453
2822,19,0,52073,21601,30472
2823,15,0,52088,21601,30487
2824,18,0,52106,21601,30505
2825,18,0,52124,21601,30523
2826,19,0,52143,21601,30542
2827,24,0,52167,21601,30566
2828,20,0,52187,21601,30586
2829,19,0,52206,21601,30605
2830,12,0,52218,21601,30617
2831,21,0,52239,21601,30638
2832,17,0,52256,21601,30655
2833,17,0,52273,21601,30672
2834,19,0,52292,21601,30691
2835,22,0,52314,21601,30713
2836,14,0,52328,21601,30727
2837,18,0,52346,21601,30745
2838,15,0,52361,21601,30760
2839,20,0,52381,21601,30780
2840,22,0,52403,21601,30802
2841,19,0,52422,21601,30821
2842,16,0,52438,21601,30837
2843,18,0,52456,21601,30855
2844,19,0,52475,21601,30874
2845,15,0,52490,21601,30889
2846,17,0,52507,21601,30906
2847,17,0,52524,21601,30923
2848,19,0,52543,21601,30942
2849,18,0,52561,21601,30960
2850,18,0,52579,21601,30978
2851,15,0,52594,21601,30993
2852,19,0,52613,21601,31012
2853,20,0,52633,21601,31032
2854,18,0,52651,21601,31050
2855,18,0,52669,21601,31068
2856,18,0,52687,21601,31086
2857,18,0,52705,21601,31104
2858,19,0,52724,21601,31123
2859,16,0,52740,21601,31139
2860,17,0,52757,21601,31156
2861,20,0,52777,21601,31176
2862,19,0,52796,21601,31195
2863,18,0,52814,21601,31213
2864,19,0,52833,21601,31232
2865,21,0,52854,21601,31253
2866,20,0,52874,21601,31273
2867,14,0,52888,21601,31287
2868,15,0,52903,21601,31302
2869,15,0,52918,21601,31317
2870,19,0,52937,21601,31336
2871,23,0,52960,21601,31359
2872,14,0,52974,21601,31373
2873,16,0,52990,21601,31389
2874,21,0,53011,21601,31410
2875,17,0,53028,21601,31427
2876,18,0,53046,21601,31445
2877,17,0,53063,21601,31462
2878,15,0,53078,21601,31477
2879,16,0,53094,21601,31493
2880,22,0,53116,21601,31515
2881,21,0,53137,21601,31536
2882,22,0,53159,21601,31558
2883,20,0,53179,21601,31578
2884,17,0,53196,21601,31595
2885,13,0,53209,21601,31608
2886,20,0,53229,21601,31628
2887,17,0,53246,21601,31645
2888,21,0,53267,21601,31666
2889,18,0,53285,21601,31684
2890,20,0,53305,21601,31704
2891,16,0,53321,21601,31720
2892,16,0,53337,21601,31736
2893,17,0,53354,21601,31753
2894,19,0,53373,21601,31772
2895,21,0,53394,21601,31793
2896,20,0,53414,21601,31813
2897,25,0,53439,21601,31838
2898,10,0,53449,21601,31848
2899,20,0,53469,21601,31868
2900,17,0,53486,21601,31885
2901,16,0,53502,21601,31901
2902,19,0,53521,21601,31920
2903,17,0,53538,21601,31937
2904,18,0,53556,21601,31955
2905,19,0,53575,21601,31974
2906,15,0,53590,21601,31989
2907,15,0,53605,21601,32004
2908,19,0,53624,21601,32023
2909,19,0,53643,21601,32042
2910,20,0,53663,21601,32062
2911,21,0,53684,21601,32083
2912,14,0,53698,21601,32097
2913,20,0,53718,21601,32117
2914,14,0,53732,21601,32131
2915,18,0,53750,21601,32149
2916,21,0,53771,21601,32170
2917,18,0,53789,21601,32188
2918,21,0,53810,21601,32209
2919,14,0,53824,21601,32223
2920,23,0,53847,21601,32246
2921,20,0,53867,21601,32266
2922,15,0,53882,21601,32281
2923,20,0,53902,21601,32301
2924,13,0,53915,21601,32314
2925,15,0,53930,21601,32329
2926,15,0,53945,21601,32344
2927,26,0,53971,21601,32370
2928,17,0,53988,21601,32387
2929,18,0,54006,21601,32405
2930,19,0,54025,21601,32424
2931,18,0,54043,21601,32442
2932,18,0,54061,21601,32460
2933,20,0,54081,21601,32480
2934,15,0,54096,21601,32495
2935,18,0,54114,21601,32513
2936,21,0,54135,21601,32534
2937,15,0,54150,21601,32549
2938,18,0,54168,21601,32567
2939,20,0,54188,21601,32587
2940,16,0,54204,21601,32603
2941,17,0,54221,21601,32620
2942,16,0,54237,21601,32636
2943,16,0,54253,21601,32652
2944,20,0,54273,21601,32672
2945,20,0,54293,21601,32692
2946,19,0,54312,21601,32711
2947,19,0,54331,21601,32730
2948,20,0,54351,21601,32750
2949,20,0,54371,21601,32770
2950,16,0,54387,21601,32786
2951,21,0,54408,21601,32807
2952,16,0,54424,21601,32823
2953,16,0,54440,21601,32839
2954,17,0,54457,21601,32856
2955,17,0,54474,21601,32873
2956,23,0,54497,21601,32896
2957,18,0,54515,21601,32914
2958,17,0,54532,21601,32931
2959,15,0,54547,21601,32946
2960,19,0,54566,21601,32965
2961,22,0,54588,21601,32987
2962,14,0,54602,21601,33001
2963,18,0,54620,21601,33019
2964,16,0,54636,21601,33035
2965,19,0,54655,21601,33054
2966,18,0,54673,21601,33072
2967,17,0,54690,21601,33089
2968,22,0,54712,21601,33111
2969,16,0,54728,21601,33127
2970,22,0,54750,21601,33149
2971,14,0,54764,21601,33163
2972,19,0,54783,21601,33182
2973,17,0,54800,21601,33199
2974,17,0,54817,21601,33216
2975,23,0,54840,21601,33239
2976,17,0,54857,21601,33256
2977,17,0,54874,21601,33273
2978,16,0,54890,21601,33289
2979,19,0,54909,21601,33308
2980,14,0,54923,21601,33322
2981,17,0,54940,21601,33339
2982,20,0,54960,21601,33359
2983,23,0,54983,21601,33382
2984,15,0,54998,21601,33397
2985,22,0,55020,21601,33419
2986,14,0,55034,21601,33433
2987,18,0,55052,21601,33451
2988,17,0,55069,21601,33468
2989,15,0,55084,21601,33483
2990,22,0,55106,21601,33505
2991,20,0,55126,21601,33525
2992,16,0,55142,21601,33541
2993,16,0,55158,21601,33557
2994,16,0,55174,21601,33573
2995,18,0,55192,21601,33591
2996,16,0,55208,21601,33607
2997,21,0,55229,21601,33628
2998,21,0,55250,21601,33649
2999,16,0,55266,21601,33665
3000,15,0,55281,21601,33680
3001,20,0,55301,21601,33700
3002,23,0,55324,21601,33723
3003,19,0,55343,21601,33742
3004,19,0,55362,21601,33761
3005,14,0,55376,21601,33775
3006,18,0,55394,21601,33793
3007,21,0,55415,21601,33814
3008,15,0,55430,21601,33829
3009,16,0,55446,21601,33845
3010,16,0,55462,21601,33861
3011,22,0,55484,21601,33883
3012,20,0,55504,21601,33903
3013,15,0,55519,21601,33918
3014,17,0,55536,21601,33935
3015,18,0,55554,21601,33953
3016,18,0,55572,21601,33971
3017,18,0,55590,21601,33989
3018,23,0,55613,21601,34012
3019,17,0,55630,21601,34029
3020,13,0,55643,21601,34042
3021,20,0,55663,21601,34062
3022,17,0,55680,21601,34079
3023,17,0,55697,21601,34096
3024,18,0,55715,21601,34114
3025,21,0,55736,21601,34135
3026,22,0,55758,21601,34157
3027,19,0,55777,21601,34176
3028,19,0,55796,21601,34195
3029,17,0,55813,21601,34212
3030,18,0,55831,21601,34230
3031,15,0,55846,21601,34245
3032,19,0,55865,21601,34264
3033,11,0,55876,21601,34275
3034,19,0,55895,21601,34294
3035,20,0,55915,21601,34314
3036,15,0,55930,21601,34329
3037,23,0,55953,21601,34352
3038,21,0,55974,21601,34373
3039,13,0,55987,21601,34386
3040,19,0,56006,21601,34405
3041,21,0,56027,21601,34426
3042,20,0,56047,21601,34446
3043,17,0,56064,21601,34463
3044,14,0,56078,21601,34477
3045,15,0,56093,21601,34492
3046,18,0,56111,21601,34510
3047,20,0,56131,21601,34530
3048,21,0,56152,21601,34551
3049,16,0,56168,21601,34567
3050,14,0,56182,21601,34581
3051,19,0,56201,21601,34600
3052,21,0,56222,21601,34621
3053,16,0,56238,21601,34637
3054,21,0,56259,21601,34658
3055,21,0,56280,21601,34679
3056,14,0,56294,21601,34693
3057,17,0,56311,21601,34710
3058,21,0,56332,21601,34731
3059,20,0,56352,21601,34751
3060,17,0,56369,21601,34768
3061,15,0,56384,21601,34783
3062,16,0,56400,21601,34799
3063,23,0,56423,21601,34822
3064,17,0,56440,21601,34839
3065,18,0,56458,21601,34857
3066,16,0,56474,21601,34873
3067,17,0,56491,21601,34890
3068,18,0,56509,21601,34908
3069,18,0,56527,21601,34926
3070,18,0,56545,21601,34944
3071,21,0,56566,21601,34965
3072,14,0,56580,21601,34979
3073,15,0,56595,21601,34994
3074,19,0,56614,21601,35013
3075,20,0,56634,21601,35033
3076,21,0,56655,21601,35054
3077,20,0,56675,21601,35074
3078,21,0,56696,21601,35095
3079,17,0,56713,21601,35112
3080,14,0,56727,21601,35126
3081,19,0,56746,21601,35145
3082,19,0,56765,21601,35164
3083,18,0,56783,21601,35182
3084,14,0,56797,21601,35196
3085,14,0,56811,21601,35210
3086,19,0,56830,21601,35229
3087,28,0,56858,21601,35257
3088,12,0,56870,21601,35269
3089,13,0,56883,21601,35282
3090,19,0,56902,21601,35301
3091,25,0,56927,21601,35326
3092,20,0,56947,21601,35346
3093,16,0,56963,21601,35362
3094,12,0,56975,21601,35374
3095,23,0,56998,21601,35397
3096,22,0,57020,21601,35419
3097,16,0,57036,21601,35435
3098,15,0,57051,21601,35450
3099,18,0,57069,21601,35468
3100,21,0,57090,21601,35489
3101,17,0,57107,21601,35506
3102,17,0,57124,21601,35523
3103,24,0,57148,21601,35547
3104,16,0,57164,21601,35563
3105,15,0,57179,21601,35578
3106,14,0,57193,21601,35592
3107,15,0,57208,21601,35607
3108,24,0,57232,21601,35631
3109,20,0,57252,21601,35651
3110,21,0,57273,21601,35672
3111,16,0,57289,21601,35688
3112,18,0,57307,21601,35706
3113,19,0,57326,21601,35725
3114,19,0,57345,21601,35744
3115,20,0,57365,21601,35764
3116,19,0,57384,21601,35783
3117,13,0,57397,21601,35796
3118,15,0,57412,21601,35811
3119,18,0,57430,21601,35829
3120,18,0,57448,21601,35847
3121,18,0,57466,21601,35865
3122,17,0,57483,21601,35882
3123,25,0,57508,21601,35907
3124,29,0,57537,21601,35936
3125,16,0,57553,21601,35952
3126,22,0,57575,21601,35974
3127,16,0,57591,21601,35990
3128,16,0,57607,21601,36006
3129,17,0,57624,21601,36023
3130,17,0,57641,21601,36040
3131,21,0,57662,21601,36061
3132,16,0,57678,21601,36077
3133,18,0,57696,21601,36095
3134,18,0,57714,21601,36113
3135,18,0,57732,21601,36131
3136,22,0,57754,21601,36153
3137,19,0,57773,21601,36172
3138,15,0,57788,21601,36187
3139,16,0,57804,21601,36203
3140,21,0,57825,21601,36224
3141,24,0,57849,21601,36248
3142,10,0,57859,21601,36258
3143,13,0,57872,21601,36271
3144,22,0,57894,21601,36293
3145,18,0,57912,21601,36311
3146,20,0,57932,21601,36331
3147,16,0,57948,21601,36347
3148,21,0,57969,21601,36368
3149,17,0,57986,21601,36385
3150,20,0,58006,21601,36405
3151,17,0,58023,21601,36422
3152,11,0,58034,21601,36433
3153,22,0,58056,21601,36455
3154,21,0,58077,21601,36476
3155,17,0,58094,21601,36493
3156,16,0,58110,21601,36509
3157,20,0,58130,21601,36529
3158,19,0,58149,21601,36548
3159,20,0,58169,21601,36568
3160,13,0,58182,21601,36581
3161,16,0,58198,21601,36597
3162,21,0,58219,21601,36618
3163,18,0,58237,21601,36636
3164,27,0,58264,21601,36663
3165,19,0,58283,21601,36682
3166,17,0,58300,21601,36699
3167,16,0,58316,21601,36715
3168,19,0,58335,21601,36734
3169,21,0,58356,21601,36755
3170,19,0,58375,21601,36774
3171,17,0,58392,21601,36791
3172,19,0,58411,21601,36810
3173,16,0,58427,21601,36826
3174,18,0,58445,21601,36844
3175,19,0,58464,21601,36863
3176,18,0,58482,21601,36881
3177,21,0,58503,21601,36902
3178,18,0,58521,21601,36920
3179,18,0,58539,21601,36938
3180,14,0,58553,21601,36952
3181,17,0,58570,21601,36969
3182,22,0,58592,21601,36991
3183,15,0,58607,21601,37006
3184,20,0,58627,21601,37026
3185,19,0,58646,21601,37045
3186,20,0,58666,21601,37065
3187,16,0,58682,21601,37081
3188,16,0,58698,21601,37097
3189,21,0,58719,21601,37118
3190,17,0,58736,21601,37135
3191,17,0,58753,21601,37152
3192,19,0,58772,21601,37171
3193,17,0,58789,21601,37188
3194,15,0,58804,21601,37203
3195,19,0,58823,21601,37222
3196,18,0,58841,21601,37240
3197,18,0,58859,21601,37258
3198,15,0,58874,21601,37273
3199,21,0,58895,21601,37294
3200,20,0,58915,21601,37314
3201,19,0,58934,21601,37333
3202,19,0,58953,21601,37352
3203,17,0,58970,21601,37369
3204,17,0,58987,21601,37386
3205,16,0,59003,21601,37402
3206,14,0,59017,21601,37416
3207,23,0,59040,21601,37439
3208,17,0,59057,21601,37456
3209,20,0,59077,21601,37476
3210,19,0,59096,21601,37495
3211,21,0,59117,21601,37516
3212,15,0,59132,21601,37531
3213,16,0,59148,21601,37547
3214,19,0,59167,21601,37566
3215,21,0,59188,21601,37587
3216,18,0,59206,21601,37605
3217,18,0,59224,21601,37623
3218,17,0,59241,21601,37640
3219,16,0,59257,21601,37656
3220,21,0,59278,21601,37677
3221,14,0,59292,21601,37691
3222,18,0,59310,21601,37709
3223,17,0,59327,21601,37726
3224,22,0,59349,21601,37748
3225,15,0,59364,21601,37763
3226,17,0,59381,21601,37780
3227,18,0,59399,21601,37798
3228,16,0,59415,21601,37814
3229,21,0,59436,21601,37835
3230,22,0,59458,21601,37857
3231,18,0,59476,21601,37875
3232,19,0,59495,21601,37894
3233,17,0,59512,21601,37911
3234,16,0,59528,21601,37927
3235,19,0,59547,21601,37946
3236,15,0,59562,21601,37961
3237,15,0,59577,21601,37976
3238,17,0,59594,21601,37993
3239,19,0,59613,21601,38012
3240,17,0,59630,21601,38029
3241,23,0,59653,21601,38052
3242,15,0,59668,21601,38067
3243,23,0,59691,21601,38090
3244,21,0,59712,21601,38111
3245,20,0,59732,21601,38131
3246,14,0,59746,21601,38145
3247,17,0,59763,21601,38162
3248,18,0,59781,21601,38180
3249,18,0,59799,21601,38198
3250,17,0,59816,21601,38215
3251,19,0,59835,21601,38234
3252,19,0,59854,21601,38253
3253,13,0,59867,21601,38266
3254,20,0,59887,21601,38286
3255,18,0,59905,21601,38304
3256,21,0,59926,21601,38325
3257,15,0,59941,21601,38340
3258,17,0,59958,21601,38357
3259,17,0,59975,21601,38374
3260,19,0,59994,21601,38393
3261,18,0,60012,21601,38411
3262,17,0,60029,21601,38428
3263,17,0,60046,21601,38445
3264,21,0,60067,21601,38466
3265,22,0,60089,21601,38488
3266,18,0,60107,21601,38506
3267,19,0,60126,21601,38525
3268,16,0,60142,21601,38541
3269,16,0,60158,21601,38557
3270,22,0,60180,21601,38579
3271,17,0,60197,21601,38596
3272,14,0,60211,21601,38610
3273,17,0,60228,21601,38627
3274,18,0,60246,21601,38645
3275,21,0,60267,21601,38666
3276,17,0,60284,21601,38683
3277,18,0,60302,21601,38701
3278,20,0,60322,21601,38721
3279,14,0,60336,21601,38735
3280,16,0,60352,21601,38751
3281,26,0,60378,21601,38777
3282,19,0,60397,21601,38796
3283,11,0,60408,21601,38807
3284,14,0,60422,21601,38821
3285,17,0,60439,21601,38838
3286,22,0,60461,21601,38860
3287,16,0,60477,21601,38876
3288,18,0,60495,21601,38894
3289,16,0,60511,21601,38910
3290,21,0,60532,21601,38931
3291,21,0,60553,21601,38952
3292,25,0,60578,21601,38977
3293,17,0,60595,21601,38994
3294,16,0,60611,21601,39010
3295,11,0,60622,21601,39021
3296,22,0,60644,21601,39043
3297,17,0,60661,21601,39060
3298,18,0,60679,21601,39078
3299,14,0,60693,21601,39092
3300,23,0,60716,21601,39115
3301,17,0,60733,21601,39132
3302,18,0,60751,21601,39150
3303,14,0,60765,21601,39164
3304,20,0,60785,21601,39184
3305,20,0,60805,21601,39204
3306,21,0,60826,21601,39225
3307,18,0,60844,21601,39243
3308,17,0,60861,21601,39260
3309,13,0,60874,21601,39273
3310,21,0,60895,21601,39294
3311,24,0,60919,21601,39318
3312,24,0,60943,21601,39342
3313,14,0,60957,21601,39356
3314,16,0,60973,21601,39372
3315,19,0,60992,21601,39391
3316,19,0,61011,21601,39410
3317,25,0,61036,21601,39435
3318,14,0,61050,21601,39449
3319,18,0,61068,21601,39467
3320,16,0,61084,21601,39483
3321,17,0,61101,21601,39500
3322,16,0,61117,21601,39516
3323,18,0,61135,21601,39534
3324,24,0,61159,21601,39558
3325,18,0,61177,21601,39576
3326,17,0,61194,21601,39593
3327,18,0,61212,21601,39611
3328,19,0,61231,21601,39630
3329,12,0,61243,21601,39642
3330,19,0,61262,21601,39661
3331,19,0,61281,21601,39680
3332,19,0,61300,21601,39699
3333,20,0,61320,21601,39719
3334,25,0,61345,21601,39744
3335,12,0,61357,21601,39756
3336,20,0,61377,21601,39776
3337,14,0,61391,21601,39790
3338,18,0,61409,21601,39808
3339,21,0,61430,21601,39829
3340,12,0,61442,21601,39841
3341,24,0,61466,21601,39865
3342,18,0,61484,21601,39883
3343,15,0,61499,21601,39898
3344,20,0,61519,21601,39918
3345,15,0,61534,21601,39933
3346,17,0,61551,21601,39950
3347,20,0,61571,21601,39970
3348,22,0,61593,21601,39992
3349,16,0,61609,21601,40008
3350,20,0,61629,21601,40028
3351,16,0,61645,21601,40044
3352,20,0,61665,21601,40064
3353,18,0,61683,21601,40082
3354,16,0,61699,21601,40098
3355,18,0,61717,21601,40116
3356,19,0,61736,21601,40135
3357,16,0,61752,21601,40151
3358,21,0,61773,21601,40172
3359,17,0,61790,21601,40189
3360,15,0,61805,21601,40204
3361,25,0,61830,21601,40229
3362,18,0,61848,21601,40247
3363,16,0,61864,21601,40263
3364,16,0,61880,21601,40279
3365,12,0,61892,21601,40291
3366,21,0,61913,21601,40312
3367,19,0,61932,21601,40331
3368,21,0,61953,21601,40352
3369,17,0,61970,21601,40369
3370,16,0,61986,21601,40385
3371,15,0,62001,21601,40400
3372,23,0,62024,21601,40423
3373,19,0,62043,21601,40442
3374,18,0,62061,21601,40460
3375,14,0,62075,21601,40474
3376,20,0,62095,21601,40494
3377,18,0,62113,21601,40512
3378,20,0,62133,21601,40532
3379,18,0,62151,21601,40550
3380,19,0,62170,21601,40569
3381,19,0,62189,21601,40588
3382,15,0,62204,21601,40603
3383,15,0,62219,21601,40618
3384,21,0,62240,21601,40639
3385,11,0,62251,21601,40650
3386,28,0,62279,21601,40678
3387,17,0,62296,21601,40695
3388,19,0,62315,21601,40714
3389,17,0,62332,21601,40731
3390,16,0,62348,21601,40747
3391,20,0,62368,21601,40767
3392,17,0,62385,21601,40784
3393,22,0,62407,21601,40806
3394,11,0,62418,21601,40817
3395,24,0,62442,21601,40841
3396,15,0,62457,21601,40856
3397,21,0,62478,21601,40877
3398,19,0,62497,21601,40896
3399,19,0,62516,21601,40915
3400,14,0,62530,21601,40929
3401,14,0,62544,21601,40943
3402,17,0,62561,21601,40960
3403,19,0,62580,21601,40979
3404,20,0,62600,21601,40999
3405,19,0,62619,21601,41018
3406,17,0,62636,21601,41035
3407,22,0,62658,21601,41057
3408,15,0,62673,21601,41072
3409,21,0,62694,21601,41093
3410,13,0,62707,21601,41106
3411,25,0,62732,21601,41131
3412,17,0,62749,21601,41148
3413,12,0,62761,21601,41160
3414,15,0,62776,21601,41175
3415,22,0,62798,21601,41197
3416,23,0,62821,21601,41220
3417,14,0,62835,21601,41234
3418,20,0,62855,21601,41254
3419,11,0,62866,21601,41265
3420,18,0,62884,21601,41283
3421,18,0,62902,21601,41301
3422,25,0,62927,21601,41326
3423,21,0,62948,21601,41347
3424,17,0,62965,21601,41364
3425,13,0,62978,21601,41377
3426,15,0,62993,21601,41392
3427,18,0,63011,21601,41410
3428,20,0,63031,21601,41430
3429,25,0,63056,21601,41455
3430,17,0,63073,21601,41472
3431,19,0,63092,21601,41491
3432,10,0,63102,21601,41501
3433,19,0,63121,21601,41520
3434,17,0,63138,21601,41537
3435,21,0,63159,21601,41558
3436,15,0,63174,21601,41573
3437,23,0,63197,21601,41596
3438,15,0,63212,21601,41611
3439,17,0,63229,21601,41628
3440,23,0,63252,21601,41651
3441,22,0,63274,21601,41673
3442,15,0,63289,21601,41688
3443,21,0,63310,21601,41709
3444,19,0,63329,21601,41728
3445,14,0,63343,21601,41742
3446,14,0,63357,21601,41756
3447,22,0,63379,21601,41778
3448,21,0,63400,21601,41799
3449,15,0,63415,21601,41814
3450,21,0,63436,21601,41835
3451,17,0,63453,21601,41852
3452,16,0,63469,21601,41868
3453,15,0,63484,21601,41883
3454,19,0,63503,21601,41902
3455,18,0,63521,21601,41920
3456,16,0,63537,21601,41936
3457,18,0,63555,21601,41954
3458,20,0,63575,21601,41974
3459,20,0,63595,21601,41994
3460,16,0,63611,21601,42010
3461,20,0,63631,21601,42030
3462,16,0,63647,21601,42046
3463,21,0,63668,21601,42067
3464,20,0,63688,21601,42087
3465,18,0,63706,21601,42105
3466,19,0,63725,21601,42124
3467,18,0,63743,21601,42142
3468,22,0,63765,21601,42164
3469,17,0,63782,21601,42181
3470,19,0,63801,21601,42200
3471,13,0,63814,21601,42213
3472,13,0,63827,21601,42226
3473,21,0,63848,21601,42247
3474,21,0,63869,21601,42268
3475,17,0,63886,21601,42285
3476,13,0,63899,21601,42298
3477,24,0,63923,21601,42322
3478,21,0,63944,21601,42343
3479,19,0,63963,21601,42362
3480,10,0,63973,21601,42372
3481,19,0,63992,21601,42391
3482,17,0,64009,21601,42408
3483,20,0,64029,21601,42428
3484,19,0,64048,21601,42447
3485,19,0,64067,21601,42466
3486,17,0,64084,21601,42483
3487,20,0,64104,21601,42503
3488,15,0,64119,21601,42518
3489,18,0,64137,21601,42536
3490,18,0,64155,21601,42554
3491,22,0,64177,21601,42576
3492,16,0,64193,21601,42592
3493,18,0,64211,21601,42610
3494,18,0,64229,21601,42628
3495,20,0,64249,21601,42648
3496,17,0,64266,21601,42665
3497,18,0,64284,21601,42683
3498,14,0,64298,21601,42697
3499,17,0,64315,21601,42714
3500,22,0,64337,21601,42736
3501,21,0,64358,21601,42757
3502,16,0,64374,21601,42773
3503,17,0,64391,21601,42790
3504,17,0,64408,21601,42807
3505,16,0,64424,21601,42823
3506,16,0,64440,21601,42839
3507,20,0,64460,21601,42859
3508,17,0,64477,21601,42876
3509,17,0,64494,21601,42893
3510,23,0,64517,21601,42916
3511,14,0,64531,21601,42930
3512,17,0,64548,21601,42947
3513,18,0,64566,21601,42965
3514,19,0,64585,21601,42984
3515,19,0,64604,21601,43003
3516,17,0,64621,21601,43020
3517,18,0,64639,21601,43038
3518,15,0,64654,21601,43053
3519,18,0,64672,21601,43071
3520,22,0,64694,21601,43093
3521,20,0,64714,21601,43113
3522,16,0,64730,21601,43129
3523,18,0,64748,21601,43147
3524,19,0,64767,21601,43166
3525,19,0,64786,21601,43185
3526,21,0,64807,21601,43206
3527,17,0,64824,21601,43223
3528,20,0,64844,21601,43243
3529,15,0,64859,21601,43258
3530,18,0,64877,21601,43276
3531,18,0,64895,21601,43294
3532,15,0,64910,21601,43309
3533,16,0,64926,21601,43325
3534,20,0,64946,21601,43345
3535,19,0,64965,21601,43364
3536,22,0,64987,21601,43386
3537,18,0,65005,21601,43404
3538,19,0,65024,21601,43423
3539,21,0,65045,21601,43444
3540,18,0,65063,21601,43462
3541,21,0,65084,21601,43483
3542,21,0,65105,21601,43504
3543,19,0,65124,21601,43523
3544,16,0,65140,21601,43539
3545,16,0,65156,21601,43555
3546,18,0,65174,21601,43573
3547,19,0,65193,21601,43592
3548,20,0,65213,21601,43612
3549,16,0,65229,21601,43628
3550,17,0,65246,21601,43645
3551,21,0,65267,21601,43666
3552,17,0,65284,21601,43683
3553,20,0,65304,21601,43703
3554,18,0,65322,21601,43721
3555,18,0,65340,21601,43739
3556,16,0,65356,21601,43755
3557,19,0,65375,21601,43774
3558,16,0,65391,21601,43790
3559,21,0,65412,21601,43811
3560,14,0,65426,21601,43825
3561,20,0,65446,21601,43845
3562,18,0,65464,21601,43863
3563,18,0,65482,21601,43881
3564,20,0,65502,21601,43901
3565,19,0,65521,21601,43920
3566,16,0,65537,21601,43936
3567,24,0,65561,21601,43960
3568,13,0,65574,21601,43973
3569,26,0,65600,21601,43999
3570,17,0,65617,21601,44016
3571,21,0,65638,21601,44037
3572,16,0,65654,21601,44053
3573,15,0,65669,21601,44068
3574,20,0,65689,21601,44088
3575,15,0,65704,21601,44103
3576,22,0,65726,21601,44125
3577,16,0,65742,21601,44141
3578,20,0,65762,21601,44161
3579,11,0,65773,21601,44172
3580,17,0,65790,21601,44189
3581,23,0,65813,21601,44212
3582,17,0,65830,21601,44229
3583,16,0,65846,21601,44245
3584,18,0,65864,21601,44263
3585,19,0,65883,21601,44282
3586,18,0,65901,21601,44300
3587,18,0,65919,21601,44318
3588,21,0,65940,21601,44339
3589,22,0,65962,21601,44361
3590,17,0,65979,21601,44378
3591,15,0,65994,21601,44393
3592,14,0,66008,21601,44407
3593,21,0,66029,21601,44428
3594,15,0,66044,21601,44443
3595,19,0,66063,21601,44462
3596,23,0,66086,21601,44485
3597,20,0,66106,21601,44505
3598,20,0,66126,21601,44525
3599,17,0,66143,21601,44542
3600,15,0,66158,21601,44557
3601,15,0,66173,21601,44572
3602,15,0,66188,21601,44587
3603,19,0,66207,21601,44606
3604,17,0,66224,21601,44623
3605,22,0,66246,21601,44645
3606,19,0,66265,21601,44664
3607,16,0,66281,21601,44680
3608,14,0,66295,21601,44694
3609,18,0,66313,21601,44712
3610,26,0,66339,21601,44738
3611,29,0,66368,21601,44767
3612,19,0,66387,21601,44786
3613,16,0,66403,21601,44802
3614,18,0,66421,21601,44820
3615,15,0,66436,21601,44835
3616,20,0,66456,21601,44855
3617,23,0,66479,21601,44878
3618,19,0,66498,21601,44897
3619,16,0,66514,21601,44913
3620,17,0,66531,21601,44930
3621,16,0,66547,21601,44946
3622,16,0,66563,21601,44962
3623,22,0,66585,21601,44984
3624,17,0,66602,21601,45001
3625,18,0,66620,21601,45019
3626,18,0,66638,21601,45037
3627,16,0,66654,21601,45053
3628,19,0,66673,21601,45072
3629,20,0,66693,21601,45092
3630,18,0,66711,21601,45110
3631,18,0,66729,21601,45128
3632,15,0,66744,21601,45143
3633,21,0,66765,21601,45164
3634,19,0,66784,21601,45183
3635,15,0,66799,21601,45198
3636,19,0,66818,21601,45217
3637,20,0,66838,21601,45237
3638,14,0,66852,21601,45251
3639,16,0,66868,21601,45267
3640,19,0,66887,21601,45286
3641,22,0,66909,21601,45308
3642,14,0,66923,21601,45322
3643,23,0,66946,21601,45345
3644,17,0,66963,21601,45362
3645,17,0,66980,21601,45379
3646,17,0,66997,21601,45396
3647,20,0,67017,21601,45416
3648,19,0,67036,21601,45435
3649,20,0,67056,21601,45455
3650,20,0,67076,21601,45475
3651,16,0,67092,21601,45491
3652,14,0,67106,21601,45505
3653,19,0,67125,21601,45524
3654,19,0,67144,21601,45543
3655,20,0,67164,21601,45563
3656,16,0,67180,21601,45579
3657,16,0,67196,21601,45595
3658,17,0,67213,21601,45612
3659,19,0,67232,21601,45631
3660,20,0,67252,21601,45651
3661,15,0,67267,21601,45666
3662,16,0,67283,21601,45682
3663,18,0,67301,21601,45700
3664,20,0,67321,21601,45720
3665,15,0,67336,21601,45735
3666,19,0,67355,21601,45754
3667,24,0,67379,21601,45778
3668,17,0,67396,21601,45795
3669,19,0,67415,21601,45814
3670,17,0,67432,21601,45831
3671,18,0,67450,21601,45849
3672,15,0,67465,21601,45864
3673,18,0,67483,21601,45882
3674,16,0,67499,21601,45898
3675,20,0,67519,21601,45918
3676,18,0,67537,21601,45936
3677,17,0,67554,21601,45953
3678,21,0,67575,21601,45974
3679,16,0,67591,21601,45990
3680,18,0,67609,21601,46008
3681,16,0,67625,21601,46024
3682,20,0,67645,21601,46044
3683,20,0,67665,21601,46064
3684,19,0,67684,21601,46083
3685,20,0,67704,21601,46103
3686,12,0,67716,21601,46115
3687,11,0,67727,21601,46126
3688,25,0,67752,21601,46151
3689,28,0,67780,21601,46179
3690,27,0,67807,21601,46206
3691,33,0,67840,21601,46239
3692,25,0,67865,21601,46264
3693,27,0,67892,21601,46291
3694,29,0,67921,21601,46320
3695,28,0,67949,21601,46348
3696,32,0,67981,21601,46380
3697,24,0,68005,21601,46404
3698,29,0,68034,21601,46433
3699,24,0,68058,21601,46457
3700,24,0,68082,21601,46481
3701,23,0,68105,21601,46504
3702,32,0,68137,21601,46536
3703,28,0,68165,21601,46564
3704,29,0,68194,21601,46593
3705,21,0,68215,21601,46614
3706,26,0,68241,21601,46640
3707,26,0,68267,21601,46666
3708,22,0,68289,21601,46688
3709,25,0,68314,21601,46713
3710,23,0,68337,21601,46736
3711,24,0,68361,21601,46760
3712,23,0,68384,21601,46783
3713,24,0,68408,21601,46807
3714,22,0,68430,21601,46829
3715,26,0,68456,21601,46855
3716,4,0,68460,21601,46859
unknown,2,3,,,
