view,block_too_old_count_run-001,block_too_old_count_run-002,failed_verify_sync_info_count_run-001,failed_verify_sync_info_count_run-002,OnLocalTimeout_count_run-001,OnLocalTimeout_count_run-002,OnRemoteTimeout_count_run-001,OnRemoteTimeout_count_run-002,not_enough_timeouts_count_run-001,not_enough_timeouts_count_run-002,VoteRule_liveness_failed_count_run-001,VoteRule_liveness_failed_count_run-002,HighQC_updated_count_run-001,HighQC_updated_count_run-002,HighQC_not_updated_count_run-001,HighQC_not_updated_count_run-002,advanceView_count_run-001,advanceView_count_run-002,CommitRule_count_run-001,CommitRule_count_run-002,DECIDE_count_run-001,DECIDE_count_run-002,TryCommit_count_run-001,TryCommit_count_run-002,OnNewView_count_run-001,OnNewView_count_run-002
0,3,5,1,1,98,93,914,732,484,387,0,3,31,30,541,413,1011,794,28,18,4,2,17,13,41,36
1,1,0,0,0,0,1,2,3,0,1,4,1,3,3,2,5,14,18,12,8,2,0,3,4,4,4
2,0,0,0,1,1,3,2,5,1,1,0,0,3,2,3,5,17,19,8,6,2,1,5,6,4,2
3,0,0,0,0,1,4,9,7,4,3,0,0,4,5,5,6,26,32,6,14,3,7,2,3,6,3
4,0,0,0,0,0,3,2,7,1,0,0,0,5,4,2,5,24,28,9,10,3,4,7,5,4,6
5,0,0,0,1,0,0,0,2,0,0,0,0,5,3,3,2,18,23,14,7,4,2,1,4,3,7
6,0,0,0,1,0,0,0,0,0,0,0,0,4,6,2,6,16,23,11,10,2,2,5,3,5,2
7,0,1,0,0,0,0,0,0,0,0,0,0,3,4,2,1,14,14,16,14,6,5,5,6,3,2
8,1,1,0,0,0,0,0,0,0,0,0,0,3,2,6,5,21,16,9,13,4,5,4,4,3,4
9,0,0,0,0,0,0,0,0,0,0,0,0,6,3,3,2,19,16,12,14,6,6,2,3,3,7
10,0,0,0,0,0,0,0,0,0,0,0,0,4,3,2,1,16,19,12,13,3,3,7,6,3,2
11,1,0,0,0,0,0,0,0,0,0,0,0,3,5,5,4,22,20,14,11,4,3,3,4,7,7
12,1,1,0,0,0,0,0,0,0,0,0,0,5,4,2,3,19,18,8,8,2,1,4,2,2,1
13,0,0,0,0,0,0,0,0,0,0,0,0,2,6,3,3,16,18,14,10,5,4,3,6,7,5
14,0,0,0,0,0,0,0,0,0,0,0,0,4,2,3,4,16,20,7,15,3,7,3,3,4,3
15,1,0,0,0,0,0,0,0,0,0,0,0,5,6,1,3,19,21,16,12,5,3,5,5,2,6
16,0,0,0,0,0,0,0,0,0,0,0,0,6,4,2,5,16,22,15,10,6,3,3,2,2,5
17,0,1,0,0,0,0,0,0,0,0,0,0,5,4,4,1,23,12,12,11,4,4,6,4,4,4
18,0,0,0,0,0,0,1,0,0,0,0,0,2,4,3,4,17,19,12,15,3,5,3,2,5,5
19,0,1,0,0,0,0,1,1,0,0,0,0,5,4,3,3,20,19,7,10,2,4,5,7,6,4
20,1,0,0,0,2,2,7,2,3,0,0,0,2,3,3,4,15,18,12,12,5,4,3,3,2,2
21,0,0,0,0,2,0,1,1,0,0,0,0,2,5,4,6,24,28,13,12,5,3,4,4,5,5
22,1,0,0,0,0,0,0,0,0,0,0,0,5,2,5,3,19,13,13,17,4,5,5,4,3,3
23,0,0,0,0,0,0,0,0,0,0,0,0,4,5,3,1,18,14,10,12,2,3,3,4,5,2
24,0,0,0,0,0,0,0,0,0,0,0,0,6,3,1,2,17,16,12,11,4,5,4,4,4,5
25,1,1,0,0,0,0,0,0,0,0,0,0,3,4,5,4,17,21,12,9,3,3,6,4,3,6
26,1,0,0,0,0,0,0,0,0,0,0,0,2,6,5,5,20,22,14,13,4,6,4,2,2,3
27,1,1,0,0,0,0,0,0,0,0,0,0,6,2,2,3,20,15,12,11,7,2,3,6,6,3
28,0,0,0,0,0,0,0,0,0,0,0,0,1,5,2,3,14,20,12,11,2,5,3,1,5,4
29,0,1,0,0,0,0,0,0,0,0,0,0,4,4,4,3,20,18,14,12,5,3,6,7,4,3
30,0,0,0,0,0,0,0,0,0,0,0,0,5,5,3,3,17,20,13,14,6,4,4,2,1,5
31,0,1,0,0,0,0,0,0,0,0,0,0,6,4,1,1,14,16,11,12,3,4,4,6,5,3
32,1,1,0,0,0,0,0,0,0,0,0,0,4,6,3,4,18,22,11,10,3,4,4,3,3,6
33,0,0,0,0,0,0,0,0,0,0,0,0,2,2,3,4,18,17,14,10,5,3,5,4,6,4
34,0,1,0,0,0,0,0,0,0,0,0,0,5,1,3,3,22,14,13,15,5,5,3,2,1,4
35,0,0,0,0,0,0,0,0,0,0,0,0,4,6,2,2,19,17,9,13,2,7,4,4,7,2
36,0,1,0,0,0,0,0,0,0,0,0,0,5,3,4,4,17,17,14,11,4,3,2,5,8,6
37,1,0,0,0,0,0,0,0,0,0,0,0,3,6,2,2,12,23,13,10,4,1,5,6,1,6
38,0,0,0,0,0,0,0,0,0,0,0,0,4,2,4,3,21,14,12,15,5,5,4,6,3,2
39,0,1,0,0,0,0,1,0,0,0,0,0,2,4,3,3,21,17,10,18,2,5,3,2,7,1
40,1,0,0,0,0,0,1,0,1,0,0,0,6,5,3,2,15,17,13,11,5,5,4,3,3,6
41,0,1,0,0,4,0,4,0,0,0,0,0,3,4,7,4,30,21,12,9,4,3,6,4,3,6
42,1,0,0,0,0,0,1,0,0,0,0,0,6,4,2,1,17,18,10,11,3,2,2,3,3,4
43,0,1,0,0,0,0,0,0,0,0,0,0,4,3,5,6,19,17,15,12,8,6,4,6,2,3
44,0,1,0,0,0,0,0,0,0,0,0,0,2,5,3,1,20,17,13,14,3,6,4,4,5,4
45,0,0,0,0,0,0,0,0,0,0,0,0,3,2,2,5,17,17,9,10,3,3,5,4,5,4
46,1,0,0,0,0,0,0,0,0,0,0,0,4,5,6,3,19,21,11,15,4,6,4,3,6,3
47,1,0,0,0,0,0,0,0,0,0,0,0,6,5,2,2,19,21,11,8,3,1,3,3,3,4
48,0,0,0,0,0,0,0,0,0,0,0,0,4,3,4,4,17,16,16,11,7,2,5,6,4,5
49,0,0,0,0,0,0,0,0,0,0,0,0,5,5,2,3,20,18,13,15,4,6,3,3,2,3
50,0,1,0,0,0,0,0,0,0,0,0,0,5,6,3,2,18,18,7,11,2,3,4,5,4,4
51,0,1,0,0,0,0,0,0,0,0,0,0,3,2,2,2,18,20,14,13,4,4,4,4,4,6
52,0,1,0,0,0,0,0,0,0,0,0,0,4,3,3,3,18,16,11,13,5,4,4,4,4,5
53,1,1,0,0,0,0,0,0,0,0,0,0,5,4,2,5,18,17,11,13,2,5,5,3,8,3
54,0,1,0,0,0,0,0,0,0,0,0,0,3,6,5,2,18,17,14,11,5,5,6,3,1,3
55,0,0,0,0,0,0,0,0,0,0,0,0,3,3,5,3,19,18,13,12,4,4,3,5,4,2
56,0,0,0,0,0,0,0,0,0,0,0,0,4,5,1,4,17,19,12,13,3,3,4,4,3,4
57,1,1,0,0,0,0,0,0,0,0,0,0,2,3,3,1,15,19,12,7,4,2,3,7,3,5
58,0,0,0,0,0,0,0,0,0,0,0,0,5,5,0,2,16,19,10,13,3,6,3,2,7,3
59,2,0,0,0,0,0,0,0,0,0,0,0,3,3,4,5,19,21,11,11,5,4,4,3,6,7
60,1,1,0,0,0,0,0,2,0,0,0,0,6,4,2,3,18,14,11,12,4,2,6,5,3,3
61,0,0,0,0,0,0,0,3,0,0,0,0,3,3,7,6,19,21,14,17,6,6,3,3,3,3
62,1,0,0,0,0,4,0,3,0,1,0,0,4,4,3,4,18,24,11,8,3,3,3,4,5,5
63,0,0,0,0,0,0,0,0,0,0,0,0,3,3,1,3,16,18,9,9,2,3,5,6,3,4
64,0,0,0,0,0,0,0,0,0,0,0,0,6,5,3,3,22,18,15,12,5,5,2,3,3,4
65,0,0,0,0,0,0,0,0,0,0,0,0,4,3,2,2,16,15,15,13,4,5,5,4,6,4
66,1,0,0,0,0,0,0,0,0,0,0,0,2,3,3,3,13,18,14,10,4,3,5,6,2,5
67,0,0,0,0,0,0,0,0,0,0,0,0,3,6,3,4,19,20,12,16,4,5,4,0,6,1
68,0,1,0,0,0,0,0,0,0,0,0,0,6,4,2,1,22,13,10,12,4,3,4,6,2,5
69,0,1,0,0,0,0,0,0,0,0,0,0,4,3,5,4,22,20,6,13,2,5,4,4,5,5
70,0,0,0,0,0,0,0,0,0,0,0,0,7,4,3,3,18,18,11,11,4,4,5,5,3,4
71,0,1,0,0,0,0,0,0,0,0,0,0,1,6,2,3,15,20,14,9,5,2,5,3,4,3
72,1,0,0,0,0,0,0,0,0,0,0,0,5,3,4,3,14,17,17,14,5,6,3,3,2,6
73,1,0,0,0,0,0,0,0,0,0,0,0,4,3,3,5,25,21,9,14,5,5,4,2,7,3
74,0,0,0,0,0,0,0,0,0,0,0,0,4,6,4,3,15,19,14,10,4,1,3,5,4,5
75,0,0,0,0,0,0,0,0,0,0,0,0,3,1,3,1,18,13,14,15,4,6,7,5,3,2
76,0,1,0,0,0,0,0,0,0,0,0,0,5,6,2,3,19,16,11,10,3,2,1,4,6,4
77,0,0,0,0,0,0,0,0,0,0,0,0,1,6,2,0,17,17,11,13,4,5,4,5,2,3
78,0,0,0,0,0,0,0,0,0,0,0,0,5,3,3,6,16,20,9,13,3,5,5,3,3,5
79,1,0,0,0,0,0,0,0,0,0,0,0,5,4,5,2,21,18,16,11,6,4,3,5,5,4
80,0,1,0,0,0,0,0,0,0,0,0,0,3,3,3,4,16,18,11,13,3,4,5,3,5,5
81,0,0,0,0,0,0,0,0,0,0,0,0,4,3,3,2,17,18,12,9,4,4,3,4,3,5
82,1,0,0,0,0,0,0,0,0,0,0,0,3,5,3,5,21,23,14,10,6,2,3,4,1,2
83,0,0,0,0,0,0,0,1,0,0,0,0,5,5,0,4,14,18,11,13,4,4,6,6,5,4
84,1,0,0,0,0,2,0,0,0,0,0,0,7,2,4,3,21,19,11,16,4,7,2,2,8,3
85,1,2,0,0,0,2,0,5,0,1,0,0,4,2,5,5,18,22,9,12,3,3,5,2,2,7
86,1,1,0,0,0,0,0,5,0,1,0,0,2,6,2,7,14,28,16,9,4,3,5,4,5,2
87,0,1,0,0,0,0,0,0,0,0,0,0,4,4,4,4,18,18,9,11,3,4,2,4,3,4
88,0,0,0,0,0,0,0,0,0,0,0,0,4,3,4,1,23,14,12,10,4,3,5,6,5,5
89,0,0,0,0,0,0,0,0,0,0,0,0,3,5,3,1,19,11,9,19,3,8,5,4,7,0
90,0,1,0,0,0,0,0,0,0,0,0,0,5,3,3,4,17,21,16,15,6,4,5,1,2,7
91,0,1,0,0,0,0,0,0,0,0,0,0,5,6,2,3,19,21,9,10,2,4,4,6,1,2
92,1,0,0,0,0,0,0,0,0,0,0,0,4,1,2,4,17,16,13,11,4,3,4,2,5,7
93,0,0,0,0,0,0,0,0,0,0,0,0,2,4,2,4,15,19,12,12,4,6,2,6,3,5
94,1,0,0,0,0,0,0,0,0,0,0,0,6,5,3,3,18,20,12,13,4,3,5,3,3,2
95,0,0,0,0,0,0,0,0,0,0,0,0,3,4,3,4,18,20,12,9,5,3,3,5,5,7
96,0,1,0,0,0,0,0,0,0,0,0,0,4,3,5,1,21,14,13,10,4,1,5,6,6,1
97,1,0,0,0,0,0,0,0,0,0,0,0,8,4,3,5,19,20,10,12,4,5,5,3,1,6
98,0,0,0,0,0,0,0,0,0,0,0,0,2,5,2,2,17,18,14,13,3,5,3,3,4,5
99,1,1,0,0,0,0,0,0,0,0,0,0,3,3,4,2,20,16,10,12,4,4,5,2,4,2
100,0,1,0,0,0,0,0,0,0,0,0,0,4,5,3,3,19,17,13,10,3,3,2,6,6,2
101,0,1,0,0,0,0,0,0,0,0,0,0,5,3,1,1,14,15,13,18,6,6,4,2,3,6
102,0,0,0,0,0,0,0,0,0,0,0,0,3,5,3,5,20,23,14,6,5,1,2,6,4,3
103,0,1,0,0,0,0,0,0,0,0,0,0,4,3,3,1,20,12,12,13,6,5,5,5,4,2
104,0,1,0,0,0,0,0,0,0,0,0,0,4,3,5,4,19,21,10,14,2,6,4,3,6,6
105,1,1,0,0,0,0,0,0,0,0,0,0,3,5,1,3,11,17,13,10,4,3,5,3,3,5
106,0,1,0,0,0,0,0,0,0,0,0,0,6,5,4,4,21,21,14,13,5,5,3,6,4,2
107,0,0,0,0,0,0,0,0,0,0,0,0,1,4,3,1,11,15,13,12,3,3,5,2,3,4
108,0,0,0,0,0,0,0,0,0,0,0,0,4,4,4,4,21,19,12,14,4,4,3,4,7,5
109,0,0,0,0,0,0,0,0,0,0,0,0,5,4,4,5,22,19,9,10,4,3,6,6,4,5
110,0,0,0,0,0,0,0,0,0,0,0,0,2,3,3,4,19,20,13,16,5,7,5,3,3,3
111,0,0,0,0,0,0,0,0,0,0,0,0,7,5,2,2,15,17,13,10,3,2,3,5,2,3
112,0,0,0,0,0,0,0,0,0,0,0,0,2,5,2,2,16,25,10,9,3,4,5,5,5,5
113,0,0,0,0,0,0,0,0,0,0,0,0,3,5,5,3,22,12,10,13,3,3,4,2,6,4
114,1,0,0,0,0,0,1,0,0,0,0,0,6,3,2,3,20,17,13,14,5,6,1,6,4,5
115,0,0,0,0,1,0,2,0,0,0,0,0,4,4,7,2,20,20,10,11,2,3,2,2,3,4
116,0,1,1,0,1,0,2,0,1,0,0,0,4,3,0,4,16,15,15,13,6,5,7,4,2,4
117,0,1,0,0,0,0,0,0,0,0,0,0,3,4,2,2,16,17,15,11,5,3,4,3,5,2
118,1,0,0,0,0,0,0,0,0,0,0,0,5,4,3,3,21,16,7,15,2,5,6,4,5,4
119,0,0,0,0,0,0,0,0,0,0,0,0,4,5,5,3,19,24,12,9,4,3,4,7,2,6
120,1,1,0,0,0,0,0,0,0,0,0,0,4,5,3,3,14,18,16,13,7,4,3,2,3,4
121,0,0,0,0,0,0,0,0,0,0,0,0,4,4,3,2,23,15,13,14,4,6,3,5,6,4
122,0,0,0,0,0,0,0,0,0,0,0,0,4,2,4,2,16,16,10,11,3,4,5,3,8,5
123,0,1,0,0,0,0,0,0,0,0,0,0,5,4,3,7,20,25,11,9,3,3,2,4,1,4
124,0,1,0,0,0,0,0,0,0,0,0,0,3,5,2,4,18,19,11,9,6,1,5,3,2,3
125,0,0,0,0,0,0,0,0,0,0,0,0,4,3,6,1,21,10,13,16,5,6,4,3,3,5
126,0,0,0,0,0,0,0,0,0,0,0,0,5,4,1,3,17,22,8,10,1,3,5,5,3,3
127,1,1,0,0,0,0,0,0,0,0,0,0,5,4,3,3,19,19,13,16,3,8,3,4,7,3
128,0,1,0,0,0,0,0,0,0,0,0,0,2,4,3,4,13,21,14,12,4,3,5,5,3,2
129,1,0,0,0,0,0,0,0,0,0,0,0,4,4,3,2,19,13,14,11,5,1,2,5,4,5
130,0,1,0,0,0,0,0,0,0,0,0,0,4,2,2,3,16,17,11,14,5,6,4,4,3,5
131,1,0,0,0,0,0,0,0,0,0,0,0,3,5,4,2,19,17,11,8,3,3,5,3,5,5
132,1,0,0,0,0,0,0,0,0,0,0,0,6,8,3,5,22,26,12,9,4,3,3,3,4,5
133,0,0,0,0,0,0,0,0,0,0,0,0,6,4,3,1,18,17,14,13,4,4,4,8,5,3
134,0,0,0,0,0,0,0,0,0,0,0,0,1,3,1,3,14,15,11,14,4,3,7,4,3,3
135,0,0,0,0,0,0,0,0,0,0,0,0,2,1,2,2,18,14,14,15,4,7,3,3,5,6
136,0,0,0,0,0,0,0,0,0,0,0,0,6,5,5,4,21,17,12,14,3,4,3,1,3,3
137,0,0,0,0,0,0,0,0,0,0,0,0,4,3,4,3,15,18,16,9,6,4,4,5,4,5
138,1,1,0,0,0,0,0,0,0,0,0,0,3,4,1,3,14,19,13,12,4,5,2,6,2,5
139,0,0,0,0,0,0,0,0,0,0,0,0,4,3,4,5,20,16,11,14,4,4,8,1,5,2
140,0,1,0,0,0,0,0,0,0,0,0,0,3,5,6,3,22,23,11,12,5,4,2,6,5,5
141,0,1,0,0,2,0,1,0,0,0,0,0,6,3,3,2,18,16,8,13,3,4,6,5,4,4
142,1,0,0,0,1,0,0,0,0,0,0,0,5,5,2,3,17,19,8,10,2,2,4,3,4,2
143,0,0,0,0,2,0,2,0,1,0,0,0,2,4,4,4,23,16,14,12,6,5,3,2,4,5
144,0,0,0,0,0,0,8,0,2,0,0,0,4,4,6,1,23,17,10,10,4,4,3,5,4,2
145,0,0,0,0,0,0,0,0,0,0,0,0,2,6,3,2,14,21,12,12,2,5,3,3,5,7
146,1,0,0,0,0,0,0,0,0,0,0,0,7,2,3,6,21,20,13,10,5,2,6,4,4,3
147,0,1,0,0,0,0,0,0,0,0,0,0,4,3,3,2,22,14,10,13,2,4,3,2,3,2
148,0,1,0,0,0,0,0,0,0,0,0,0,4,7,4,4,19,22,12,12,6,4,3,7,5,6
149,0,0,0,0,0,0,0,0,0,0,0,0,4,3,4,4,16,18,8,17,3,7,6,4,3,3
150,1,0,0,0,0,0,0,0,0,0,0,0,4,4,3,1,16,18,17,9,6,2,4,6,5,3
151,1,0,0,0,0,0,0,0,0,0,0,0,2,3,2,3,18,19,12,11,3,3,5,2,2,5
152,0,0,0,0,0,0,0,0,0,0,0,0,4,4,4,4,19,19,12,10,4,4,3,4,7,5
153,0,0,0,0,0,0,0,0,0,0,0,0,6,4,0,3,18,17,13,13,4,3,2,4,2,5
154,0,0,0,0,0,0,0,0,0,0,0,0,4,4,4,1,21,14,10,13,2,5,7,5,6,4
155,1,0,0,0,0,0,0,0,0,0,0,0,5,4,4,3,20,17,11,13,4,5,4,4,2,5
156,0,1,0,0,0,0,0,0,0,0,0,0,5,4,2,4,14,17,14,11,5,6,3,3,4,3
157,0,1,0,0,0,0,0,0,0,0,0,0,2,4,2,3,14,20,14,14,4,4,4,2,5,2
158,0,0,0,0,0,0,0,0,0,0,0,0,5,4,3,3,23,16,12,13,5,3,5,5,2,3
159,0,0,0,0,0,0,0,0,0,0,0,0,3,4,5,1,21,18,11,9,5,2,2,6,3,5
160,0,1,0,0,0,0,0,0,0,0,0,0,2,5,2,3,15,21,12,9,4,4,5,4,7,6
161,0,1,0,0,0,0,0,0,0,0,0,0,7,5,4,4,20,23,10,12,3,4,3,1,6,5
162,0,0,0,0,0,0,0,0,0,0,0,0,4,4,2,5,17,16,11,11,5,3,7,6,3,2
163,0,1,0,0,0,0,0,0,0,0,0,0,4,4,3,1,21,14,13,15,4,5,2,4,1,5
164,1,1,0,0,0,0,0,0,0,0,0,0,5,3,3,3,15,18,11,14,1,5,3,4,5,3
165,0,0,0,0,0,0,0,0,0,0,0,0,2,3,2,4,13,18,15,14,5,5,3,3,3,2
166,0,0,0,0,0,0,0,0,0,0,0,0,2,5,4,4,22,22,16,11,8,4,4,5,8,6
167,0,0,0,0,0,0,0,0,0,0,0,0,7,7,2,3,17,22,8,9,1,4,5,3,2,2
168,1,1,0,0,0,0,0,0,0,0,0,0,3,2,4,3,20,15,13,9,3,1,5,7,5,8
169,1,0,0,0,0,0,0,0,0,0,0,0,3,3,3,4,13,19,13,13,6,4,4,6,2,3
170,0,1,0,0,0,0,0,0,0,0,0,0,4,3,5,1,20,13,12,13,3,3,3,1,5,3
171,0,0,0,0,0,0,0,0,0,0,0,0,3,6,1,2,16,18,12,13,5,5,5,6,4,1
172,0,0,0,0,1,0,0,0,0,0,0,0,5,3,2,3,19,18,9,12,3,4,5,4,5,5
173,0,0,0,0,1,0,0,0,0,0,0,0,4,1,5,6,19,20,14,13,5,5,4,2,0,3
174,0,0,0,0,0,0,3,0,0,0,0,0,3,6,3,2,20,16,11,12,2,3,3,3,6,6
175,0,1,0,0,0,0,0,0,0,0,0,0,4,4,2,1,23,13,11,11,5,3,2,4,6,4
176,1,0,0,0,0,0,0,0,0,0,0,0,5,4,5,2,15,20,12,11,4,5,6,5,4,5
177,0,0,0,0,0,0,0,0,0,0,0,0,5,4,3,3,19,17,16,16,8,7,4,2,1,5
178,1,0,0,0,0,0,0,0,0,0,0,0,5,3,2,4,17,20,11,14,1,4,3,5,4,2
179,0,0,0,0,0,0,0,0,0,0,0,0,3,5,5,3,21,18,10,12,4,4,3,6,4,3
180,0,1,0,0,0,0,0,0,0,0,0,0,4,4,0,3,16,18,8,10,2,4,7,3,5,6
181,0,0,0,0,0,0,0,0,0,0,0,0,3,3,6,3,20,20,14,12,6,2,3,2,6,4
182,0,0,0,0,0,0,0,0,0,0,0,0,3,4,4,4,20,19,10,10,2,5,5,5,4,5
183,0,0,0,0,0,0,0,0,0,0,0,0,4,4,1,3,14,16,16,11,5,2,5,6,2,2
184,0,0,0,0,0,0,0,0,0,0,0,0,5,6,2,3,17,22,12,10,3,5,4,3,6,5
185,1,0,0,0,0,0,0,0,0,0,0,0,4,4,2,4,15,18,13,17,4,5,4,2,3,5
186,0,0,0,0,0,0,0,0,0,0,0,0,3,5,5,1,19,18,13,9,5,3,3,3,3,2
187,0,1,0,0,0,0,0,0,0,0,0,0,3,3,3,5,20,17,10,14,4,3,2,7,3,4
188,1,0,0,0,0,0,0,0,0,0,0,0,7,2,3,2,22,17,9,11,4,5,3,5,6,2
189,0,1,0,0,0,0,0,0,0,0,0,0,2,9,4,4,16,26,13,10,5,2,4,4,3,2
190,0,0,0,0,0,0,0,0,0,0,0,0,6,3,3,3,18,12,13,12,5,4,2,4,4,6
191,0,0,0,0,0,0,0,0,0,0,0,0,4,3,5,1,23,14,12,16,3,5,6,3,4,4
192,0,0,0,0,0,0,0,0,0,0,0,0,3,4,3,3,18,20,12,13,4,7,6,3,3,5
193,0,0,0,0,0,0,0,0,0,0,0,0,4,3,2,5,16,15,15,10,4,2,2,4,7,3
194,0,1,0,0,0,0,0,0,0,0,0,0,2,3,3,4,15,22,10,14,3,5,3,3,3,3
195,1,1,0,0,0,0,0,0,0,0,0,0,5,3,1,2,14,17,12,10,4,3,5,6,5,6
196,1,0,0,0,0,0,0,0,0,0,0,0,4,6,4,2,19,18,14,10,5,2,4,4,3,4
197,0,0,0,0,0,0,0,0,0,0,0,0,4,3,3,3,19,14,9,14,4,6,5,5,4,4
198,0,1,0,0,0,0,0,0,0,0,0,0,5,4,2,3,16,18,11,12,4,4,4,4,3,4
199,0,3,0,0,0,0,0,0,0,0,0,0,2,3,2,2,18,17,14,12,4,6,5,2,6,6
200,1,1,0,0,0,0,0,0,0,0,0,0,5,6,3,4,17,20,15,10,5,3,2,4,4,4
201,0,0,0,0,0,0,0,0,0,0,0,0,4,1,4,4,21,16,11,11,3,3,5,6,3,2
202,1,0,0,0,0,0,0,0,0,0,0,0,6,6,2,2,15,21,10,15,3,4,6,3,5,5
203,0,0,0,0,0,0,0,0,0,0,0,0,3,4,5,4,21,20,11,8,3,2,2,4,3,3
204,0,0,0,0,0,0,0,0,0,0,0,0,3,4,1,3,14,19,14,13,6,5,5,4,2,6
205,0,0,0,0,0,0,0,0,0,0,0,0,5,6,3,3,20,18,9,14,2,7,5,4,4,3
206,0,0,0,0,0,0,0,0,0,0,0,0,3,3,3,2,18,16,14,13,6,3,1,3,6,5
207,0,1,0,0,0,0,0,0,0,0,0,0,5,3,5,3,21,17,8,10,3,3,5,4,6,3
208,0,0,0,0,0,0,0,0,0,0,0,0,5,6,3,1,20,19,15,14,6,3,4,4,3,3
209,0,0,0,0,0,0,0,0,0,0,0,0,2,4,1,5,17,21,14,10,4,5,5,5,1,3
210,0,1,0,0,0,0,0,0,0,0,0,0,6,4,5,3,22,19,6,11,1,4,2,3,6,8
211,0,0,0,0,0,0,0,0,0,0,0,0,1,4,3,3,14,15,16,12,8,3,5,3,3,4
212,1,1,0,0,0,0,0,0,0,0,0,0,6,2,3,5,19,16,13,11,3,4,2,7,4,4
213,0,0,0,0,0,0,0,0,0,0,0,0,5,3,3,1,17,16,11,17,2,7,5,3,4,3
214,0,0,0,0,0,0,0,0,0,0,0,0,3,4,2,4,15,18,16,17,6,5,4,2,4,3
215,0,0,0,0,0,0,0,0,0,0,0,0,3,6,3,2,18,23,9,10,1,3,9,5,3,5
216,1,0,0,0,0,0,0,0,0,0,0,0,6,3,2,3,22,17,10,7,4,2,3,4,7,4
217,0,2,0,0,0,0,0,0,0,0,0,0,5,3,4,3,20,16,9,11,3,4,2,3,2,5
218,0,0,0,0,0,0,0,0,0,0,0,0,1,6,2,1,14,18,18,14,8,4,5,5,5,2
219,0,1,0,0,0,0,0,0,0,0,0,0,7,4,4,5,22,16,12,15,3,7,2,3,6,4
220,1,0,0,0,0,0,2,0,1,0,0,0,2,4,5,4,17,22,9,12,3,3,5,5,2,3
221,2,0,0,0,2,0,2,0,0,0,0,0,2,2,2,2,13,16,15,7,4,2,3,4,3,6
222,0,0,0,0,0,0,2,0,0,0,0,0,6,3,7,4,29,17,13,14,5,5,3,3,3,3
223,0,0,0,0,0,0,0,0,0,0,0,0,4,6,3,1,21,17,10,13,4,5,5,3,6,6
224,0,0,0,0,0,0,0,0,0,0,0,0,4,5,2,5,16,26,13,8,5,2,3,4,3,3
225,0,0,0,0,0,0,0,0,0,0,0,0,3,5,2,4,17,19,14,12,5,4,4,5,4,4
226,0,0,0,0,0,0,0,0,0,0,0,0,6,2,6,1,21,12,12,16,1,5,5,5,3,3
227,0,1,0,0,0,0,0,0,0,0,0,0,1,4,2,4,15,16,10,11,4,5,5,3,7,4
228,0,0,0,0,0,0,0,0,0,0,0,0,6,5,2,2,17,20,12,12,4,3,4,4,4,4
229,0,0,0,0,0,0,0,0,0,0,0,0,5,3,3,5,20,20,12,10,5,2,6,5,2,4
230,1,0,0,0,0,0,0,0,0,0,0,0,3,3,4,1,20,16,11,12,3,5,2,3,3,5
231,0,0,0,0,0,0,0,0,0,0,0,0,3,7,4,3,16,18,13,12,6,3,5,4,6,3
232,0,0,0,0,0,0,0,0,0,0,0,0,5,4,1,1,16,16,11,17,2,7,3,3,2,6
233,0,0,0,0,0,0,0,0,0,0,0,0,4,3,3,6,21,21,13,10,5,2,4,7,4,1
234,0,1,0,0,0,0,0,0,0,0,0,0,3,3,5,2,20,16,11,11,2,2,4,2,5,5
235,0,0,0,0,0,0,0,0,0,0,0,0,5,4,2,3,18,19,10,11,5,4,3,6,4,6
236,0,0,0,0,0,0,0,0,0,0,0,0,5,6,3,4,19,21,16,16,6,5,5,4,3,1
237,0,0,0,0,0,0,0,0,0,0,0,0,2,3,3,3,17,15,12,11,4,6,3,4,7,3
238,0,0,0,0,0,0,0,0,0,0,0,0,4,6,2,3,17,22,7,6,1,1,5,3,2,5
239,0,1,0,0,0,0,0,0,0,0,0,0,6,3,7,4,21,18,10,12,3,6,4,4,3,5
240,0,0,0,0,0,0,1,0,0,0,0,0,3,4,1,2,15,14,16,14,5,4,3,3,4,4
241,0,0,0,0,2,0,2,0,0,0,0,0,2,2,6,2,24,17,17,12,5,4,3,3,4,3
242,1,1,0,0,4,0,5,0,1,0,0,0,6,6,4,1,23,16,8,16,5,6,3,6,3,5
243,0,0,0,0,0,0,0,0,0,0,0,0,1,2,3,4,17,17,13,9,6,1,5,3,6,3
244,1,1,0,0,0,0,0,0,0,0,0,0,5,5,4,2,22,19,9,12,3,4,5,5,5,7
245,0,0,0,0,0,0,0,0,0,0,0,0,7,4,2,5,18,23,11,9,3,3,6,4,2,3
246,0,1,0,0,0,0,0,0,0,0,0,0,2,3,3,3,13,17,14,12,3,5,4,3,2,4
247,1,0,0,0,0,0,0,0,0,0,0,0,3,4,2,1,21,14,14,13,4,3,3,6,6,3
248,0,1,0,0,0,0,0,0,0,0,0,0,5,6,5,4,21,23,10,10,5,4,4,4,4,5
249,0,0,0,0,0,0,0,0,0,0,0,0,2,3,2,3,14,18,11,12,3,4,6,2,4,4
250,0,0,0,0,0,0,0,0,0,0,0,0,7,3,3,6,21,18,11,15,2,5,3,3,3,2
251,0,0,0,0,0,0,0,0,0,0,0,0,3,4,2,2,17,19,14,14,5,6,2,6,5,6
252,1,0,0,0,0,0,0,0,0,0,0,0,4,7,3,2,17,20,11,7,5,2,2,4,6,3
253,1,0,0,0,0,0,0,0,0,0,0,0,4,1,4,2,21,16,12,14,5,6,6,4,1,2
254,0,0,0,0,0,0,0,0,0,0,0,0,4,5,2,4,14,16,12,15,4,6,4,3,6,6
255,0,1,0,0,0,0,0,0,0,0,0,0,3,4,1,4,15,18,13,11,3,3,6,6,3,4
256,0,1,0,0,0,0,0,0,0,0,0,0,5,1,6,1,24,16,13,14,4,3,3,3,5,4
257,1,0,0,0,0,0,0,0,0,0,0,0,4,6,4,3,16,17,14,11,3,4,3,4,3,3
258,0,0,0,0,0,0,0,0,0,0,0,0,3,4,2,1,17,14,10,15,5,3,5,4,3,5
259,0,1,0,0,0,0,0,0,0,0,0,0,3,5,2,6,16,21,12,11,4,3,3,4,4,4
260,0,1,0,0,0,0,0,0,0,0,0,0,6,4,5,4,22,17,10,11,4,5,5,2,7,5
261,0,0,0,0,0,0,0,0,0,0,0,0,5,3,2,2,16,16,12,10,4,6,4,5,3,2
262,1,0,0,0,0,0,0,0,0,0,0,0,4,4,4,2,17,23,12,16,4,4,3,4,3,6
263,0,1,0,0,0,0,0,0,0,0,0,0,4,5,2,5,20,22,14,8,5,3,4,5,3,4
264,0,0,0,0,0,0,0,0,0,0,0,0,4,4,3,2,18,18,9,10,3,2,4,3,4,3
265,0,0,0,0,0,0,0,0,0,0,0,0,3,5,2,5,16,16,17,17,4,6,4,4,3,4
266,1,0,0,0,0,0,0,0,0,0,0,0,2,4,4,0,16,15,8,11,3,3,4,6,7,2
267,0,0,0,0,0,0,0,0,0,0,0,0,4,3,4,3,21,20,12,9,5,2,4,4,2,7
268,0,2,0,0,0,0,0,0,0,0,0,0,5,5,2,5,21,24,11,10,5,4,3,2,3,5
269,1,1,0,0,0,0,0,0,0,0,0,0,5,4,3,3,17,15,11,12,3,6,6,5,5,3
270,0,0,0,0,0,0,0,0,0,0,0,0,4,4,4,2,19,19,10,10,2,2,5,4,3,3
271,0,1,0,0,0,0,0,0,0,0,0,0,3,2,2,1,17,9,14,17,5,5,3,2,7,4
272,0,0,0,0,0,0,0,0,0,0,0,0,3,5,3,5,14,22,19,14,7,7,4,5,1,4
273,0,0,0,0,0,0,0,0,0,0,0,0,3,3,3,3,18,15,11,12,3,3,4,7,5,2
274,1,0,0,0,0,0,0,0,0,0,0,0,7,3,4,4,24,21,9,11,3,3,4,3,4,9
275,0,0,0,0,0,0,0,0,0,0,0,0,2,6,4,1,14,16,15,11,5,4,3,5,4,3
276,1,0,0,0,0,0,0,0,0,0,0,0,6,5,3,4,18,23,10,12,2,4,5,2,4,4
277,0,0,0,0,0,0,0,0,0,0,0,0,6,4,2,3,22,17,11,13,5,4,3,6,3,3
278,0,0,0,0,0,0,0,0,0,0,0,0,1,3,3,2,18,16,10,14,4,6,4,1,4,4
279,0,0,0,0,0,0,0,0,0,0,0,0,5,3,2,4,16,21,12,16,2,4,3,4,5,4
280,0,0,0,0,0,0,0,0,0,0,0,0,4,5,4,5,19,18,13,8,5,2,5,5,2,3
281,1,0,0,0,0,0,0,0,0,0,0,0,2,5,2,2,14,19,14,12,4,4,6,4,6,5
282,0,0,0,0,0,0,0,0,0,0,0,0,4,2,4,2,19,16,9,9,4,4,5,4,3,1
283,0,0,0,0,0,0,0,0,0,0,0,0,4,6,0,2,16,17,15,13,6,4,1,4,5,7
284,0,0,0,0,0,0,0,0,0,0,0,0,5,5,4,4,21,22,13,11,4,5,2,3,6,3
285,0,0,0,0,0,0,0,0,0,0,0,0,7,3,5,3,24,18,9,10,4,2,5,3,3,7
286,0,1,0,0,0,0,0,0,0,0,0,0,4,3,1,2,13,12,12,11,3,3,5,5,4,2
287,0,0,0,0,0,0,0,0,0,0,0,0,2,4,5,3,20,18,10,16,3,8,5,4,3,4
288,0,1,0,0,0,0,0,0,0,0,0,0,2,5,3,2,15,16,13,12,5,5,3,3,6,2
289,0,0,0,0,0,0,0,0,0,0,0,0,5,3,1,5,15,24,14,13,5,4,5,5,1,3
290,0,0,0,0,0,0,0,0,0,0,0,0,4,4,2,4,14,20,19,9,6,1,4,6,4,6
291,0,0,0,0,0,0,0,0,0,0,0,0,5,5,3,2,22,18,7,12,3,2,3,5,6,5
292,1,0,0,0,0,0,0,0,0,0,0,0,4,2,6,2,21,12,9,12,3,4,5,5,4,4
293,0,0,0,0,0,0,0,0,0,0,0,0,4,6,1,3,18,17,12,15,5,4,3,1,3,3
294,1,0,0,0,0,0,0,0,0,0,0,0,3,3,2,5,16,24,16,12,5,6,4,5,4,5
295,0,0,0,0,0,0,0,0,0,0,0,0,5,6,3,3,16,18,9,12,1,5,3,3,4,2
296,1,0,0,0,0,0,0,0,0,0,0,0,5,3,3,2,18,17,11,12,5,5,4,4,4,5
297,0,2,0,0,0,0,0,0,0,0,0,0,2,4,3,2,18,17,15,9,5,2,5,5,3,5
298,1,0,0,0,0,0,0,0,0,0,0,0,4,4,3,1,15,13,13,14,3,4,6,4,4,3
299,1,1,0,0,0,0,0,0,0,0,0,0,6,2,3,5,21,22,10,10,2,3,5,3,5,3
300,0,1,0,0,0,0,0,0,0,0,0,0,1,8,4,3,16,21,13,14,5,6,3,4,1,2
301,0,0,0,0,0,0,0,0,0,0,0,0,5,3,2,5,17,21,14,11,6,3,3,3,7,5
302,0,0,0,0,0,0,0,0,0,0,0,0,2,4,5,4,23,16,13,15,2,4,4,3,4,4
303,0,0,0,0,0,0,0,0,0,0,0,0,5,2,3,0,16,12,13,7,5,3,4,6,5,5
304,0,1,0,0,0,0,0,0,0,0,0,0,5,3,1,3,18,19,13,12,5,4,2,5,5,5
305,0,1,0,0,0,0,0,0,0,0,0,0,5,6,5,2,24,20,4,12,2,4,5,3,4,5
306,0,1,0,0,0,1,0,0,0,0,0,0,4,4,3,5,17,20,12,11,4,4,5,5,3,2
307,0,0,0,0,0,1,0,0,0,0,0,0,5,3,3,4,20,20,13,14,6,5,3,4,3,7
308,0,0,0,0,0,0,0,1,0,0,0,0,2,1,2,2,15,12,10,11,2,3,6,6,4,2
309,1,0,0,0,0,0,0,3,0,1,0,0,4,7,4,2,19,17,14,18,3,5,2,2,5,1
310,0,0,0,0,0,0,0,0,0,0,0,0,4,5,4,4,21,24,12,7,7,4,4,4,4,4
311,1,1,0,0,0,0,0,0,0,0,0,0,4,4,2,4,15,18,12,14,4,4,4,4,5,6
312,0,0,0,0,0,0,0,0,0,0,0,0,5,6,1,1,15,18,12,6,3,2,5,1,4,4
313,0,1,0,0,0,0,0,0,0,0,0,0,5,2,5,3,19,12,13,19,5,5,4,5,2,4
314,0,0,0,0,0,0,0,0,0,0,0,0,3,3,3,3,18,15,10,14,2,6,4,4,4,4
315,1,0,0,0,0,0,0,0,0,0,0,0,3,3,4,2,20,18,11,12,5,3,2,5,8,5
316,2,0,0,0,0,0,0,0,0,0,0,0,6,3,1,6,16,24,15,12,5,7,4,4,2,2
317,0,1,0,0,0,0,0,0,0,0,0,0,2,5,4,3,20,18,9,13,1,5,3,4,3,2
318,0,0,0,0,0,0,0,0,0,0,0,0,4,6,3,0,15,15,14,9,6,1,4,4,1,4
319,0,0,0,0,0,0,0,0,0,0,0,0,3,3,2,4,20,19,11,13,2,2,4,4,7,6
320,1,0,0,0,0,0,0,0,0,0,0,0,5,4,2,3,17,17,11,11,5,4,5,4,5,3
321,0,0,0,0,0,0,0,0,0,0,0,0,4,4,5,3,21,17,11,11,3,4,6,6,4,6
322,1,0,0,0,0,0,0,0,0,0,0,0,6,5,4,5,22,25,11,9,4,4,3,4,2,4
323,0,0,0,0,0,0,0,0,0,0,0,0,3,3,4,3,17,16,15,13,5,6,4,4,4,2
324,0,0,0,0,0,0,0,0,0,0,0,0,3,5,2,4,13,21,11,12,4,4,3,2,4,8
325,1,1,0,0,0,0,0,0,0,0,0,0,3,2,2,1,14,11,14,16,4,5,3,5,3,3
326,0,1,0,0,0,0,0,0,0,0,0,0,3,5,3,2,18,15,13,11,3,2,6,4,3,1
327,0,0,0,0,0,0,0,0,0,0,0,0,5,3,2,4,18,17,15,12,5,4,5,3,6,5
328,0,0,0,0,0,0,0,0,0,0,0,0,4,6,3,3,18,24,10,12,4,6,3,6,5,4
329,0,1,0,0,0,0,0,0,0,0,0,0,5,3,4,2,20,17,12,12,5,2,5,1,3,3
330,1,0,0,0,0,0,0,0,0,0,0,0,2,4,2,3,18,17,11,14,2,3,3,6,4,5
331,0,0,0,0,0,0,0,0,0,0,0,0,5,4,4,3,17,14,10,15,3,5,5,3,2,3
332,0,0,0,0,0,0,1,0,1,0,0,0,4,4,4,3,24,19,15,8,7,5,3,4,5,5
333,0,0,0,0,0,0,1,0,1,0,0,0,6,3,3,3,14,19,14,12,7,5,2,6,6,3
334,0,0,0,0,0,0,0,0,0,0,0,0,4,4,3,5,17,21,11,9,2,3,7,3,1,6
335,0,0,0,0,0,0,0,0,0,0,0,0,1,5,1,3,13,24,13,12,6,4,3,1,4,3
336,0,2,0,0,0,0,0,0,0,0,0,0,7,4,4,3,23,17,12,9,2,1,6,4,3,5
337,0,0,0,0,0,0,0,0,0,0,0,0,3,4,4,1,20,14,11,13,3,5,4,5,5,3
338,0,0,0,0,0,0,0,0,0,0,0,0,2,6,2,3,16,21,11,11,3,4,3,4,3,6
339,0,0,0,0,0,0,0,0,0,0,0,0,4,1,3,7,18,20,11,16,5,7,3,4,6,3
340,0,0,0,0,0,0,0,0,0,0,0,0,7,5,6,2,24,17,10,11,3,4,4,4,7,3
341,0,1,0,0,0,0,0,0,0,0,0,0,3,4,2,0,17,12,12,11,5,3,5,6,2,3
342,1,1,0,0,0,0,0,0,0,0,0,0,3,2,2,3,18,17,16,9,5,3,2,3,6,5
343,0,0,0,0,0,0,0,0,0,0,0,0,4,5,3,3,15,19,8,15,2,4,6,3,2,5
344,1,0,0,0,0,0,0,0,0,0,0,0,5,5,3,2,16,18,16,10,5,2,2,5,3,3
345,0,1,0,0,0,0,0,0,0,0,0,0,4,3,2,7,16,21,14,12,5,5,5,3,1,5
346,0,1,0,0,0,0,0,0,0,0,0,0,3,4,2,1,18,15,12,13,6,5,2,5,6,3
347,0,0,0,0,0,0,0,0,0,0,0,0,6,6,3,2,20,20,7,12,1,4,4,3,5,3
348,0,2,0,0,0,0,0,0,0,0,0,0,5,4,2,5,16,18,10,16,3,6,6,3,4,5
349,1,1,0,0,0,0,0,0,0,0,0,0,2,3,5,1,17,16,15,13,6,4,3,5,4,5
350,1,0,0,0,0,0,0,0,0,0,0,0,4,3,4,4,17,21,11,12,3,3,4,5,7,4
351,2,0,0,0,0,0,0,0,0,0,0,0,5,5,4,4,21,19,15,7,5,1,3,6,2,6
352,0,1,0,0,0,0,0,0,0,0,0,0,3,5,2,2,18,20,8,9,3,4,6,6,4,0
353,0,0,0,0,0,0,0,0,0,0,0,0,3,2,2,4,19,16,13,14,5,6,4,2,3,7
354,0,1,0,0,0,0,0,0,0,0,0,0,5,4,4,2,17,14,12,17,2,6,4,2,4,1
355,0,0,0,0,0,0,0,0,0,0,0,0,2,6,4,2,20,20,12,11,5,2,6,3,5,3
356,1,1,0,0,0,0,0,0,0,0,0,0,4,4,2,2,20,16,10,9,3,3,4,5,4,4
357,0,0,0,0,0,0,0,0,0,0,0,0,6,2,5,7,20,22,10,11,3,5,2,4,5,3
358,0,0,0,0,0,0,0,0,0,0,0,0,4,5,2,4,14,21,13,11,4,3,4,4,3,9
359,1,0,0,0,0,0,0,0,0,0,0,0,7,5,2,3,21,20,13,12,5,3,5,5,3,3
360,1,0,0,0,0,0,0,0,0,0,0,0,3,3,2,2,14,16,12,16,3,5,4,4,5,2
361,0,1,0,0,0,0,0,0,0,0,0,0,4,4,4,3,18,15,14,14,5,6,2,3,2,3
362,1,1,0,0,0,0,0,0,0,0,0,0,3,4,3,1,15,15,13,9,6,2,5,6,5,5
363,1,0,0,0,0,0,0,0,0,0,0,0,2,4,2,2,21,15,12,14,3,7,5,2,4,4
364,0,0,0,0,0,0,0,0,0,0,0,0,6,3,1,4,17,22,17,14,4,4,4,3,3,6
365,0,0,0,0,0,0,0,0,0,0,0,0,3,5,5,3,17,20,8,10,4,3,5,5,6,1
366,0,0,0,0,0,0,0,0,0,0,0,0,6,3,4,4,23,20,11,7,5,1,3,5,2,5
367,0,0,0,0,0,0,0,0,0,0,0,0,2,6,3,3,16,18,10,12,4,5,4,6,7,6
368,0,0,0,0,0,0,0,0,0,0,0,0,3,3,3,2,16,18,15,13,3,5,2,3,3,6
369,0,1,0,0,0,0,0,0,0,0,0,0,5,2,5,3,22,14,10,16,3,4,3,3,5,1
370,1,0,0,0,0,0,0,0,0,0,0,0,3,7,3,2,17,18,14,10,5,4,6,4,4,4
371,0,0,0,0,0,0,0,0,0,0,0,0,5,2,3,5,19,21,9,12,3,3,6,4,3,4
372,0,0,0,0,0,0,0,0,0,0,0,0,4,6,1,2,18,20,12,8,4,3,4,6,2,4
373,1,0,0,0,0,0,0,0,0,0,0,0,6,4,3,6,20,21,11,16,4,6,3,2,7,6
374,0,1,0,0,0,0,0,0,0,0,0,0,2,2,4,1,15,11,17,14,6,5,3,4,2,4
375,0,0,0,0,0,0,0,0,0,0,0,0,4,5,1,2,13,18,14,13,4,5,4,1,5,2
376,0,0,0,0,0,0,0,0,0,0,0,0,3,6,2,2,16,19,13,10,4,3,4,6,5,2
377,1,0,0,0,0,0,0,0,0,0,0,0,6,3,4,4,21,16,10,10,3,4,5,5,2,3
378,0,0,0,0,0,0,0,0,0,0,0,0,3,3,6,1,22,15,8,18,2,6,4,2,5,6
379,0,0,0,0,0,0,0,0,0,0,0,0,4,3,4,5,23,18,9,12,5,2,2,6,3,6
380,0,0,0,0,0,0,0,0,0,0,0,0,4,5,1,2,13,19,13,11,5,2,6,4,3,4
381,0,0,0,0,0,0,0,0,0,0,0,0,4,4,4,3,18,16,14,12,5,3,4,4,4,2
382,0,0,0,0,0,0,0,0,0,0,0,0,6,2,3,5,21,21,13,14,5,8,5,3,4,5
383,1,0,0,0,0,0,0,0,0,0,0,0,1,6,1,3,11,19,16,8,6,2,3,4,2,5
384,0,0,0,0,0,0,0,0,0,0,0,0,5,5,4,4,20,23,11,8,1,3,2,5,8,3
385,0,0,0,0,0,0,0,0,0,0,0,0,2,3,3,1,20,17,11,13,6,4,4,4,4,6
386,0,1,0,0,0,0,0,0,0,0,0,0,4,4,2,3,14,15,12,11,3,4,5,4,5,1
387,1,1,0,0,0,0,0,0,0,0,0,0,5,5,5,2,21,16,10,16,2,6,4,5,2,5
388,0,0,0,0,0,0,0,0,0,0,0,0,3,3,2,3,14,16,14,14,4,4,6,3,5,6
389,0,1,0,0,0,0,0,0,0,0,0,0,5,2,3,4,21,16,9,11,4,3,2,5,3,3
390,1,0,0,0,0,0,0,0,0,0,0,0,5,6,2,3,17,25,13,7,2,2,4,2,6,4
391,1,0,0,0,0,0,0,0,0,0,0,0,7,3,3,3,24,18,11,18,6,7,3,4,4,4
392,0,0,0,0,0,0,0,0,0,0,0,0,3,5,3,0,12,14,14,11,3,3,4,4,2,1
393,1,1,0,0,0,0,0,0,0,0,0,0,2,4,3,4,16,19,11,10,4,4,4,4,4,6
394,0,0,0,0,0,0,0,0,0,0,0,0,4,3,3,8,22,22,9,12,4,5,5,3,4,4
395,0,0,0,0,0,0,0,2,0,0,0,0,3,5,4,5,16,22,13,10,3,2,4,4,3,4
396,0,1,0,0,0,2,0,3,0,0,0,0,5,2,3,3,20,18,13,11,5,5,2,4,4,4
397,0,0,0,0,0,2,0,3,0,1,0,0,1,3,3,2,15,19,7,12,2,3,5,6,5,4
398,1,0,0,0,0,0,0,0,0,0,0,0,5,4,4,2,20,20,14,11,5,4,2,3,5,4
399,0,0,0,0,0,0,0,0,0,0,0,0,5,5,4,2,22,17,12,14,4,6,7,5,5,4
400,1,0,0,0,0,0,0,0,0,0,0,0,4,3,4,5,20,16,14,16,5,4,3,3,3,4
401,0,1,0,0,0,0,0,0,0,0,0,0,5,4,0,1,15,14,10,14,3,5,5,3,5,3
402,0,0,0,0,0,0,0,0,0,0,0,0,3,5,4,2,17,20,13,9,6,3,5,4,2,7
403,0,1,0,0,0,0,0,0,0,0,0,0,5,5,4,4,23,23,12,7,4,2,3,4,3,5
404,0,1,0,0,0,0,0,0,0,0,0,0,4,5,2,4,16,19,11,12,3,5,2,3,5,3
405,0,1,0,0,0,0,2,0,1,0,0,0,4,3,3,4,18,15,9,14,2,5,6,6,5,2
406,0,0,0,0,0,0,0,0,0,0,0,0,4,2,4,2,16,16,16,16,4,6,3,6,4,5
407,0,0,0,0,3,0,4,0,1,0,0,0,3,5,5,3,19,18,13,13,5,5,3,3,2,4
408,0,0,0,0,0,0,4,0,1,0,0,0,3,5,3,5,21,22,12,10,3,2,5,3,5,3
409,0,0,0,0,0,0,0,0,0,0,0,0,5,4,4,2,19,19,13,9,6,2,4,4,3,6
410,0,0,0,0,0,0,0,0,0,0,0,0,4,2,2,1,17,15,11,10,4,2,5,5,6,2
411,1,1,0,0,0,0,0,0,0,0,0,0,4,5,1,4,15,16,10,12,5,5,4,4,4,4
412,0,1,0,0,0,0,0,0,0,0,0,0,2,4,5,1,18,18,14,13,4,4,3,3,3,6
413,0,0,0,0,0,0,0,0,0,0,0,0,5,7,2,3,20,17,11,15,3,4,4,4,4,1
414,0,1,0,0,0,0,0,0,0,0,0,0,4,3,3,4,17,18,12,14,5,5,4,3,4,7
415,0,1,0,0,0,0,0,0,0,0,0,0,5,4,4,5,22,22,8,9,3,4,4,4,4,3
416,1,0,0,0,0,0,0,0,0,0,0,0,5,3,4,4,20,17,10,8,3,2,3,3,6,7
417,0,1,0,0,0,0,0,0,0,0,0,0,2,5,2,3,17,22,12,13,4,4,4,4,5,1
418,1,0,0,0,0,0,0,0,0,0,0,0,6,3,5,2,17,16,17,14,4,5,3,6,2,3
419,0,1,0,0,0,0,0,0,0,0,0,0,3,3,3,3,20,18,9,11,4,4,7,1,6,8
420,0,1,0,0,0,0,0,0,0,0,0,0,5,3,2,2,15,16,12,15,3,6,6,5,4,0
421,2,0,0,0,0,0,0,0,0,0,0,0,5,4,2,3,19,17,10,12,4,2,1,7,2,4
422,1,0,0,0,0,0,0,0,0,0,0,0,2,6,4,5,18,23,17,12,5,5,6,4,2,4
423,1,0,0,0,0,0,0,0,0,0,0,0,4,3,3,1,19,18,15,9,6,3,3,4,5,5
424,0,0,0,0,0,0,0,0,0,0,0,0,5,5,4,4,20,20,7,16,3,5,5,2,5,5
425,0,0,0,0,0,0,0,0,0,0,0,0,4,4,1,2,18,13,9,12,3,4,4,6,3,1
426,0,0,0,0,0,0,0,0,0,0,0,0,4,3,3,3,19,19,13,11,4,4,3,5,4,3
427,0,0,0,0,0,0,0,0,0,0,0,0,3,4,4,2,17,17,10,11,3,5,5,3,6,7
428,0,0,0,0,0,0,0,0,0,0,0,0,1,6,3,4,15,19,14,10,4,2,4,3,1,3
429,0,2,0,0,0,0,0,0,0,0,0,0,7,3,2,2,18,14,12,14,4,5,4,3,6,4
430,1,0,0,0,0,0,0,0,0,0,0,0,5,4,4,4,24,18,10,11,4,4,4,4,4,4
431,0,0,0,0,0,0,0,0,0,0,0,0,5,4,2,2,14,20,12,13,4,5,3,2,3,5
432,0,1,0,0,0,0,0,0,0,0,0,0,4,5,5,5,22,22,10,11,3,4,2,6,5,4
433,2,0,0,0,0,0,0,0,0,0,0,0,1,1,4,3,17,17,12,13,5,3,4,4,2,3
434,0,1,0,0,0,0,0,0,0,0,0,0,6,3,2,2,19,14,17,14,5,3,5,3,5,6
435,0,0,0,0,0,0,0,0,0,0,0,0,2,4,2,2,14,16,16,14,5,5,5,5,5,3
436,0,1,0,0,0,0,0,0,0,0,0,0,4,4,1,4,15,17,13,14,4,4,3,4,5,3
437,1,0,0,0,0,0,0,0,0,0,0,0,4,6,3,2,16,20,10,12,4,5,4,5,3,2
438,0,1,0,0,0,0,0,0,0,0,0,0,5,5,6,4,20,22,9,7,3,3,3,4,6,5
439,1,0,0,0,0,0,0,0,0,0,0,0,3,6,3,5,16,21,11,12,5,5,5,4,1,4
440,0,0,0,0,0,0,0,0,0,0,0,0,3,2,2,2,17,16,14,10,4,3,3,4,4,1
441,0,0,0,0,0,0,0,0,0,0,0,0,4,5,2,1,17,15,13,11,4,4,5,3,4,6
442,0,1,0,0,0,0,0,0,0,0,0,0,6,4,3,3,23,19,15,11,6,4,4,5,4,5
443,0,0,0,0,0,0,0,0,0,0,0,0,4,2,4,3,20,17,8,12,1,3,5,5,4,3
444,0,0,0,0,0,0,0,0,0,0,0,0,6,4,3,4,22,17,9,16,3,7,4,2,4,5
445,0,0,0,0,0,0,0,0,0,0,0,0,4,3,2,2,14,17,15,15,6,5,3,3,4,4
446,0,0,0,0,0,0,0,0,0,0,0,0,2,4,2,5,10,19,18,7,6,1,2,4,4,6
447,1,0,0,0,0,0,0,0,0,0,0,0,1,5,4,3,18,19,14,13,5,4,5,5,3,3
448,0,1,0,0,0,0,0,0,0,0,0,0,7,2,4,2,23,15,8,12,2,2,4,4,7,5
449,1,1,0,0,0,0,0,0,0,0,0,0,4,4,1,4,17,20,12,16,7,7,4,6,4,3
450,0,0,0,0,0,0,0,0,0,0,0,0,5,8,3,4,17,21,8,10,1,3,3,2,3,3
451,0,0,0,0,0,0,0,0,0,0,0,0,3,4,3,3,18,19,10,10,2,4,6,6,3,4
452,1,2,0,0,0,0,0,0,0,0,0,0,6,4,2,2,18,16,16,12,6,2,2,4,4,2
453,0,1,0,0,0,0,0,0,0,0,0,0,2,3,6,3,24,14,11,14,2,7,6,2,4,4
454,1,0,0,0,0,0,0,0,0,0,0,0,4,2,2,0,14,14,14,16,5,6,4,4,4,5
455,0,0,0,0,0,0,0,0,0,0,0,0,4,5,2,2,17,19,7,14,3,3,3,3,5,5
456,0,0,0,0,0,0,0,0,0,0,0,0,4,3,2,5,16,21,14,8,4,3,6,5,3,6
457,1,0,0,0,0,0,0,0,0,0,0,0,2,5,4,5,15,20,15,14,5,4,3,4,6,3
458,0,1,0,0,0,0,0,0,0,0,0,0,5,6,5,2,22,21,11,8,4,4,5,5,1,2
459,0,1,0,0,0,0,0,0,0,0,0,0,5,3,1,3,18,18,12,9,4,2,4,5,6,6
460,0,0,0,0,0,0,0,0,0,0,0,0,6,2,3,2,23,15,11,11,4,3,3,2,4,2
461,0,1,0,0,0,0,0,0,0,0,0,0,5,3,4,4,19,16,8,18,3,8,5,4,4,3
462,1,0,0,0,0,0,0,0,0,0,0,0,2,4,3,3,17,17,15,9,4,2,2,5,2,5
463,1,1,0,0,0,0,0,0,0,0,0,0,3,7,3,2,11,22,13,11,3,4,6,2,3,6
464,0,0,0,0,0,0,0,0,0,0,0,0,3,4,3,3,20,20,15,9,7,2,5,5,5,2
465,1,1,0,0,0,0,0,0,0,0,0,0,5,5,5,4,23,18,11,15,3,7,4,4,7,6
466,0,2,0,0,0,0,0,0,0,0,0,0,5,1,2,3,17,11,5,13,3,3,3,5,4,2
467,0,1,0,0,0,0,0,0,0,0,0,0,2,6,3,1,14,16,16,13,5,4,3,3,4,4
468,0,0,0,0,0,0,0,0,0,0,0,0,4,3,1,5,16,27,14,8,6,4,4,3,2,10
469,0,1,0,0,0,0,0,0,0,0,0,0,4,6,5,2,21,19,12,14,2,6,2,4,5,1
470,1,1,0,0,0,0,0,0,0,0,0,0,4,3,2,5,16,15,8,11,3,3,5,6,7,1
471,1,1,0,0,0,0,0,0,0,0,0,0,6,5,3,2,21,19,11,15,4,5,6,2,1,4
472,0,0,0,0,0,0,0,0,0,0,0,0,3,1,3,2,18,15,17,12,5,3,5,6,2,4
473,0,0,0,0,0,0,0,0,0,0,0,0,5,6,4,6,21,23,10,11,4,4,3,4,5,4
474,0,1,0,0,0,0,0,0,0,0,0,0,2,2,2,1,15,16,16,10,5,4,4,4,4,7
475,0,0,0,0,0,0,0,0,0,0,0,0,6,3,5,2,23,13,9,16,3,5,3,2,4,2
476,0,0,0,0,0,0,0,0,0,0,0,0,1,5,2,4,15,19,14,10,4,1,5,8,5,3
477,0,0,0,0,0,0,0,0,0,0,0,0,6,4,2,2,20,16,12,13,5,3,2,4,3,4
478,1,0,0,0,0,0,0,0,0,0,0,0,6,4,4,4,20,22,10,14,3,6,5,4,2,5
479,0,0,0,0,0,0,0,0,0,0,0,0,1,4,0,4,11,20,12,12,5,4,5,3,5,6
480,0,1,0,0,0,0,0,0,0,0,0,0,5,4,6,4,22,17,13,12,2,6,3,3,5,2
481,0,1,0,0,0,0,0,0,0,0,0,0,5,5,3,2,18,19,10,10,2,3,3,2,4,4
482,0,0,0,0,0,0,0,0,0,0,0,0,2,5,3,3,14,18,13,13,7,2,6,5,2,5
483,0,0,0,0,0,0,0,0,0,0,0,0,3,4,2,2,18,16,12,9,3,4,2,5,6,3
484,0,0,0,0,0,0,0,0,0,0,0,0,6,3,4,4,19,18,14,13,6,5,5,4,2,4
485,0,1,0,0,0,0,0,0,0,0,0,0,4,4,4,1,21,16,13,13,4,5,2,3,3,4
486,1,0,0,0,0,0,0,0,0,0,0,0,3,3,3,5,14,20,11,8,3,2,8,5,8,4
487,0,2,0,0,0,0,0,0,0,0,0,0,5,6,2,3,18,22,11,12,3,3,4,3,3,6
488,0,1,0,0,0,0,0,1,0,0,0,0,3,3,2,3,18,18,14,13,6,5,2,2,4,4
489,0,0,0,0,0,0,0,0,0,0,0,0,5,3,3,2,21,13,8,12,2,4,3,5,6,2
490,0,0,0,1,0,0,0,3,0,0,0,0,2,4,3,2,16,18,15,15,5,5,5,6,2,1
491,1,0,0,0,0,0,0,1,0,1,0,0,6,4,2,3,17,17,11,15,4,5,6,4,3,7
492,0,0,0,0,0,0,0,0,0,0,0,0,4,5,3,6,20,24,10,10,2,3,2,4,6,6
493,0,0,0,0,0,0,0,0,0,0,0,0,2,3,3,3,19,19,14,11,6,3,3,3,6,4
494,1,0,0,0,0,0,0,0,0,0,0,0,8,5,4,2,20,17,9,12,1,4,5,6,2,1
495,1,0,0,0,0,0,0,0,0,0,0,0,3,4,2,4,13,21,17,11,7,4,3,6,2,3
496,0,0,0,0,0,0,0,0,0,0,0,0,2,4,4,1,17,15,12,14,3,4,5,3,3,6
497,1,0,0,0,0,0,0,0,0,0,0,0,5,4,2,5,19,18,9,12,4,6,4,3,6,4
498,0,1,0,0,0,0,0,0,0,0,0,0,3,4,5,5,21,23,10,11,3,4,7,3,5,3
499,0,0,0,0,0,0,0,0,0,0,0,0,5,3,5,2,21,14,13,10,5,3,3,4,4,6
500,0,2,0,0,0,0,0,0,0,0,0,0,5,5,0,0,16,14,13,12,4,3,3,4,2,5
501,1,0,0,0,0,0,0,0,0,0,0,0,4,4,1,2,16,19,10,16,4,6,3,3,6,3
502,0,0,0,0,0,0,0,0,0,0,0,0,4,3,6,6,23,22,11,9,6,2,4,4,5,4
503,1,0,0,0,0,0,0,0,0,0,0,0,5,6,4,2,15,17,12,12,2,4,4,6,2,2
504,0,1,0,0,0,0,0,0,0,0,0,0,3,4,2,3,16,17,15,16,6,7,5,3,3,6
505,1,0,0,0,0,0,0,0,0,0,0,0,3,5,2,3,15,21,14,9,4,3,3,3,5,3
506,0,1,0,0,0,0,0,0,0,0,0,0,4,3,2,2,20,13,15,12,4,3,3,6,6,5
507,0,0,0,0,0,0,0,0,0,0,0,0,4,2,5,5,19,18,12,13,2,3,5,3,1,2
508,0,0,0,0,0,0,0,0,0,0,0,0,3,4,3,3,19,20,10,8,4,4,3,4,6,5
509,0,1,0,0,0,0,0,0,0,0,0,0,5,4,3,2,17,20,10,12,3,3,5,3,5,5
510,0,1,0,0,0,0,0,0,0,0,0,0,5,3,2,3,18,14,11,13,6,6,3,7,5,3
511,0,1,0,0,0,0,0,0,0,0,0,0,3,6,3,1,18,15,11,16,2,7,5,3,1,3
512,0,0,0,0,2,0,0,0,0,0,0,0,5,3,3,6,18,20,10,11,5,3,4,3,6,2
513,1,0,0,0,0,0,0,0,0,0,0,0,2,4,4,3,17,19,12,11,5,2,4,2,3,8
514,0,1,0,0,0,0,0,0,0,0,0,0,6,4,2,3,20,18,12,14,2,6,3,8,6,3
515,0,0,0,0,0,0,2,0,0,0,0,0,3,4,6,3,20,19,12,12,4,2,3,3,3,3
516,0,0,0,0,0,0,0,0,0,0,0,0,3,3,2,1,17,16,18,11,7,5,5,4,3,5
517,0,0,0,0,0,0,0,0,0,0,0,0,5,5,3,4,20,20,11,9,5,2,5,3,5,5
518,0,0,0,0,0,0,0,0,0,0,0,0,4,5,4,4,14,19,14,15,3,6,3,3,2,3
519,0,0,0,0,0,0,0,0,0,0,0,0,4,5,4,3,22,23,11,12,3,4,6,5,3,4
520,1,0,0,0,0,0,0,0,0,0,0,0,3,4,1,3,14,17,11,7,5,3,3,5,5,3
521,0,0,0,0,0,0,0,0,0,0,0,0,4,6,4,1,21,19,10,10,2,2,4,3,5,6
522,1,0,0,0,0,0,0,0,0,0,0,0,5,2,3,4,16,18,13,15,5,7,3,2,5,4
523,1,3,0,0,0,0,0,0,0,0,0,0,4,2,3,4,17,13,10,16,2,5,5,5,2,3
524,0,0,0,0,0,0,0,0,0,0,0,0,4,5,1,1,18,16,14,15,4,5,5,4,3,5
525,0,0,0,0,0,0,0,0,0,0,0,0,5,3,2,3,20,19,13,10,7,4,2,4,7,1
526,0,1,0,0,0,0,0,0,0,0,0,0,3,5,6,2,18,17,9,12,3,5,4,4,5,5
527,0,0,0,0,0,0,0,0,0,0,0,0,4,6,6,3,21,18,7,13,2,3,5,4,2,4
528,1,0,0,0,0,0,0,0,0,0,0,0,4,3,0,4,14,18,18,11,8,2,5,5,4,4
529,1,0,0,0,0,0,0,0,0,0,0,0,5,3,3,4,19,20,11,10,3,3,3,5,2,5
530,1,0,0,0,0,0,0,0,0,0,0,0,4,3,3,3,20,20,12,10,3,5,4,4,6,4
531,1,0,0,0,0,0,0,0,0,0,0,0,1,7,2,2,15,19,12,11,4,4,3,3,3,5
532,0,1,0,0,0,0,0,0,0,0,0,0,4,2,5,3,19,14,12,12,3,2,5,4,2,4
533,0,0,0,0,0,0,0,0,0,0,0,0,6,4,2,2,18,18,15,14,4,5,3,3,7,5
534,0,0,0,0,0,0,0,0,0,0,0,0,4,3,1,3,19,16,13,13,7,3,5,6,4,4
535,1,0,0,0,0,0,0,0,0,0,0,0,6,4,6,3,22,18,9,13,3,6,5,4,3,1
536,0,1,0,0,0,0,0,0,0,0,0,0,4,5,2,3,18,18,12,14,4,6,4,5,5,4
537,0,0,0,0,0,0,0,0,0,0,0,0,2,3,2,4,9,24,16,9,4,3,3,4,2,4
538,0,0,0,0,0,0,0,0,0,0,0,0,6,5,3,4,20,18,10,9,3,2,4,3,4,5
539,1,0,0,0,0,0,0,0,0,0,0,0,1,4,3,4,18,20,13,9,5,2,2,5,7,4
540,1,0,0,0,0,1,0,0,0,0,0,0,4,3,3,1,21,13,11,13,3,5,4,2,4,3
541,0,0,0,0,0,1,0,0,0,0,0,0,5,4,3,5,17,19,11,12,4,4,5,5,5,5
542,0,0,0,0,0,0,0,2,0,0,0,0,5,3,4,5,19,19,9,11,3,4,4,3,2,4
543,0,0,0,0,0,0,0,3,0,1,0,0,3,6,3,3,16,22,14,11,5,3,4,4,4,3
544,0,1,0,0,0,1,0,3,0,0,0,0,3,1,3,6,21,24,12,13,4,5,6,5,3,2
545,0,0,0,1,0,5,0,5,0,1,0,0,5,4,4,5,16,24,11,15,5,5,3,4,4,6
546,0,0,0,0,0,0,0,2,0,1,0,0,6,2,0,4,18,16,12,11,4,3,4,3,3,4
547,0,1,0,0,0,0,0,0,0,0,0,0,2,6,3,1,16,17,15,12,4,5,5,4,4,5
548,0,0,0,0,0,0,0,0,0,0,0,0,4,4,3,2,17,18,10,17,2,6,4,4,6,3
549,0,1,0,0,0,0,0,0,0,0,0,0,4,2,5,3,22,16,10,12,4,3,2,4,7,3
550,1,1,0,0,0,0,0,0,0,0,0,0,4,5,3,3,19,20,9,12,3,5,4,4,3,6
551,0,0,0,0,0,0,0,0,0,0,0,0,7,7,2,5,19,22,15,11,6,3,3,2,2,3
552,1,0,0,0,0,0,0,0,0,0,0,0,2,3,3,3,16,18,14,11,3,3,6,6,4,2
553,1,1,0,0,0,0,0,0,0,0,0,0,2,2,4,3,16,16,14,11,5,2,4,5,4,3
554,0,1,0,0,0,0,0,0,0,0,0,0,5,5,2,2,18,19,10,15,4,6,5,5,5,5
555,1,0,0,0,0,0,0,0,0,0,0,0,3,1,4,4,20,17,8,10,3,4,5,5,3,5
556,0,1,0,0,0,0,0,0,0,0,0,0,4,8,4,4,19,24,15,12,5,5,2,3,4,3
557,0,1,0,0,0,0,0,0,0,0,0,0,5,3,1,2,16,16,12,8,4,3,4,3,4,6
558,1,1,0,0,0,0,0,0,0,0,0,0,3,5,4,2,16,14,13,10,4,3,5,4,4,4
559,0,0,0,0,0,0,0,0,0,0,0,0,4,4,3,6,18,22,13,17,3,6,2,2,3,2
560,0,0,0,0,0,0,0,0,0,0,0,0,4,4,1,3,19,18,9,10,3,2,7,7,3,6
561,0,0,0,0,0,0,2,0,0,0,0,0,6,3,2,0,18,12,10,18,3,5,2,2,5,3
562,0,0,0,0,0,0,1,0,0,0,0,0,4,4,4,4,18,18,13,12,5,5,5,5,2,4
563,1,0,0,0,2,0,0,0,0,0,0,0,2,6,5,3,19,22,13,7,5,2,4,3,4,4
564,0,1,0,0,0,0,3,0,2,0,0,0,6,4,3,3,23,18,13,9,4,4,5,4,4,3
565,0,1,0,0,0,0,0,0,0,0,0,0,4,2,2,3,17,17,14,15,3,5,2,3,4,6
566,0,1,0,0,0,0,0,0,0,0,0,0,3,3,3,3,19,14,9,13,3,4,3,5,6,3
567,0,1,0,0,0,0,0,0,0,0,0,0,3,3,4,2,17,17,11,12,4,3,5,5,3,5
568,1,0,0,0,0,0,0,0,0,0,0,0,5,6,2,3,15,22,18,10,7,4,4,3,5,5
569,1,0,0,0,0,0,0,0,0,0,0,0,3,5,4,3,17,21,12,14,3,6,6,3,2,3
570,0,1,0,0,0,0,0,0,0,0,0,0,3,2,3,6,19,18,9,11,4,3,3,6,5,1
571,0,0,0,0,0,0,0,0,0,0,0,0,5,7,5,4,24,22,13,16,8,5,3,2,2,6
572,1,0,0,0,0,0,0,0,0,0,0,0,5,3,1,1,16,13,11,7,2,2,5,4,6,4
573,1,1,0,0,0,0,0,0,0,0,0,0,2,4,3,1,16,16,12,14,2,7,6,3,4,4
574,0,0,0,0,0,0,0,0,0,0,0,0,4,1,3,2,16,15,12,14,4,2,1,7,5,4
575,0,0,0,0,0,0,0,0,0,0,0,0,6,4,5,5,23,21,7,10,3,3,4,3,4,5
576,0,1,0,0,0,0,0,0,0,0,0,0,3,5,2,2,13,17,15,13,6,5,3,6,4,6
577,0,0,0,0,0,0,0,0,0,0,0,0,5,5,2,4,22,21,13,9,5,3,3,2,3,3
578,0,0,0,0,0,0,0,0,0,0,0,0,6,5,1,3,18,21,11,12,3,4,5,5,4,2
579,1,0,0,0,0,0,0,0,0,0,0,0,3,3,6,5,21,21,8,13,1,5,5,4,5,4
580,1,0,0,0,0,0,0,0,0,0,0,0,4,6,2,3,12,17,15,11,5,4,4,3,1,5
581,0,1,0,0,0,0,0,0,0,0,0,0,3,3,2,2,14,13,15,12,5,4,4,5,6,5
582,0,0,0,0,0,0,0,0,0,0,0,0,3,2,2,2,19,17,13,11,5,2,3,3,5,3
583,1,0,0,0,0,0,0,0,0,0,0,0,7,4,4,2,22,14,10,12,4,5,4,5,2,2
584,0,0,0,0,0,0,0,0,0,0,0,0,3,6,4,3,19,23,12,14,4,6,6,2,4,5
585,0,2,0,0,0,0,0,0,0,0,0,0,5,6,3,3,20,19,11,14,3,4,3,4,5,6
586,0,0,0,0,0,0,0,0,0,0,0,0,4,4,4,3,19,21,12,7,4,1,4,4,5,1
587,0,0,0,0,0,0,0,0,0,0,0,0,2,0,2,4,14,12,12,16,5,4,5,5,3,5
588,2,0,0,0,0,0,0,0,0,0,0,0,4,4,3,3,18,17,14,14,4,5,4,5,2,3
589,0,1,0,0,0,0,0,0,0,0,0,0,4,4,3,3,17,15,10,12,3,5,2,4,6,7
590,0,1,0,0,0,0,0,0,0,0,0,0,5,6,3,4,21,23,14,10,6,3,4,3,6,5
591,1,1,0,0,0,0,0,0,0,0,0,0,4,3,4,3,18,18,12,12,3,5,5,3,0,5
592,0,1,0,0,0,0,0,0,0,0,0,0,6,3,2,2,21,19,9,9,2,3,5,6,5,3
593,0,1,0,0,0,0,0,0,0,0,0,0,1,5,2,5,16,19,15,15,5,5,3,1,5,3
594,0,0,0,0,0,0,0,0,0,0,0,0,5,5,3,2,15,18,11,8,4,3,5,5,3,3
595,0,0,0,0,0,0,0,0,0,0,0,0,3,4,2,2,19,16,11,16,5,6,4,4,5,4
596,0,0,0,0,0,0,0,0,0,0,0,0,5,1,6,4,20,19,12,14,4,4,4,6,4,2
597,0,0,0,0,0,0,0,0,0,0,0,0,4,7,2,2,18,19,10,14,2,3,3,2,4,5
598,1,0,0,0,0,0,0,0,0,0,0,0,2,3,4,4,18,19,15,6,6,2,7,8,4,3
599,0,0,0,0,0,0,0,0,0,0,0,0,6,5,3,3,18,18,13,14,4,6,2,2,5,7
600,0,0,0,0,0,0,0,0,0,0,0,0,4,2,3,2,18,12,10,12,4,5,3,4,5,2
601,0,0,0,0,0,0,0,1,0,0,0,0,2,3,2,3,17,18,13,12,4,4,5,2,3,3
602,1,0,0,0,0,0,0,1,0,0,0,0,3,6,3,2,15,20,12,15,3,4,4,4,4,5
603,0,0,0,0,0,2,0,1,0,0,0,0,5,2,3,4,20,17,11,8,3,3,4,5,3,3
604,1,0,0,0,0,0,0,1,0,1,0,0,5,8,3,3,18,23,15,14,9,5,2,3,3,5
605,0,1,0,0,0,0,0,0,0,0,0,0,4,3,3,3,21,19,8,9,2,1,4,7,5,1
606,1,1,0,0,0,0,0,0,0,0,0,0,5,4,3,1,17,17,11,14,2,5,5,2,6,6
607,0,1,0,0,0,0,0,0,0,0,0,0,3,4,5,5,19,18,10,16,2,5,5,3,6,2
608,1,0,0,0,0,0,0,0,0,0,0,0,4,4,3,3,15,16,15,12,6,5,4,3,2,7
609,0,0,0,0,0,0,0,0,0,0,0,0,4,3,0,5,20,17,14,6,5,2,4,8,1,2
610,0,0,0,0,0,0,0,0,0,0,0,0,4,3,4,3,18,19,9,14,2,5,5,2,5,5
611,0,1,0,0,0,0,0,0,0,0,0,0,4,5,5,4,19,19,11,14,3,5,2,4,4,5
612,0,1,0,0,0,0,0,0,0,0,0,0,5,3,1,0,13,12,12,12,4,6,4,8,4,2
613,0,0,0,0,0,0,0,0,0,0,0,0,4,5,5,3,22,20,15,12,8,3,3,1,3,5
614,0,0,0,0,0,0,0,0,0,0,0,0,4,5,3,3,17,25,10,9,1,2,7,4,5,4
615,0,0,0,0,0,0,0,0,0,0,0,0,3,5,1,4,15,19,13,11,5,4,5,4,4,5
616,0,0,0,0,0,0,0,0,0,0,0,0,3,3,3,4,18,20,14,10,4,2,4,4,3,2
617,0,0,0,0,0,0,0,0,0,0,0,0,4,5,2,2,19,17,11,13,4,4,3,4,6,9
618,0,0,0,0,0,0,0,0,0,0,0,0,5,3,4,6,19,21,12,12,5,5,3,5,2,0
619,0,0,0,0,0,0,0,0,0,0,0,0,5,4,4,3,18,15,11,14,3,5,4,4,5,5
620,0,0,0,0,0,0,0,0,0,0,0,0,3,2,1,1,18,15,13,11,4,4,3,3,4,6
621,0,0,0,0,0,0,0,0,0,0,0,0,6,4,4,2,21,16,10,15,3,5,4,4,5,1
622,0,0,0,0,0,0,0,0,0,0,0,0,4,5,2,3,14,20,15,11,7,4,3,4,4,6
623,0,0,0,0,0,0,0,0,0,0,0,0,2,6,3,1,17,16,12,14,2,3,5,0,4,5
624,0,0,0,0,0,0,0,0,0,0,0,0,5,5,4,4,22,22,12,10,5,4,6,8,5,2
625,0,1,0,0,0,0,0,0,0,0,0,0,2,2,2,4,16,19,8,13,3,4,5,5,2,4
626,0,0,0,0,0,0,0,0,0,0,0,0,6,1,3,5,18,19,11,10,3,4,3,5,4,5
627,1,0,0,0,0,0,0,0,0,0,0,0,2,6,4,2,19,14,16,10,7,2,3,2,3,4
628,0,0,0,0,0,0,0,0,0,0,0,0,5,4,4,4,24,21,10,15,3,6,4,3,6,4
629,0,0,0,0,0,0,0,0,0,0,0,0,6,2,3,2,19,16,11,13,2,4,2,4,5,5
630,0,1,0,0,0,0,0,0,0,0,0,0,3,5,2,2,13,14,15,12,4,5,5,3,3,3
631,2,0,0,0,0,0,0,0,0,0,0,0,3,5,4,3,17,21,11,10,4,4,4,6,5,4
632,1,1,0,0,0,0,0,0,0,0,0,0,4,5,2,1,15,15,12,13,5,2,3,4,3,6
633,0,1,0,0,0,0,0,0,0,0,0,0,5,2,1,4,18,15,12,19,3,9,5,4,4,1
634,1,0,0,0,0,0,0,0,0,0,0,0,3,3,2,3,15,21,11,8,5,0,4,2,4,5
635,0,0,0,0,0,0,0,0,0,0,0,0,5,5,4,6,19,22,13,11,4,5,5,6,3,3
636,0,1,0,0,0,0,0,0,0,0,0,0,4,4,3,2,17,16,13,15,3,4,1,5,4,5
637,0,0,0,0,0,0,0,0,0,0,0,0,5,3,4,4,23,21,8,10,3,3,6,5,4,3
638,1,1,0,0,0,0,0,0,0,0,0,0,4,7,4,2,16,15,14,9,6,3,6,2,4,4
639,0,0,0,0,0,0,0,0,0,0,0,0,2,3,3,3,16,17,14,12,6,5,4,3,4,6
640,0,0,0,0,0,0,0,0,0,0,0,0,4,4,3,1,20,17,13,12,4,5,1,4,4,2
641,0,0,0,0,0,0,0,0,0,0,0,0,5,6,2,3,19,24,15,12,3,3,4,6,4,5
642,0,1,0,0,0,0,0,0,0,0,0,0,2,2,4,6,20,19,8,11,3,3,5,3,4,3
643,1,0,0,0,0,0,0,0,0,0,0,0,3,5,3,3,17,15,11,13,5,3,6,4,5,4
644,1,0,0,0,0,0,0,0,0,0,0,0,6,1,3,1,18,14,13,13,4,4,1,4,4,5
645,0,1,0,0,0,0,0,0,0,0,0,0,3,4,2,2,13,16,16,12,5,5,6,4,6,3
646,0,1,0,0,0,0,0,0,0,0,0,0,4,8,3,2,18,20,11,12,2,4,3,4,2,6
647,1,0,0,0,0,0,0,0,0,0,0,0,5,2,3,3,19,16,15,15,6,5,4,2,2,3
648,0,0,0,0,0,0,0,0,0,0,0,0,4,4,3,5,19,22,9,8,3,3,5,6,4,2
649,1,0,0,0,0,0,0,0,0,0,0,0,3,6,5,4,17,21,10,12,3,6,2,4,9,5
650,0,2,0,0,2,0,0,0,0,0,0,0,5,2,5,3,26,18,9,13,4,3,3,5,2,6
651,2,1,0,0,0,0,0,0,0,0,0,0,2,4,3,0,15,13,11,8,2,3,6,4,4,1
652,0,0,0,0,0,0,2,0,0,0,0,0,5,3,4,6,21,20,10,18,4,6,5,3,1,6
653,0,0,0,0,0,0,3,0,1,0,0,0,8,6,2,3,20,20,16,10,6,3,4,4,3,4
654,0,1,0,0,0,0,0,0,0,0,0,0,0,5,2,3,16,20,11,8,4,3,3,3,5,3
655,1,0,0,0,0,0,0,0,0,0,0,0,5,3,2,3,16,22,14,10,4,3,5,3,3,4
656,1,0,0,0,0,0,0,0,0,0,0,0,5,4,4,2,22,12,11,19,3,6,4,4,4,2
657,0,0,0,0,0,0,0,0,0,0,0,0,2,4,3,4,17,17,11,12,4,5,4,2,6,8
658,0,0,0,0,0,0,0,0,0,0,0,0,7,2,5,3,19,17,12,11,5,4,3,6,3,3
659,0,1,0,0,0,0,0,0,0,0,0,0,4,5,1,2,15,17,10,12,3,3,5,5,3,1
660,0,1,0,0,0,0,0,0,0,0,0,0,3,2,3,4,17,19,19,15,6,6,4,4,6,5
661,1,1,0,0,0,0,0,0,0,0,0,0,4,5,2,2,15,17,13,11,5,3,5,4,3,6
662,0,0,0,0,0,0,0,0,0,0,0,0,3,5,4,4,22,17,5,10,1,3,3,7,4,3
663,1,0,0,0,0,0,0,0,0,0,0,0,4,6,3,2,19,22,12,9,4,4,4,1,5,5
664,0,0,0,0,0,0,0,0,0,0,0,0,6,2,3,4,19,15,13,14,4,4,2,5,5,4
665,1,0,0,0,0,0,0,0,0,0,0,0,3,5,4,1,18,20,15,10,5,2,4,4,5,4
666,0,0,0,0,0,0,0,0,0,0,0,0,5,2,3,4,19,15,7,13,2,5,6,5,3,4
667,0,0,0,0,0,0,0,0,0,0,0,0,2,5,1,2,14,20,15,10,7,4,4,2,2,3
668,0,0,0,0,0,0,0,0,0,0,0,0,7,5,2,2,20,17,12,12,3,4,3,4,5,4
669,0,0,0,0,0,0,0,0,0,0,0,0,4,5,5,6,18,23,11,13,3,4,4,4,1,3
670,2,1,0,0,0,0,0,0,0,0,0,0,2,2,3,2,14,16,12,13,4,5,5,6,2,2
671,0,0,0,0,0,0,0,0,0,0,0,0,2,6,1,1,16,16,18,10,9,2,3,5,6,5
672,1,0,0,0,0,0,0,0,0,0,0,0,4,2,5,4,21,15,11,15,2,5,5,3,7,4
673,1,0,0,0,0,0,0,0,0,0,0,0,6,4,5,2,21,18,8,13,2,6,5,4,3,7
674,0,0,0,0,0,0,0,0,0,0,0,0,4,3,1,4,12,20,10,11,3,3,3,4,3,5
675,0,0,0,0,0,0,0,0,0,0,0,0,4,5,2,5,17,18,16,15,6,6,6,4,2,2
676,0,0,0,0,0,0,0,0,0,0,0,0,3,4,5,2,23,18,11,14,5,4,2,2,7,4
677,1,0,0,0,0,0,0,0,0,0,0,0,3,5,3,4,20,20,12,10,3,4,2,5,6,5
678,1,0,0,0,0,0,0,0,0,0,0,0,5,2,4,2,18,17,9,10,2,2,3,4,3,3
679,1,0,0,0,0,0,0,0,0,0,0,0,3,5,2,4,15,20,13,10,5,3,4,3,3,6
680,0,0,0,0,0,0,0,0,0,0,0,0,5,3,3,3,17,15,12,13,4,5,4,4,3,3
681,0,0,0,0,0,0,0,0,0,0,0,0,3,4,1,1,15,17,16,14,6,6,4,3,4,4
682,0,0,0,0,0,0,0,0,0,0,0,0,5,5,2,4,20,21,16,10,5,3,5,5,4,2
683,0,2,0,0,0,0,0,0,0,0,0,0,6,6,4,3,22,21,6,9,1,3,4,3,6,6
684,1,0,0,0,0,0,0,0,0,0,0,0,2,3,3,4,19,18,10,10,4,2,7,5,2,3
685,0,0,0,0,0,0,0,0,0,0,0,0,8,4,1,2,17,14,14,17,6,8,3,3,4,2
686,0,0,0,0,0,0,0,0,0,0,0,0,2,6,5,3,20,22,11,10,2,2,5,5,4,5
687,0,0,0,0,0,0,0,0,0,0,0,0,2,3,2,4,15,20,13,11,4,5,4,4,5,2
688,1,0,0,0,0,0,0,0,0,0,0,0,4,4,4,2,18,15,11,13,4,3,3,4,3,4
689,0,0,0,0,0,0,0,0,0,0,0,0,5,2,2,2,15,15,17,16,4,5,2,6,4,9
690,0,1,0,0,0,0,0,0,0,0,0,0,3,5,5,1,19,14,10,12,5,2,4,2,5,2
691,0,1,0,0,0,0,0,0,0,0,0,0,4,2,5,4,22,21,10,10,4,4,5,3,6,5
692,0,2,0,0,0,0,0,0,0,0,0,0,6,6,3,3,21,14,9,14,3,6,2,5,5,4
693,1,0,0,0,0,0,0,0,0,0,0,0,4,4,2,4,15,21,16,9,5,3,6,4,2,1
694,0,0,0,0,0,0,0,0,0,0,0,0,3,4,2,4,18,23,10,13,4,6,5,3,4,5
695,0,0,0,0,0,0,0,0,0,0,0,0,2,2,4,4,16,18,17,10,5,2,2,4,5,8
696,0,0,0,0,0,0,0,0,0,0,0,0,5,6,2,4,16,18,12,11,4,3,6,5,0,2
697,1,0,0,0,0,0,0,0,0,0,0,0,4,6,3,4,18,21,13,13,4,6,3,3,6,4
698,0,2,0,0,0,0,0,0,0,0,0,0,4,2,2,3,18,15,8,12,4,4,3,6,7,6
699,0,0,0,0,0,0,0,0,0,0,0,0,3,3,2,2,19,19,11,14,3,3,3,3,3,2
700,0,0,0,0,0,0,0,0,0,0,0,0,7,3,5,1,24,15,8,14,3,5,6,6,4,5
701,1,0,0,0,0,0,0,0,0,0,0,0,5,6,3,2,18,17,13,15,3,6,4,2,3,1
702,0,1,0,0,0,0,0,0,0,0,0,0,3,3,3,3,14,17,15,9,6,2,5,3,2,5
703,0,1,0,0,0,0,0,0,0,0,0,0,4,5,2,4,18,20,11,11,3,4,4,4,3,4
704,1,1,0,0,0,0,0,0,0,0,0,0,4,2,3,3,17,16,11,10,4,3,3,5,8,5
705,0,0,0,0,0,0,0,0,0,0,0,0,4,5,2,2,18,14,12,11,4,3,4,5,3,3
706,0,0,0,0,0,0,0,0,0,0,0,0,3,4,3,4,16,18,14,15,6,5,3,3,3,4
707,0,1,0,0,0,0,0,0,0,0,0,0,4,4,5,5,22,23,13,9,2,3,5,6,2,6
708,1,0,0,0,0,0,0,0,0,0,0,0,3,3,2,3,18,16,11,14,5,5,5,5,6,3
709,1,1,0,0,0,0,0,0,0,0,0,0,4,4,4,2,16,16,10,16,3,4,3,1,3,3
710,0,1,0,0,0,0,0,0,0,0,0,0,4,4,4,0,17,18,14,11,6,4,3,7,5,4
711,0,0,0,0,0,0,0,0,0,0,0,0,3,6,3,3,14,20,16,10,4,3,3,2,5,4
712,0,0,0,0,0,0,0,0,0,0,0,0,3,4,2,4,20,19,10,11,4,5,6,3,6,5
713,0,1,0,0,0,0,0,0,0,0,0,0,6,4,2,3,19,22,12,10,4,3,2,4,1,4
714,0,1,0,0,0,0,0,0,0,0,0,0,3,3,3,5,21,18,9,11,2,4,6,3,7,4
715,1,0,0,0,0,0,0,0,0,0,0,0,7,5,4,1,21,14,12,13,3,4,3,5,3,4
716,0,0,0,0,0,0,0,0,0,0,0,0,4,5,4,4,17,18,11,15,3,6,5,4,4,4
717,0,0,0,0,0,0,0,0,0,0,0,0,1,2,4,3,17,18,16,12,6,3,4,5,3,3
718,1,0,0,0,0,0,0,0,0,0,0,0,5,2,2,4,15,17,11,16,3,6,5,4,3,4
719,1,1,0,0,0,0,0,0,0,0,0,0,6,7,0,2,14,19,11,9,5,3,4,3,4,6
720,0,1,0,0,0,0,0,0,0,0,0,0,2,4,5,4,21,18,12,11,5,3,3,4,3,2
721,1,1,0,0,0,0,0,0,0,0,0,0,3,4,5,2,19,20,12,11,5,4,3,4,3,5
722,1,1,0,0,0,0,0,0,0,0,0,0,5,2,2,3,19,15,10,13,2,4,6,4,6,2
723,0,0,0,0,0,0,0,0,0,0,0,0,3,4,2,1,12,13,18,13,6,3,3,5,2,3
724,0,1,0,0,0,0,0,0,0,0,0,0,4,3,2,4,22,19,10,10,3,3,4,4,6,7
725,0,0,0,0,0,0,0,0,0,0,0,0,5,6,3,2,21,19,11,11,4,5,5,3,4,4
726,0,1,0,0,0,0,0,0,0,0,0,0,5,5,4,3,18,20,12,13,4,5,4,4,5,6
727,0,0,0,0,0,0,0,0,0,0,0,0,4,4,4,4,17,20,12,15,2,4,4,5,4,2
728,0,1,0,0,0,0,0,0,0,0,0,0,3,4,2,4,16,18,14,12,5,4,3,4,5,5
729,1,1,0,0,0,0,0,0,0,0,0,0,3,3,2,3,17,14,10,15,4,5,5,5,3,2
730,0,1,0,0,0,0,0,0,0,0,0,0,4,4,3,4,19,18,13,8,5,4,3,2,2,2
731,0,0,0,0,0,0,0,0,0,0,0,0,7,5,3,2,24,21,9,9,4,3,3,3,5,5
732,0,0,0,0,0,0,0,0,0,0,0,0,3,3,4,3,15,20,13,12,5,2,6,7,3,4
733,0,0,0,0,0,0,0,0,0,0,0,0,4,3,1,4,16,20,15,16,3,7,5,3,3,3
734,0,0,0,0,0,0,0,0,0,0,0,0,4,6,3,2,19,17,11,10,5,2,5,4,5,9
735,0,1,0,0,0,0,0,0,0,0,0,0,4,2,4,3,18,12,12,9,3,4,2,3,4,3
736,0,0,0,0,0,0,0,0,0,0,0,0,6,5,2,2,17,20,11,14,3,5,3,4,3,2
737,0,0,0,0,0,0,0,0,0,0,0,0,2,2,6,3,20,15,9,13,4,4,5,3,7,5
738,0,0,0,0,0,0,0,0,0,0,0,0,3,6,3,4,20,24,15,10,5,4,4,4,5,4
739,0,0,0,0,0,0,0,0,0,0,0,0,6,5,2,2,19,20,12,13,4,5,4,5,2,2
740,0,0,0,0,0,0,0,0,0,0,0,0,2,4,3,2,14,14,14,14,3,4,5,2,2,7
741,0,1,0,0,0,0,0,0,0,0,0,0,5,4,0,5,16,21,11,11,4,6,3,6,6,2
742,1,0,0,0,0,0,0,0,0,0,0,0,4,3,6,1,22,15,9,12,3,3,4,3,4,2
743,0,1,0,0,0,0,0,0,0,0,0,0,5,4,4,6,20,21,14,10,5,1,3,5,4,7
744,0,2,0,0,0,0,0,0,0,0,0,0,2,3,2,3,15,16,10,13,3,6,7,3,2,4
745,0,0,0,0,0,0,0,0,0,0,0,0,6,4,4,1,19,15,15,15,5,6,4,3,5,4
746,0,0,0,0,0,0,0,0,0,0,0,0,3,4,3,2,19,16,12,13,5,3,4,4,4,4
747,1,0,0,0,0,0,0,0,0,0,0,0,7,5,0,4,18,18,9,10,3,4,1,4,5,6
748,1,1,0,0,0,0,0,0,0,0,0,0,3,4,5,3,18,20,11,13,3,4,5,5,3,3
749,0,0,0,0,0,0,0,0,0,0,0,0,3,3,3,4,17,21,11,10,4,2,3,6,6,1
750,0,1,0,0,0,0,0,0,0,0,0,0,3,6,4,4,18,21,13,11,6,3,4,3,2,6
751,0,0,0,0,0,0,0,0,0,0,0,0,3,3,2,3,18,16,13,13,4,6,5,4,4,4
752,0,0,0,0,0,0,0,0,0,0,0,0,5,5,4,2,21,20,13,10,4,2,3,5,7,3
753,0,1,0,0,0,0,0,0,0,0,0,0,4,3,2,4,15,15,12,13,4,5,4,3,2,1
754,1,0,0,0,0,0,0,0,0,0,0,0,3,3,2,1,15,14,11,14,2,5,5,2,3,6
755,1,0,0,0,0,0,0,0,0,0,0,0,3,5,3,4,15,23,12,10,4,4,3,5,8,5
756,1,1,0,0,0,0,0,0,0,0,0,0,8,5,4,4,22,22,11,9,5,3,2,3,2,5
757,0,0,0,0,0,0,0,0,0,0,0,0,1,4,5,4,16,18,13,14,4,4,5,4,3,2
758,1,0,0,0,0,0,0,0,0,0,0,0,3,4,1,1,17,12,11,13,3,3,4,5,4,3
759,1,0,0,0,0,0,0,0,0,0,0,0,7,3,3,3,23,19,16,9,7,4,4,5,3,8
760,0,0,0,0,0,0,0,0,0,0,0,0,1,5,4,3,16,18,14,17,3,6,5,3,5,5
761,0,0,0,0,0,0,0,0,0,0,0,0,5,2,3,3,16,18,10,10,3,2,2,5,6,1
762,1,1,0,0,0,0,0,0,0,0,0,0,3,6,4,2,20,20,11,11,5,5,7,3,3,6
763,1,1,0,0,0,0,0,0,0,0,0,0,3,4,3,4,18,17,9,12,3,4,3,4,4,2
764,0,0,0,0,0,0,0,0,0,0,0,0,7,3,3,2,21,16,13,15,4,6,5,5,2,3
765,0,1,0,0,0,0,0,0,0,0,0,0,2,4,2,3,17,16,12,13,2,3,5,3,5,6
766,0,2,0,0,0,0,0,0,0,0,0,0,4,2,2,4,16,12,15,15,7,4,6,5,4,3
767,0,0,0,0,0,0,0,0,0,0,0,0,4,5,3,3,17,25,12,7,3,3,2,6,5,3
768,0,0,0,0,0,0,0,0,0,0,0,0,4,5,5,3,20,20,10,7,4,3,2,3,6,3
769,1,0,0,0,0,0,0,0,0,0,0,0,4,5,4,2,17,19,12,12,5,5,3,3,5,8
770,1,0,0,0,0,0,0,0,0,0,0,0,3,5,1,2,16,20,15,17,6,5,4,2,2,2
771,0,1,0,0,0,0,0,0,0,0,0,0,5,2,2,4,19,13,12,14,2,2,3,5,3,2
772,0,1,0,0,0,0,0,0,0,0,0,0,6,5,1,4,15,21,13,13,4,6,5,5,2,8
773,0,1,0,0,0,0,0,0,0,0,0,0,4,2,4,4,20,18,8,6,4,2,8,6,2,4
774,0,0,0,0,0,0,0,0,0,0,0,0,3,3,3,4,19,18,12,16,5,6,2,2,6,3
775,0,0,0,0,0,0,0,0,0,0,0,0,5,4,3,0,18,14,11,13,3,5,3,3,4,4
776,0,0,0,0,0,0,0,0,0,0,0,0,2,6,6,3,19,21,10,8,3,2,3,6,5,3
777,0,0,0,0,0,0,0,0,0,0,0,0,4,3,3,4,18,20,15,14,5,4,4,5,6,5
778,0,0,0,0,0,0,0,0,0,0,0,0,3,4,2,4,18,16,14,14,5,6,4,4,3,3
779,0,0,0,0,0,0,0,0,0,0,0,0,6,5,3,3,19,16,12,10,3,3,5,2,3,3
780,0,0,0,0,0,0,0,0,0,0,0,0,4,5,2,1,17,16,13,14,5,6,3,4,5,4
781,0,0,0,0,0,0,0,0,0,0,0,0,3,3,4,3,17,19,13,9,3,2,5,4,2,3
782,0,0,0,0,0,0,0,0,0,0,0,0,5,5,1,4,17,22,12,14,4,5,5,3,6,5
783,1,0,0,0,0,0,0,0,0,0,0,0,5,4,3,5,20,22,9,12,3,5,4,4,3,6
784,1,0,0,0,0,0,0,0,0,0,0,0,6,3,3,3,19,15,9,11,3,1,4,4,4,3
785,0,0,0,0,2,0,2,0,0,0,0,0,3,4,2,1,14,18,18,13,8,4,1,4,5,4
786,0,1,0,0,0,0,0,0,0,0,0,0,2,5,4,2,17,19,7,8,1,2,6,5,2,5
787,1,0,0,0,0,0,2,0,1,0,0,0,3,3,3,4,18,16,14,15,4,5,6,6,3,4
788,1,0,0,0,0,0,0,0,0,0,0,0,5,2,2,5,18,15,15,14,5,6,4,5,3,4
789,0,1,0,0,0,0,0,0,0,0,0,0,4,3,2,1,21,15,7,12,1,5,4,3,8,2
790,0,1,0,0,0,0,0,0,0,0,0,0,4,8,3,2,17,22,12,9,5,3,2,2,4,5
791,0,1,0,0,0,0,0,0,0,0,0,0,5,4,5,4,19,21,12,8,5,2,3,4,4,5
792,0,0,0,0,0,0,0,0,0,0,0,0,3,3,2,4,17,19,16,14,6,5,4,4,4,4
793,0,0,0,0,0,0,0,0,0,0,0,0,4,1,5,4,18,19,12,14,4,4,5,5,3,2
794,0,0,0,0,0,0,0,0,0,0,0,0,2,6,3,3,18,17,12,12,3,2,4,4,4,5
795,2,0,0,0,0,0,0,0,0,0,0,0,6,4,3,1,19,13,13,15,3,6,4,3,5,4
796,0,1,0,0,0,0,0,0,0,0,0,0,3,5,3,2,16,19,13,11,6,4,2,3,2,5
797,1,1,0,0,0,0,0,0,0,0,0,0,6,5,1,4,19,20,11,8,4,3,5,6,6,4
798,1,0,0,0,0,0,0,0,0,0,0,0,4,4,4,1,17,15,10,13,3,6,5,3,1,2
799,0,1,0,0,0,0,0,0,0,0,0,0,4,2,2,2,17,13,10,15,3,5,4,5,6,5
800,0,0,0,0,0,0,0,0,0,0,0,0,1,6,2,4,18,23,11,9,3,2,6,3,2,3
801,0,0,0,0,0,0,0,0,0,0,0,0,6,2,6,6,22,20,13,12,6,5,3,6,7,6
802,0,1,0,0,0,0,0,0,0,0,0,0,4,4,4,3,20,20,12,12,3,4,2,5,4,3
803,0,0,0,0,0,0,0,0,0,0,0,0,4,5,1,3,15,18,13,10,4,2,3,4,4,5
804,0,0,0,0,0,0,0,0,0,0,0,0,4,3,4,2,20,17,13,16,5,6,4,4,5,2
805,0,0,0,0,0,0,0,0,0,0,0,0,5,5,3,2,17,18,12,9,3,2,5,2,1,7
806,0,1,0,0,0,0,0,0,0,0,0,0,3,3,2,4,18,18,8,15,2,6,6,5,5,4
807,0,0,0,0,0,0,0,0,0,0,0,0,4,4,3,2,15,13,12,14,5,5,2,3,4,4
808,0,0,0,0,0,0,0,0,0,0,0,0,6,5,4,6,23,24,13,10,5,2,4,3,1,2
809,1,0,0,0,0,0,0,0,0,0,0,0,2,4,3,2,15,18,17,11,6,4,3,4,10,5
810,0,0,0,0,0,0,0,0,0,0,0,0,4,5,2,3,16,19,10,9,4,3,6,6,4,4
811,1,0,0,0,0,0,0,0,0,0,0,0,4,4,2,1,14,18,13,12,2,5,3,4,2,4
812,0,0,0,0,0,0,0,0,0,0,0,0,3,2,5,5,20,20,11,13,2,4,6,3,3,2
813,0,0,0,0,0,0,0,0,0,0,0,0,3,6,2,3,17,18,17,13,7,3,3,5,4,5
814,0,0,0,0,0,0,0,0,0,0,0,0,4,3,4,3,21,15,7,13,2,5,7,3,4,2
815,0,1,0,0,0,0,0,0,0,0,0,0,5,4,2,2,20,17,9,10,3,4,4,4,4,7
816,0,0,0,0,0,0,0,0,0,0,0,0,5,6,5,3,18,18,12,12,6,4,3,2,3,1
817,0,0,0,0,0,0,0,0,0,0,0,0,3,2,2,4,20,16,12,14,4,5,3,6,7,7
818,1,0,0,0,0,0,0,0,0,0,0,0,3,3,4,3,18,21,13,12,5,4,4,6,4,6
819,1,1,0,0,0,0,0,0,0,0,0,0,5,5,2,4,16,19,13,14,4,4,3,2,3,1
820,0,0,0,0,0,0,0,0,0,0,0,0,5,7,2,2,18,23,14,11,4,4,5,4,3,7
821,0,1,0,0,0,0,0,0,0,0,0,0,2,1,2,4,15,12,11,13,2,2,5,5,4,2
822,0,1,0,0,0,0,0,0,0,0,0,0,6,3,3,2,21,16,11,11,3,3,3,4,4,3
823,0,1,0,0,0,0,0,0,0,0,0,0,4,4,5,2,21,16,17,11,9,4,4,1,5,4
824,0,1,0,0,0,0,0,0,0,0,0,0,4,4,4,3,17,19,8,11,1,5,3,4,5,3
825,0,0,0,0,0,0,0,0,0,0,0,0,3,7,1,3,15,21,10,11,3,3,6,5,3,4
826,1,0,0,0,0,0,0,0,0,0,0,0,4,1,3,4,15,13,16,12,8,5,2,7,1,5
827,0,1,0,0,0,0,0,0,0,0,0,0,6,3,3,2,20,17,11,16,5,5,3,2,7,3
828,0,0,0,0,0,0,0,0,0,0,0,0,2,4,2,1,17,18,15,14,5,7,2,3,4,6
829,0,0,0,0,0,0,0,0,0,0,0,0,5,6,4,4,20,24,9,9,2,3,7,2,2,4
830,0,0,0,0,0,0,0,0,0,0,0,0,4,3,5,4,23,20,9,8,1,2,5,8,5,4
831,1,0,0,0,0,0,0,0,0,0,0,0,4,6,3,4,15,18,13,12,6,4,4,4,6,2
832,0,0,0,0,0,0,0,0,0,0,0,0,4,4,2,0,17,13,14,15,4,4,2,3,3,6
833,0,0,0,0,0,0,0,0,0,0,0,0,4,3,2,3,16,19,12,12,4,3,4,4,4,3
834,0,0,0,0,0,0,0,0,0,0,0,0,4,4,3,4,17,18,12,12,4,4,5,4,3,4
835,0,0,0,0,0,0,0,0,0,0,0,0,4,4,4,5,21,21,12,8,4,3,3,2,4,5
836,0,1,0,0,0,0,0,0,0,0,0,0,4,3,3,4,17,18,14,12,5,5,5,4,4,5
837,1,1,0,0,0,0,0,0,0,0,0,0,5,6,3,1,19,19,10,13,3,4,8,4,3,4
838,1,0,0,0,0,0,0,0,0,0,0,0,3,1,1,4,16,15,10,17,4,5,3,5,6,3
839,0,0,0,0,0,0,0,0,0,0,0,0,5,5,3,5,20,20,13,10,3,5,2,5,5,4
840,0,0,0,0,0,0,0,0,0,0,0,0,2,5,5,2,19,19,14,11,4,2,4,4,3,4
841,0,0,0,0,0,0,0,0,0,0,0,0,3,7,2,2,18,16,14,10,5,5,3,4,3,2
842,0,0,0,0,0,0,0,0,0,0,0,0,4,1,4,1,18,14,10,10,4,2,2,4,5,4
843,0,0,0,0,0,0,0,0,0,0,0,0,4,4,3,3,15,18,7,15,2,5,7,3,2,5
844,1,0,0,0,0,0,0,0,0,0,0,0,6,3,2,3,18,18,16,14,7,4,3,5,3,4
845,0,0,0,0,0,0,0,0,0,0,0,0,4,6,2,3,21,21,8,13,2,3,4,6,7,3
846,0,1,0,0,0,0,0,0,0,0,0,0,5,2,4,3,20,16,9,12,2,6,4,3,4,6
847,0,1,0,0,0,0,0,0,0,0,0,0,3,5,2,2,13,13,18,12,6,3,3,1,4,4
848,1,1,0,0,0,0,0,0,0,0,0,0,3,4,4,5,16,21,15,12,4,6,4,4,4,5
849,0,1,0,0,0,0,0,0,0,0,0,0,2,3,3,3,19,20,11,9,3,2,7,6,5,3
850,0,1,0,0,0,0,0,0,0,0,0,0,6,4,2,3,18,15,13,13,7,5,2,5,5,1
851,1,1,0,0,0,0,0,0,0,0,0,0,6,3,4,3,20,19,12,15,3,6,3,2,3,8
852,0,1,0,0,0,0,0,0,0,0,0,0,5,4,4,3,20,17,11,12,3,3,6,4,3,4
853,0,0,0,0,0,0,0,0,0,0,0,0,3,7,2,4,19,23,8,11,3,4,5,5,4,2
854,0,1,0,0,0,0,0,0,0,0,0,0,3,4,2,2,15,20,16,11,6,3,3,4,2,3
855,0,0,0,0,0,0,0,0,0,0,0,0,4,5,2,3,14,20,11,9,3,4,3,4,6,3
856,0,0,0,0,0,0,0,0,0,0,0,0,3,3,3,2,17,13,14,12,6,3,3,2,4,7
857,0,0,0,0,0,0,0,0,0,0,0,0,4,6,5,5,21,21,10,14,3,6,4,3,1,2
858,0,0,0,0,0,0,0,0,0,0,0,0,4,3,2,2,19,17,12,13,4,5,6,5,6,3
859,0,1,0,0,0,0,0,0,0,0,0,0,5,2,3,4,17,16,11,17,2,3,3,3,3,6
860,0,3,0,0,0,0,0,0,0,0,0,0,5,4,4,1,22,16,11,10,4,3,4,6,5,3
861,0,0,0,0,0,0,0,0,0,0,0,0,4,5,1,4,17,21,13,12,7,2,4,5,4,4
862,1,0,0,0,0,0,0,0,0,0,0,0,3,3,4,3,20,17,10,10,2,5,4,4,8,4
863,0,1,0,0,0,0,0,0,0,0,0,0,4,4,6,3,18,18,12,11,3,4,5,3,4,7
864,0,0,0,0,0,0,0,0,0,0,0,0,4,4,2,3,14,18,13,9,5,3,4,5,0,4
865,0,1,0,0,0,0,0,0,0,0,0,0,4,5,0,4,16,20,13,12,4,5,4,3,4,4
866,0,0,0,0,0,0,0,0,0,0,0,0,4,4,4,3,21,18,8,15,2,4,4,3,4,2
867,1,0,0,0,0,0,0,0,0,0,0,0,3,4,6,2,18,17,15,17,7,7,4,4,3,4
868,1,1,0,0,0,2,0,2,0,0,0,0,4,2,4,3,18,16,16,8,5,1,3,4,4,3
869,0,0,0,0,0,0,0,0,0,0,0,0,5,3,1,3,17,20,10,10,2,5,6,4,4,6
870,0,0,0,0,0,0,0,3,0,1,0,0,5,5,3,3,23,20,8,14,2,5,5,3,6,5
871,0,0,0,0,0,2,0,2,0,1,0,0,4,5,4,7,22,26,13,10,5,1,2,8,3,3
872,0,0,0,0,0,0,0,0,0,0,0,0,2,2,2,3,11,15,14,11,6,5,6,3,5,4
873,0,1,0,0,0,0,0,0,0,0,0,0,4,5,4,2,19,15,10,14,3,7,1,3,3,4
874,1,1,0,0,0,0,0,0,0,0,0,0,4,4,0,2,12,18,11,10,3,3,3,1,6,1
875,0,1,0,0,0,0,0,0,0,0,0,0,5,3,5,5,21,18,17,15,6,5,5,5,2,5
876,0,0,0,0,0,0,0,0,0,0,0,0,4,5,3,4,20,24,11,9,2,1,5,6,5,6
877,0,0,0,0,0,0,0,0,0,0,0,0,4,5,4,1,23,16,8,11,4,5,4,4,4,4
878,0,0,0,0,0,0,0,0,0,0,0,0,5,3,2,3,14,15,11,15,3,6,3,2,5,4
879,0,0,0,0,0,0,0,0,0,0,0,0,4,5,2,1,15,17,13,13,5,4,4,6,4,2
880,0,0,0,0,0,0,0,0,0,0,0,0,2,3,3,3,19,17,15,13,4,2,4,5,3,4
881,0,1,0,0,0,0,0,0,0,0,0,0,3,5,3,3,18,19,12,10,5,4,5,2,5,7
882,0,1,0,0,0,0,0,0,0,0,0,0,5,6,4,4,16,21,14,10,4,6,2,5,1,5
883,0,0,0,0,0,0,0,0,0,0,0,0,4,2,0,3,17,15,12,11,5,2,5,4,5,3
884,0,0,0,0,0,0,0,0,0,0,0,0,5,3,4,2,20,17,11,14,3,5,4,3,5,3
885,0,0,0,0,0,0,0,0,0,0,0,0,4,4,4,4,19,21,14,14,4,4,4,4,2,2
886,0,0,0,0,0,0,0,0,0,0,0,0,3,3,2,4,17,17,11,12,4,3,3,5,5,6
887,0,0,0,0,0,0,0,0,0,0,0,0,4,3,3,4,13,17,9,10,4,3,6,5,3,4
888,0,2,0,0,0,0,0,0,0,0,0,0,4,6,4,4,21,20,15,15,5,6,3,2,6,4
889,1,1,0,0,0,0,0,0,0,0,0,0,3,3,4,1,20,13,12,11,3,3,4,6,3,2
890,1,1,0,0,0,0,0,0,0,0,0,0,4,4,2,1,16,17,11,18,5,7,5,1,4,4
891,0,0,0,0,0,0,0,0,0,0,0,0,5,3,2,5,17,21,11,8,3,2,4,5,3,7
892,1,0,0,0,0,0,0,0,0,0,0,0,5,4,3,4,21,18,11,9,4,3,3,3,7,3
893,0,0,0,0,0,1,0,1,0,0,0,0,4,5,2,4,14,23,10,13,3,7,5,6,3,3
894,0,0,0,0,0,0,2,1,1,1,0,0,4,4,7,5,25,18,11,10,4,1,1,6,4,4
895,0,0,0,0,0,3,1,2,0,1,0,0,4,3,6,4,23,21,16,14,6,5,4,3,1,2
896,0,0,0,0,2,2,4,17,0,4,0,0,5,2,6,13,29,34,9,8,1,3,5,3,5,2
897,0,0,0,0,5,6,7,16,2,2,0,0,3,1,5,11,19,28,8,3,5,1,4,2,6,2
898,0,0,0,0,0,5,1,23,0,4,0,0,3,0,3,16,19,46,19,2,7,2,6,1,4,1
899,0,0,0,0,0,8,0,23,0,8,0,0,4,3,2,20,18,52,12,11,2,2,2,2,4,4
900,0,0,0,0,0,9,0,13,0,1,0,0,4,1,3,10,17,36,13,2,5,0,4,3,3,2
901,0,0,0,2,0,3,0,18,0,5,0,0,5,0,3,12,19,40,11,3,2,0,6,1,4,2
902,0,0,0,1,0,11,0,19,0,3,0,0,4,1,3,17,18,44,9,5,4,0,4,3,4,2
903,1,2,0,0,0,4,0,18,0,3,0,0,3,1,3,11,15,37,17,7,9,0,2,4,4,0
904,0,0,0,1,0,5,0,16,0,5,0,0,3,2,2,13,17,40,12,0,2,0,3,1,4,2
905,0,0,0,0,0,4,0,15,0,4,0,0,5,0,4,19,20,44,6,3,1,0,6,3,5,1
906,0,0,0,0,0,6,0,12,0,7,0,0,5,2,2,16,18,38,12,7,6,0,4,1,2,6
907,1,1,0,0,0,6,0,22,0,4,0,0,3,0,4,12,15,35,15,7,3,0,3,3,4,1
908,0,0,0,0,0,3,0,12,0,1,0,0,4,7,3,11,21,37,12,2,3,0,5,4,4,4
909,1,0,0,0,0,6,0,13,0,1,0,0,4,2,2,17,12,47,15,10,6,2,4,6,2,1
910,0,0,0,0,0,7,0,13,0,3,0,0,4,3,4,14,24,36,8,8,4,0,4,3,7,3
911,0,1,0,0,0,7,0,18,0,6,0,0,5,4,1,10,15,29,13,10,4,3,4,2,5,3
912,0,0,0,0,0,7,0,20,0,6,0,0,5,2,4,13,21,38,10,10,3,3,3,3,4,4
913,0,0,0,0,0,0,0,11,0,1,0,0,1,3,4,11,21,35,12,11,5,4,6,2,3,4
914,0,0,0,1,0,2,0,6,0,2,0,0,6,4,3,12,20,32,16,5,4,3,3,4,4,2
915,0,0,0,1,0,1,0,6,0,0,0,0,2,2,3,8,14,35,11,9,2,0,9,4,3,4
916,0,1,0,0,0,0,0,5,0,1,0,0,5,6,3,4,19,18,10,7,4,0,2,5,7,4
917,0,0,0,0,0,1,0,1,0,1,0,0,3,3,3,5,19,20,13,15,4,5,3,3,3,3
918,0,0,0,0,0,2,0,3,0,1,0,0,5,3,3,7,16,18,15,10,6,2,2,3,2,4
919,0,0,0,0,0,0,0,0,0,0,0,0,3,4,4,3,18,21,14,16,7,7,6,3,5,5
920,0,0,0,0,0,1,0,1,0,0,0,0,5,5,2,2,21,18,6,12,1,3,3,5,5,2
921,1,0,0,0,0,0,0,0,0,0,0,0,4,2,4,6,19,22,10,11,3,4,4,5,2,5
922,0,0,0,2,0,3,0,6,0,1,0,0,4,3,3,7,18,27,14,12,5,5,2,2,5,3
923,0,0,0,1,0,1,0,4,0,0,0,0,5,5,4,3,18,23,12,9,3,3,4,5,4,3
924,0,1,0,0,0,2,0,6,0,3,0,0,2,4,4,8,20,30,10,10,4,3,3,6,7,4
925,0,0,0,0,0,0,0,4,0,1,0,0,6,4,0,9,15,34,11,14,4,4,6,2,3,7
926,0,1,0,0,0,0,0,0,0,0,0,0,2,4,3,3,14,16,14,10,2,3,6,4,1,2
927,0,1,0,0,0,0,0,0,0,0,0,0,4,5,1,4,16,17,13,14,5,4,4,4,5,3
928,0,0,0,0,0,0,0,0,0,0,0,0,7,2,5,2,26,14,11,13,4,6,3,5,4,5
929,0,1,0,0,0,0,0,0,0,0,0,0,3,4,2,3,17,20,10,11,4,4,3,5,6,7
930,0,0,0,0,0,0,0,0,0,0,0,0,5,6,6,1,19,18,13,12,4,4,4,4,2,0
931,0,0,0,0,0,0,0,0,0,0,0,0,3,4,2,3,16,16,12,13,5,4,6,2,7,4
932,0,1,0,0,0,0,0,0,0,0,0,0,2,3,3,4,16,20,16,10,5,3,3,5,2,4
933,1,0,0,0,0,0,0,0,0,0,0,0,5,4,1,2,15,19,11,12,4,3,4,3,3,3
934,0,1,0,0,0,0,0,0,0,0,0,0,5,4,2,2,19,15,11,14,3,5,5,3,4,3
935,0,0,0,0,0,0,0,0,0,0,0,0,5,4,4,4,20,18,12,12,6,4,2,4,4,7
936,0,2,0,0,0,0,0,0,0,0,0,0,3,4,5,3,19,16,10,13,1,5,5,6,4,5
937,0,0,0,0,0,0,0,0,0,0,0,0,3,2,5,2,20,15,13,14,5,5,3,5,5,2
938,1,0,0,0,0,0,0,0,0,0,0,0,6,6,1,2,20,21,10,10,2,3,4,5,4,3
939,1,0,0,0,0,0,0,0,0,0,0,0,2,2,2,3,13,15,10,19,4,6,4,2,5,5
940,0,0,0,0,0,0,0,0,0,0,0,0,4,4,4,3,19,18,15,8,7,3,3,5,6,4
941,0,0,0,0,0,0,0,0,0,0,0,0,5,7,3,5,20,24,13,13,3,3,7,3,2,3
942,0,0,0,0,0,0,0,0,0,0,0,0,5,4,2,4,20,20,8,11,2,6,4,4,1,5
943,0,1,0,0,0,0,0,0,0,0,0,0,3,3,7,3,20,18,12,12,4,3,3,5,5,1
944,1,1,0,0,0,0,0,0,0,0,0,0,3,4,1,3,13,14,14,14,4,4,3,4,6,6
945,0,0,0,0,0,0,0,0,0,0,0,0,3,3,1,1,16,15,11,10,5,3,4,4,4,6
946,0,0,0,0,0,0,0,0,0,0,0,0,4,4,3,3,18,19,15,15,5,8,5,2,5,5
947,1,1,0,0,0,0,0,0,0,0,0,0,5,6,5,5,20,20,10,10,2,3,5,3,3,0
948,0,1,0,0,0,0,0,0,0,0,0,0,4,3,1,2,16,20,13,10,4,2,1,5,2,4
949,0,1,0,0,0,0,0,0,0,0,0,0,4,4,6,2,21,15,13,10,5,4,5,4,4,5
950,0,0,0,0,0,0,0,0,0,0,0,0,6,4,2,3,22,18,9,13,3,5,4,6,6,5
951,0,0,0,0,0,0,0,0,0,0,0,0,3,4,2,3,15,15,11,13,4,2,3,4,3,3
952,0,3,0,0,0,0,0,0,0,0,0,0,3,3,2,4,17,21,15,8,5,4,4,3,5,7
953,0,0,0,0,0,0,0,0,0,0,0,0,4,4,3,2,13,19,14,14,2,4,5,5,4,2
954,0,0,0,0,0,0,0,0,0,0,0,0,2,5,3,3,17,14,17,11,6,4,5,0,3,3
955,2,0,0,0,0,0,0,0,0,0,0,0,4,1,3,5,19,20,10,12,5,7,6,4,3,3
956,1,0,0,0,0,0,0,0,0,0,0,0,6,4,2,3,19,20,9,11,3,1,4,4,4,8
957,1,0,0,0,0,0,0,0,0,0,0,0,4,3,4,4,16,21,11,7,3,2,3,7,3,3
958,2,0,0,0,0,0,0,0,0,0,0,0,4,7,3,3,19,21,15,14,4,5,4,3,3,4
959,0,0,0,0,0,0,0,0,0,0,0,0,4,3,3,3,20,15,7,12,3,3,3,6,7,3
960,0,0,0,0,0,0,0,0,0,0,0,0,5,6,4,3,18,22,13,13,6,5,5,4,3,3
961,0,0,0,0,0,0,0,0,0,0,0,0,2,3,3,5,21,17,13,16,6,5,2,3,5,7
962,0,0,0,0,0,0,0,0,0,0,0,0,4,3,2,4,16,20,14,11,3,4,4,4,4,3
963,0,0,0,0,0,0,0,0,0,0,0,0,4,4,4,1,14,13,13,13,3,4,5,4,2,4
964,1,0,0,0,0,0,0,0,0,0,0,0,5,4,2,1,18,17,13,13,5,3,3,3,4,3
965,0,0,0,0,0,0,0,0,0,0,0,0,4,4,2,5,17,19,11,13,4,5,4,5,4,5
966,0,1,0,0,0,0,0,0,0,0,0,0,3,4,3,2,17,21,12,9,4,4,5,2,5,5
967,1,0,0,0,0,0,0,0,0,0,0,0,5,5,4,3,21,16,11,8,5,2,1,6,7,4
968,0,0,0,0,0,0,0,0,0,0,0,0,3,3,3,3,18,18,11,12,1,5,5,2,4,5
969,0,0,0,0,0,0,0,0,0,0,0,0,6,5,5,1,24,14,11,13,5,4,6,5,2,3
970,0,1,0,0,0,0,0,0,0,0,0,0,4,4,3,7,17,25,8,13,2,4,4,3,3,2
971,0,0,0,0,0,0,0,0,0,0,0,0,3,3,1,3,19,15,16,14,8,5,5,5,4,5
972,0,0,0,0,0,0,0,0,0,0,0,0,4,4,5,1,15,13,12,14,1,4,1,5,5,2
973,0,0,0,0,0,0,1,0,0,0,0,0,4,5,1,3,16,19,14,10,5,4,5,3,6,6
974,0,0,0,0,0,0,0,0,0,0,0,0,3,2,5,2,16,14,10,15,3,5,4,4,3,4
975,0,1,0,0,1,0,4,0,0,0,0,0,7,5,11,2,40,25,11,13,6,3,3,4,2,4
976,1,0,0,0,0,0,2,0,0,0,0,0,2,5,2,5,13,18,14,10,5,4,5,4,3,4
977,0,0,0,0,0,0,0,0,0,0,0,0,2,6,5,3,27,21,10,8,3,3,2,4,5,2
978,0,0,0,0,0,0,0,0,0,0,0,0,4,4,3,1,14,17,10,12,3,5,5,7,5,7
979,2,1,0,0,0,0,0,0,0,0,0,0,4,3,1,4,16,17,11,14,3,4,4,2,4,3
980,0,0,0,0,0,0,0,0,0,0,0,0,6,2,3,4,20,15,12,12,4,4,6,4,1,2
981,0,2,0,0,0,0,0,0,0,0,0,0,2,6,2,2,15,18,17,10,6,2,2,4,5,5
982,0,0,0,0,0,0,0,0,0,0,0,0,5,4,4,3,19,19,10,15,3,6,5,4,1,5
983,1,0,0,0,0,0,0,0,0,0,0,0,4,4,1,4,14,17,15,10,5,2,4,4,7,3
984,0,0,0,0,0,0,0,0,0,0,0,0,4,3,5,2,20,16,10,13,4,7,4,3,3,5
985,0,0,0,0,0,0,0,0,0,0,0,0,5,4,2,3,18,21,13,10,3,3,5,5,5,2
986,0,0,0,0,0,0,0,0,0,0,0,0,4,5,4,3,21,19,10,12,4,3,3,3,3,5
987,0,0,0,0,0,0,0,0,0,0,0,0,4,2,3,3,20,17,13,12,4,3,4,4,6,6
988,1,0,0,0,0,0,0,0,0,0,0,0,4,3,2,5,16,20,12,11,4,4,4,2,4,4
989,0,0,0,0,0,0,0,0,0,0,0,0,3,5,3,4,13,23,11,9,5,3,9,4,2,2
990,1,1,0,0,0,0,0,0,0,0,0,0,5,5,3,1,18,14,11,10,4,4,1,5,4,4
991,1,0,0,0,0,0,0,0,0,0,0,0,6,5,3,3,25,19,11,13,2,4,2,4,3,4
992,0,0,0,0,0,0,0,0,0,0,0,0,3,3,3,6,15,20,15,15,5,5,2,3,8,4
993,0,0,0,0,0,0,0,0,0,0,0,0,2,2,4,4,16,15,11,11,3,3,5,6,2,6
994,1,0,0,0,0,0,0,0,0,0,0,0,5,5,3,0,19,18,14,14,5,6,4,2,5,2
995,0,0,0,0,0,0,0,0,0,0,0,0,7,5,5,5,27,23,6,9,2,2,6,5,1,7
996,0,0,0,0,0,0,0,0,0,0,0,0,2,6,2,4,15,20,14,14,4,5,4,5,7,2
997,1,0,0,0,0,0,0,0,0,0,0,0,4,2,2,0,18,10,12,12,5,4,3,3,5,2
998,0,1,0,0,0,0,0,0,0,0,0,0,4,3,2,2,15,16,18,15,8,5,4,4,4,4
999,0,0,0,0,0,0,0,0,0,0,0,0,3,2,5,5,16,21,13,12,3,5,5,4,2,6
1000,0,0,0,0,0,0,0,0,0,0,0,0,3,7,4,3,17,20,14,9,3,2,4,3,7,3
1001,0,0,0,0,0,0,0,0,0,0,0,0,6,4,1,3,19,17,10,10,3,3,3,5,0,4
1002,1,0,0,0,0,0,0,0,0,0,0,0,4,4,3,3,19,18,9,13,5,5,3,4,5,5
1003,2,0,0,0,0,0,0,0,0,0,0,0,6,3,4,4,23,20,6,10,2,3,6,4,6,4
1004,1,1,0,0,0,0,0,0,0,0,0,0,4,5,3,3,18,17,11,15,3,6,2,4,3,1
1005,0,0,0,0,0,0,0,0,0,0,0,0,5,5,1,1,14,15,15,13,7,2,2,5,4,3
1006,0,0,0,0,0,0,0,0,0,0,0,0,2,2,5,4,18,22,14,9,4,4,7,5,3,6
1007,0,1,0,0,0,0,0,0,0,0,0,0,2,6,2,4,16,19,13,11,3,3,4,1,5,9
1008,0,0,0,0,0,0,0,0,0,0,0,0,3,2,2,2,16,13,12,15,3,6,5,4,5,2
1009,0,1,0,0,0,0,0,0,0,0,0,0,4,3,4,3,20,15,12,14,4,4,4,4,3,2
1010,1,1,0,0,0,0,0,0,0,0,0,0,3,5,3,4,16,24,15,8,7,5,4,5,3,2
1011,0,1,0,0,0,0,0,0,0,0,0,0,7,7,3,1,22,19,9,15,2,4,1,4,4,6
1012,0,1,0,0,0,0,0,0,0,0,0,0,2,1,5,5,16,17,11,9,4,2,4,4,4,7
1013,1,0,0,0,0,0,0,0,0,0,0,0,5,5,3,1,21,19,7,16,2,6,4,2,5,2
1014,0,0,0,0,0,0,0,0,0,0,0,0,5,3,1,4,17,14,17,11,8,2,6,6,3,3
1015,0,1,0,0,0,0,0,0,0,0,0,0,6,4,1,3,18,18,12,11,3,3,3,4,4,5
1016,0,0,0,0,0,0,0,0,0,0,0,0,1,3,4,4,17,20,11,12,1,4,7,5,4,3
1017,1,1,0,0,0,0,0,0,0,0,0,0,5,4,4,2,19,17,17,16,7,7,2,2,5,4
1018,0,0,0,0,0,0,0,0,0,0,0,0,3,6,3,3,19,22,13,7,4,4,4,5,4,3
1019,0,1,0,0,0,0,0,0,0,0,0,0,4,4,4,3,18,12,7,13,2,3,5,5,6,4
1020,0,0,0,0,0,0,0,0,0,0,0,0,2,3,3,3,19,16,11,15,4,5,5,3,1,4
1021,1,1,0,0,0,0,0,0,0,0,0,0,5,4,2,4,14,21,12,16,4,5,4,3,5,2
1022,0,0,0,0,0,0,0,0,0,0,0,0,4,2,3,2,15,16,16,8,7,3,2,5,4,7
1023,1,0,0,0,0,0,0,0,0,0,0,0,6,4,3,2,20,14,10,13,3,5,3,5,4,4
1024,0,0,0,0,0,0,0,0,0,0,0,0,2,4,2,2,16,20,13,11,2,4,4,6,5,6
1025,1,1,0,0,0,0,0,0,0,0,0,0,5,5,3,5,21,22,13,10,6,4,4,2,5,4
1026,0,1,0,0,0,0,0,0,0,0,0,0,2,3,4,2,15,19,15,11,3,4,7,6,3,3
1027,0,1,0,0,0,0,0,0,0,0,0,0,6,8,2,4,18,19,7,12,3,2,3,1,3,2
1028,2,1,0,0,0,0,0,0,0,0,0,0,3,3,3,2,17,14,13,13,7,3,2,5,4,3
1029,0,0,0,0,0,0,0,0,0,0,0,0,5,1,4,3,21,16,13,15,4,4,3,3,5,6
1030,0,0,0,0,0,0,0,0,0,0,0,0,4,5,3,4,18,19,13,12,3,4,4,5,2,5
1031,0,0,0,0,0,0,0,0,0,0,0,0,3,5,2,4,22,19,11,11,2,4,7,6,3,2
1032,0,0,0,0,0,0,0,0,0,0,0,0,4,3,4,2,19,18,9,9,3,3,3,2,6,6
1033,1,1,0,0,0,0,0,0,0,0,0,0,6,4,3,4,18,23,11,12,6,7,2,3,2,4
1034,1,1,0,0,0,0,0,0,0,0,0,0,3,5,3,3,18,15,9,13,3,3,6,6,9,3
1035,1,0,0,0,0,0,0,0,0,0,0,0,4,2,3,4,13,21,17,8,5,2,3,5,2,5
1036,0,0,0,0,0,0,0,0,0,0,0,0,6,5,2,1,21,16,9,14,2,5,4,4,5,2
1037,0,0,0,0,0,0,0,0,0,0,0,0,2,6,4,3,14,20,15,12,6,5,5,3,4,4
1038,0,1,0,0,0,0,0,0,0,0,0,0,4,2,5,5,22,18,14,9,6,3,5,5,1,5
1039,1,0,0,0,0,0,0,0,0,0,0,0,3,4,2,3,14,18,14,14,5,5,3,3,2,5
1040,0,0,0,0,0,0,0,0,0,0,0,0,5,5,3,3,20,19,7,11,1,2,5,4,4,2
1041,0,0,0,0,0,0,0,0,0,0,0,0,4,3,1,5,18,19,13,11,5,4,3,4,5,5
1042,1,2,0,0,0,0,0,0,0,0,0,0,5,4,3,1,18,18,9,12,2,5,6,2,3,3
1043,0,1,0,0,0,0,0,0,0,0,0,0,3,4,4,1,17,13,14,12,5,3,3,5,7,4
1044,0,0,0,0,0,0,0,0,0,0,0,0,4,3,3,5,19,18,15,17,4,6,2,4,4,6
1045,0,0,0,0,0,0,0,0,0,0,0,0,4,7,1,2,16,23,12,8,5,3,5,5,3,2
1046,0,0,0,0,0,0,0,0,0,0,0,0,4,2,6,5,24,17,11,15,5,6,4,1,4,7
1047,0,1,0,0,0,0,0,0,0,0,0,0,6,7,5,4,23,21,7,9,2,3,4,7,3,3
1048,1,1,0,0,0,0,0,0,0,0,0,0,1,2,3,4,15,20,11,12,3,4,5,4,6,4
1049,0,0,0,0,0,0,0,0,0,0,0,0,5,3,1,2,14,16,14,10,4,2,3,4,2,5
1050,0,0,0,0,0,0,0,0,0,0,0,0,4,7,3,3,17,21,13,11,6,4,3,4,6,1
1051,1,1,0,0,0,0,0,0,0,0,0,0,3,4,2,2,17,18,13,16,3,5,4,4,3,6
1052,1,0,0,0,0,0,0,0,0,0,0,0,5,3,3,2,20,13,13,15,4,7,4,3,4,2
1053,0,2,0,0,0,0,0,0,0,0,0,0,4,3,3,3,12,15,12,13,5,4,3,4,4,4
1054,1,0,0,0,0,0,0,0,0,0,0,0,4,3,4,3,21,18,10,7,3,1,6,5,2,7
1055,0,0,0,0,0,0,0,0,0,0,0,0,3,4,2,5,16,21,13,14,4,4,4,4,6,2
1056,0,1,0,0,0,0,0,0,0,0,0,0,6,4,3,2,24,15,8,11,2,4,5,7,6,5
1057,1,0,0,0,0,0,0,0,0,0,0,0,2,3,4,1,15,17,13,14,4,3,5,3,4,4
1058,2,0,0,0,0,0,0,0,0,0,0,0,7,7,2,3,21,19,15,13,5,6,3,1,3,2
1059,0,0,0,0,0,0,0,0,0,0,0,0,2,4,2,2,14,20,14,9,5,3,1,5,5,6
1060,0,0,0,0,0,0,0,0,0,0,0,0,5,4,5,5,21,19,12,12,5,4,8,3,2,4
1061,0,0,0,0,0,0,0,0,0,0,0,0,3,1,5,2,22,12,9,15,4,5,3,4,3,3
1062,0,1,0,0,0,0,0,0,0,0,0,0,5,3,2,4,18,18,9,10,1,4,5,5,6,3
1063,0,0,0,0,0,0,0,0,0,0,0,0,5,8,1,1,16,21,12,15,4,5,4,4,4,2
1064,0,0,0,0,0,0,0,0,0,0,0,0,4,3,3,3,16,19,17,11,5,3,2,6,3,7
1065,0,0,0,0,0,0,0,0,0,0,0,0,2,3,4,6,18,19,11,12,4,4,6,2,8,7
1066,0,1,0,0,0,0,0,0,0,0,0,0,3,5,3,2,19,17,10,10,3,4,3,4,0,2
1067,0,0,0,0,0,0,0,0,0,0,0,0,5,3,2,3,16,15,12,11,6,5,3,5,5,4
1068,1,0,0,0,0,0,0,0,0,0,0,0,5,2,2,4,20,22,9,11,2,3,2,4,5,3
1069,0,0,0,0,0,0,0,0,0,0,0,0,5,5,4,2,20,20,12,18,5,7,6,1,1,5
1070,0,2,0,0,0,0,0,0,0,0,0,0,2,6,4,4,17,16,14,8,4,1,3,7,4,4
1071,0,0,0,0,0,0,0,0,0,0,0,0,2,3,2,3,16,16,13,12,5,4,4,3,5,3
1072,1,0,0,0,0,0,0,0,0,0,0,0,5,4,4,1,18,16,11,13,3,6,4,4,6,2
1073,0,0,0,0,0,0,0,0,0,0,0,0,5,4,3,4,18,21,13,14,4,4,6,3,5,6
1074,1,0,0,0,0,0,0,0,0,0,0,0,5,3,2,2,17,13,11,13,4,4,3,5,2,4
1075,0,0,0,0,0,0,0,0,0,0,0,0,4,4,3,3,21,22,15,9,6,2,5,6,2,6
1076,1,0,0,0,0,0,0,0,0,0,0,0,6,4,3,5,16,21,12,11,3,4,1,3,3,3
1077,0,1,0,0,0,0,0,0,0,0,0,0,1,6,1,2,13,17,10,12,2,4,9,4,4,4
1078,0,0,0,0,0,0,0,0,0,0,0,0,4,5,2,2,15,19,20,12,8,3,1,4,5,4
1079,0,1,0,0,0,0,0,0,0,0,0,0,3,3,5,2,19,13,8,13,2,5,4,4,4,2
1080,1,1,0,0,0,0,0,0,0,0,0,0,5,3,4,2,23,15,10,14,5,3,5,4,5,3
1081,0,0,0,0,0,0,0,0,0,0,0,0,5,5,4,4,20,19,12,13,4,5,2,2,4,6
1082,0,0,0,0,0,0,0,0,0,0,0,0,1,4,4,5,19,24,9,9,2,4,6,3,6,5
1083,0,1,0,0,0,0,0,0,0,0,0,0,7,4,3,3,20,20,14,9,5,2,2,6,3,5
1084,0,0,0,0,0,0,0,0,0,0,0,0,2,3,3,3,16,15,13,12,4,4,5,6,3,4
1085,0,0,0,0,0,0,0,0,0,0,0,0,4,2,2,3,18,18,13,18,3,7,3,3,6,3
1086,0,0,0,0,0,0,0,0,0,0,0,0,5,6,2,3,17,19,12,10,5,3,4,3,3,3
1087,0,0,0,0,0,0,0,0,0,0,0,0,5,3,3,4,18,18,10,11,3,5,4,2,2,5
1088,0,1,0,0,0,0,0,0,0,0,0,0,5,5,3,3,18,18,17,7,6,1,5,5,3,5
1089,1,0,0,0,0,0,0,0,0,0,0,0,3,3,2,2,16,13,10,16,3,6,6,6,7,3
1090,0,0,0,0,0,0,0,0,0,0,0,0,4,5,4,3,20,21,10,14,3,5,4,2,3,6
1091,0,0,0,0,0,0,0,0,0,0,0,0,5,7,4,2,22,22,10,7,4,2,3,4,6,2
1092,0,1,0,0,0,0,0,0,0,0,0,0,4,2,1,4,13,16,14,13,5,4,4,4,2,3
1093,0,0,0,0,0,0,0,0,0,0,0,0,3,2,5,2,16,17,13,14,4,4,4,4,4,7
1094,0,0,0,0,0,0,0,0,0,0,0,0,5,6,2,4,22,18,13,13,5,5,3,4,5,1
1095,0,0,0,0,0,0,0,0,0,0,0,0,4,3,2,4,20,21,7,11,3,4,3,4,3,4
1096,0,0,0,0,0,0,0,0,0,0,0,0,3,5,4,5,15,19,10,10,3,3,5,4,7,6
1097,0,1,0,0,0,0,0,0,0,0,0,0,2,4,3,2,15,15,15,11,4,4,5,5,3,0
1098,0,2,0,0,0,0,0,0,0,0,0,0,4,6,3,2,21,22,15,11,6,4,4,3,1,6
1099,0,0,0,0,0,0,0,0,0,0,0,0,4,1,2,3,17,13,11,15,4,6,3,6,4,5
1100,1,0,0,0,0,0,0,0,0,0,0,0,5,5,5,3,16,20,16,13,4,4,5,2,5,3
1101,0,0,0,0,0,0,0,0,0,0,0,0,3,3,2,1,18,18,9,12,4,4,5,5,8,6
1102,0,1,0,0,0,0,0,0,0,0,0,0,4,3,3,4,18,17,10,11,4,4,4,3,3,2
1103,0,1,0,0,0,0,0,0,0,0,0,0,5,5,2,2,18,14,16,12,6,3,2,4,1,4
1104,2,0,0,0,0,0,0,0,0,0,0,0,5,7,3,5,22,25,10,15,3,4,5,2,2,4
1105,1,0,0,0,0,0,0,0,0,0,0,0,2,4,4,2,15,19,14,10,3,3,3,6,7,5
1106,0,0,0,0,0,0,0,0,0,0,0,0,5,3,4,2,18,15,9,12,4,5,5,7,2,3
1107,0,0,0,0,0,0,0,0,0,0,0,0,2,3,1,5,16,17,13,12,4,3,5,3,6,4
1108,0,1,0,0,0,0,0,0,0,0,0,0,7,3,5,2,24,19,11,12,4,4,3,3,4,6
1109,0,1,0,0,0,0,0,0,0,0,0,0,2,5,3,3,16,16,14,12,5,4,5,5,2,1
1110,1,0,0,0,0,0,0,0,0,0,0,0,6,5,2,4,19,22,10,11,2,3,3,3,6,4
1111,0,0,0,0,0,0,0,0,0,0,0,0,4,3,2,4,15,18,10,11,2,6,4,4,5,3
1112,0,2,0,0,0,0,0,0,0,0,0,0,2,3,5,1,18,14,13,16,5,5,3,5,4,4
1113,0,0,0,0,0,0,0,0,0,0,0,0,6,4,3,0,18,14,17,11,6,1,4,4,4,4
1114,0,1,0,0,0,0,0,0,0,0,0,0,3,3,3,4,18,16,12,15,3,5,7,3,2,5
1115,0,0,0,0,0,0,0,0,0,0,0,0,4,4,2,6,21,25,7,8,4,4,3,3,6,5
1116,0,2,0,0,0,0,0,0,0,0,0,0,4,6,3,2,17,22,14,10,5,4,2,4,1,7
1117,1,0,0,0,0,0,0,0,0,0,0,0,4,4,3,2,19,12,12,14,5,4,4,3,6,1
1118,0,0,0,0,0,0,0,0,0,0,0,0,5,3,3,3,16,13,13,10,3,4,6,4,2,3
1119,0,0,0,0,0,0,0,0,0,0,0,0,3,1,2,1,21,9,8,9,2,3,2,3,4,1
1120,0,0,0,0,0,6,0,10,0,3,0,0,5,2,2,7,19,28,10,0,4,0,4,0,8,3
1121,0,0,0,0,0,4,0,6,0,0,0,0,3,0,5,7,17,25,13,0,4,0,3,0,7,3
1122,1,0,0,0,0,4,0,6,0,0,0,0,5,0,5,8,20,24,12,0,4,0,4,0,0,3
1123,0,0,0,0,0,5,0,3,0,0,0,0,4,0,3,11,15,24,12,0,4,0,5,0,5,4
1124,0,0,0,0,0,3,0,8,0,2,0,0,2,0,1,7,14,22,12,0,4,0,2,0,3,2
1125,1,0,0,0,0,0,0,1,0,0,0,0,4,0,2,3,13,3,16,0,6,0,7,0,2,1
1126,0,0,0,0,0,0,0,0,0,0,0,0,4,0,5,0,20,0,13,0,5,0,3,0,3,0
1127,0,0,0,0,0,0,0,0,0,0,0,0,6,0,2,0,21,0,17,0,5,0,3,0,4,0
1128,1,0,0,0,0,0,0,0,0,0,0,0,3,0,4,0,21,0,7,0,2,0,8,0,5,0
1129,1,0,0,0,0,0,0,0,0,0,0,0,4,0,1,0,18,0,7,0,1,0,3,0,5,0
1130,1,0,0,0,0,0,0,0,0,0,0,0,6,0,2,0,14,0,18,0,6,0,2,0,5,0
1131,1,0,0,0,0,0,0,0,0,0,0,0,4,0,3,0,21,0,8,0,3,0,5,0,3,0
1132,0,0,0,0,0,0,0,0,0,0,0,0,5,0,4,0,20,0,11,0,3,0,5,0,4,0
1133,0,0,0,0,0,0,0,0,0,0,0,0,2,0,5,0,18,0,14,0,6,0,2,0,4,0
1134,0,0,0,0,0,0,0,0,0,0,0,0,2,0,3,0,16,0,12,0,4,0,3,0,4,0
1135,0,0,0,0,0,0,0,0,0,0,0,0,3,0,1,0,16,0,12,0,5,0,4,0,3,0
1136,0,0,0,0,0,0,0,0,0,0,0,0,9,0,4,0,24,0,11,0,3,0,4,0,5,0
1137,0,0,0,0,0,0,0,0,0,0,0,0,3,0,3,0,17,0,14,0,4,0,5,0,5,0
1138,0,0,0,0,0,0,0,0,0,0,0,0,2,0,4,0,17,0,8,0,3,0,5,0,1,0
1139,0,0,0,0,0,0,0,0,0,0,0,0,4,0,2,0,15,0,13,0,5,0,4,0,7,0
1140,0,0,0,0,0,0,0,0,0,0,0,0,3,0,3,0,18,0,13,0,6,0,2,0,4,0
1141,0,0,0,0,0,0,0,0,0,0,0,0,4,0,5,0,22,0,10,0,1,0,3,0,4,0
1142,1,0,0,0,0,0,0,0,0,0,0,0,3,0,3,0,16,0,17,0,7,0,5,0,1,0
1143,0,0,0,0,0,0,0,0,0,0,0,0,5,0,2,0,18,0,11,0,3,0,4,0,4,0
1144,1,0,0,0,0,0,0,0,0,0,0,0,5,0,2,0,18,0,10,0,2,0,4,0,6,0
1145,0,0,0,0,0,0,0,0,0,0,0,0,2,0,3,0,17,0,14,0,5,0,7,0,2,0
1146,0,0,0,0,0,0,0,0,0,0,0,0,6,0,2,0,15,0,15,0,5,0,4,0,7,0
1147,1,0,0,0,0,0,0,0,0,0,0,0,5,0,6,0,22,0,6,0,2,0,2,0,4,0
1148,0,0,0,0,0,0,0,0,0,0,0,0,4,0,2,0,17,0,13,0,6,0,5,0,3,0
1149,0,0,0,0,0,0,0,0,0,0,0,0,3,0,2,0,15,0,16,0,5,0,3,0,2,0
1150,0,0,0,0,0,0,0,0,0,0,0,0,2,0,3,0,17,0,10,0,2,0,7,0,7,0
1151,0,0,0,0,0,0,0,0,0,0,0,0,5,0,4,0,20,0,12,0,4,0,3,0,2,0
1152,0,0,0,0,0,0,0,0,0,0,0,0,6,0,0,0,16,0,13,0,6,0,2,0,3,0
1153,0,0,0,0,0,0,0,0,0,0,0,0,4,0,4,0,21,0,10,0,2,0,7,0,4,0
1154,0,0,0,0,0,0,0,0,0,0,0,0,2,0,3,0,16,0,13,0,3,0,2,0,8,0
1155,0,0,0,0,0,0,0,0,0,0,0,0,7,0,6,0,25,0,10,0,5,0,4,0,4,0
1156,0,0,0,0,0,0,0,0,0,0,0,0,4,0,2,0,18,0,12,0,4,0,6,0,0,0
1157,0,0,0,0,0,0,0,0,0,0,0,0,3,0,3,0,17,0,15,0,4,0,1,0,6,0
1158,0,0,0,0,0,0,0,0,0,0,0,0,3,0,3,0,17,0,9,0,3,0,4,0,4,0
1159,0,0,0,0,0,0,0,0,0,0,0,0,3,0,3,0,16,0,15,0,6,0,5,0,2,0
1160,0,0,0,0,0,0,0,0,0,0,0,0,3,0,2,0,15,0,11,0,4,0,5,0,3,0
1161,0,0,0,0,0,0,0,0,0,0,0,0,4,0,5,0,22,0,9,0,2,0,4,0,5,0
1162,0,0,0,0,0,0,0,0,0,0,0,0,6,0,2,0,19,0,14,0,4,0,2,0,7,0
1163,1,0,0,0,0,0,0,0,0,0,0,0,3,0,3,0,14,0,14,0,7,0,4,0,3,0
1164,0,0,0,0,0,0,0,0,0,0,0,0,5,0,3,0,19,0,12,0,2,0,4,0,3,0
1165,0,0,0,0,0,0,0,0,0,0,0,0,4,0,1,0,18,0,12,0,4,0,2,0,4,0
1166,0,0,0,0,0,0,0,0,0,0,0,0,3,0,4,0,20,0,7,0,2,0,8,0,6,0
1167,1,0,0,0,0,0,0,0,0,0,0,0,5,0,6,0,26,0,15,0,6,0,2,0,2,0
1168,0,0,0,0,0,0,0,0,0,0,0,0,3,0,1,0,11,0,12,0,5,0,3,0,3,0
1169,1,0,0,0,0,0,0,0,0,0,0,0,5,0,1,0,15,0,12,0,4,0,7,0,4,0
1170,0,0,0,0,0,0,0,0,0,0,0,0,5,0,5,0,23,0,12,0,2,0,1,0,5,0
1171,0,0,0,0,0,0,0,0,0,0,0,0,2,0,3,0,14,0,14,0,6,0,5,0,3,0
1172,0,0,0,0,0,0,0,0,0,0,0,0,5,0,0,0,18,0,13,0,5,0,2,0,7,0
1173,0,0,0,0,0,0,0,0,0,0,0,0,6,0,4,0,21,0,7,0,1,0,5,0,5,0
1174,0,0,0,0,0,0,0,0,0,0,0,0,1,0,4,0,16,0,12,0,4,0,5,0,3,0
1175,0,0,0,0,0,0,0,0,0,0,0,0,7,0,3,0,20,0,12,0,4,0,4,0,3,0
1176,0,0,0,0,0,0,0,0,0,0,0,0,3,0,4,0,15,0,10,0,3,0,5,0,5,0
1177,1,0,0,0,0,0,0,0,0,0,0,0,4,0,3,0,18,0,17,0,7,0,3,0,2,0
1178,0,0,0,0,0,0,0,0,0,0,0,0,3,0,1,0,16,0,10,0,3,0,5,0,6,0
1179,0,0,0,0,0,0,0,0,0,0,0,0,3,0,5,0,21,0,13,0,4,0,5,0,3,0
1180,0,0,0,0,0,0,0,0,0,0,0,0,7,0,2,0,20,0,10,0,4,0,3,0,3,0
1181,0,0,0,0,0,0,0,0,0,0,0,0,4,0,2,0,18,0,12,0,4,0,5,0,4,0
1182,0,0,0,0,0,0,0,0,0,0,0,0,5,0,5,0,20,0,12,0,5,0,2,0,5,0
1183,0,0,0,0,0,0,0,0,0,0,0,0,2,0,3,0,16,0,12,0,3,0,3,0,4,0
1184,0,0,0,0,0,0,0,0,0,0,0,0,3,0,4,0,19,0,10,0,3,0,5,0,4,0
1185,0,0,0,0,0,0,0,0,0,0,0,0,3,0,2,0,14,0,16,0,5,0,6,0,4,0
1186,0,0,0,0,0,0,0,0,0,0,0,0,5,0,3,0,17,0,11,0,4,0,4,0,2,0
1187,0,0,0,0,0,0,0,0,0,0,0,0,3,0,4,0,19,0,16,0,5,0,1,0,5,0
1188,0,0,0,0,0,0,0,0,0,0,0,0,4,0,3,0,18,0,11,0,4,0,3,0,5,0
1189,1,0,0,0,0,0,0,0,0,0,0,0,4,0,3,0,17,0,14,0,4,0,5,0,5,0
1190,0,0,0,0,0,0,0,0,0,0,0,0,3,0,2,0,17,0,11,0,3,0,4,0,1,0
1191,0,0,0,0,0,0,0,0,0,0,0,0,5,0,2,0,17,0,15,0,6,0,5,0,5,0
1192,0,0,0,0,0,0,0,0,0,0,0,0,4,0,4,0,21,0,8,0,2,0,4,0,5,0
1193,1,0,0,0,0,0,0,0,0,0,0,0,4,0,3,0,18,0,8,0,4,0,4,0,3,0
1194,1,0,0,0,0,0,0,0,0,0,0,0,5,0,4,0,20,0,15,0,4,0,4,0,5,0
1195,0,0,0,0,0,0,0,0,0,0,0,0,3,0,2,0,14,0,14,0,4,0,3,0,3,0
1196,0,0,0,0,0,0,0,0,0,0,0,0,4,0,3,0,17,0,10,0,4,0,5,0,6,0
1197,0,0,0,0,0,0,0,0,0,0,0,0,5,0,1,0,17,0,13,0,4,0,5,0,1,0
1198,0,0,0,0,0,0,0,0,0,0,0,0,3,0,3,0,18,0,17,0,7,0,3,0,5,0
1199,0,0,0,0,0,0,0,0,0,0,0,0,4,0,5,0,20,0,10,0,4,0,3,0,5,0
1200,1,0,0,0,0,0,0,0,0,0,0,0,5,0,2,0,17,0,10,0,3,0,3,0,2,0
1201,0,0,0,0,0,0,0,0,0,0,0,0,5,0,2,0,20,0,9,0,3,0,6,0,5,0
1202,0,0,0,0,0,0,0,0,0,0,0,0,4,0,5,0,20,0,11,0,3,0,4,0,5,0
1203,0,0,0,0,0,0,0,0,0,0,0,0,4,0,2,0,18,0,12,0,5,0,3,0,4,0
1204,0,0,0,0,0,0,0,0,0,0,0,0,4,0,1,0,15,0,15,0,4,0,4,0,2,0
1205,0,0,0,0,0,0,0,0,0,0,0,0,2,0,4,0,20,0,10,0,4,0,6,0,5,0
1206,0,0,0,0,0,0,0,0,0,0,0,0,4,0,4,0,19,0,14,0,3,0,3,0,4,0
1207,0,0,0,0,0,0,0,0,0,0,0,0,3,0,6,0,19,0,11,0,4,0,4,0,7,0
1208,0,0,0,0,0,0,0,0,0,0,0,0,6,0,2,0,19,0,12,0,3,0,3,0,2,0
1209,0,0,0,0,0,0,0,0,0,0,0,0,2,0,2,0,14,0,12,0,5,0,5,0,5,0
1210,0,0,0,0,2,0,1,0,0,0,0,0,5,0,3,0,15,0,10,0,4,0,3,0,1,0
1211,0,0,0,0,0,0,0,0,0,0,0,0,4,0,3,0,21,0,11,0,4,0,5,0,5,0
1212,0,0,0,0,0,0,3,0,1,0,0,0,3,0,3,0,17,0,15,0,5,0,5,0,2,0
1213,1,0,0,0,0,0,1,0,0,0,0,0,7,0,3,0,21,0,15,0,4,0,2,0,2,0
1214,1,0,0,0,0,0,0,0,0,0,0,0,2,0,5,0,18,0,13,0,7,0,6,0,6,0
1215,0,0,0,0,0,0,0,0,0,0,0,0,4,0,2,0,17,0,14,0,2,0,3,0,3,0
1216,0,0,0,0,0,0,0,0,0,0,0,0,6,0,3,0,25,0,9,0,3,0,6,0,6,0
1217,0,0,0,0,0,0,0,0,0,0,0,0,2,0,3,0,15,0,11,0,4,0,3,0,4,0
1218,0,0,0,0,0,0,0,0,0,0,0,0,4,0,3,0,15,0,12,0,4,0,3,0,3,0
1219,0,0,0,0,0,0,0,0,0,0,0,0,3,0,4,0,22,0,10,0,2,0,4,0,7,0
1220,0,0,0,0,0,0,0,0,0,0,0,0,6,0,3,0,19,0,10,0,5,0,4,0,2,0
1221,0,0,0,0,0,0,0,0,0,0,0,0,4,0,3,0,19,0,13,0,4,0,4,0,3,0
1222,0,0,0,0,0,0,0,0,0,0,0,0,6,0,3,0,21,0,11,0,3,0,3,0,5,0
1223,0,0,0,0,0,0,0,0,0,0,0,0,3,0,3,0,15,0,12,0,6,0,4,0,2,0
1224,0,0,0,0,0,0,0,0,0,0,0,0,4,0,4,0,19,0,11,0,3,0,5,0,5,0
1225,1,0,0,0,0,0,0,0,0,0,0,0,3,0,3,0,13,0,17,0,5,0,4,0,3,0
1226,1,0,0,0,0,0,0,0,0,0,0,0,4,0,2,0,17,0,11,0,3,0,4,0,7,0
1227,1,0,0,0,0,0,0,0,0,0,0,0,3,0,4,0,20,0,11,0,5,0,2,0,3,0
1228,0,0,0,0,0,0,0,0,0,0,0,0,5,0,3,0,19,0,11,0,4,0,6,0,5,0
1229,0,0,0,0,0,0,0,0,0,0,0,0,3,0,3,0,20,0,11,0,3,0,5,0,4,0
1230,1,0,0,0,0,0,0,0,0,0,0,0,7,0,4,0,20,0,11,0,3,0,5,0,1,0
1231,0,0,0,0,0,0,0,0,0,0,0,0,1,0,2,0,18,0,11,0,4,0,3,0,5,0
1232,0,0,0,0,0,0,0,0,0,0,0,0,4,0,3,0,13,0,14,0,5,0,4,0,4,0
1233,0,0,0,0,0,0,0,0,0,0,0,0,6,0,3,0,24,0,12,0,5,0,5,0,5,0
1234,0,0,0,0,0,0,0,0,0,0,0,0,5,0,2,0,15,0,13,0,3,0,2,0,5,0
1235,1,0,0,0,0,0,0,0,0,0,0,0,3,0,3,0,18,0,10,0,4,0,4,0,3,0
1236,1,0,0,0,0,0,0,0,0,0,0,0,3,0,2,0,16,0,16,0,7,0,2,0,3,0
1237,0,0,0,0,0,0,0,0,0,0,0,0,3,0,3,0,14,0,12,0,1,0,5,0,3,0
1238,0,0,0,0,0,0,0,0,0,0,0,0,4,0,2,0,16,0,12,0,3,0,6,0,2,0
1239,0,0,0,0,0,0,0,0,0,0,0,0,3,0,3,0,18,0,10,0,3,0,4,0,7,0
1240,0,0,0,0,0,0,0,0,0,0,0,0,5,0,6,0,26,0,9,0,5,0,4,0,3,0
1241,0,0,0,0,0,0,0,0,0,0,0,0,5,0,4,0,21,0,13,0,4,0,4,0,6,0
1242,0,0,0,0,0,0,0,0,0,0,0,0,4,0,3,0,16,0,12,0,5,0,6,0,3,0
1243,1,0,0,0,0,0,0,0,0,0,0,0,5,0,2,0,15,0,11,0,3,0,1,0,4,0
1244,1,0,0,0,0,0,0,0,0,0,0,0,1,0,1,0,16,0,11,0,4,0,4,0,8,0
1245,0,0,0,0,0,0,0,0,0,0,0,0,6,0,5,0,20,0,14,0,4,0,3,0,4,0
1246,1,0,0,0,0,0,0,0,0,0,0,0,2,0,4,0,17,0,15,0,6,0,5,0,2,0
1247,0,0,0,0,0,0,0,0,0,0,0,0,6,0,1,0,18,0,13,0,5,0,4,0,2,0
1248,1,0,0,0,0,0,0,0,0,0,0,0,5,0,2,0,14,0,14,0,3,0,4,0,2,0
1249,0,0,0,0,0,0,0,0,0,0,0,0,2,0,6,0,21,0,9,0,4,0,4,0,6,0
1250,1,0,0,0,0,0,0,0,0,0,0,0,4,0,2,0,17,0,13,0,4,0,4,0,6,0
1251,0,0,0,0,0,0,0,0,0,0,0,0,5,0,3,0,22,0,11,0,4,0,5,0,0,0
1252,1,0,0,0,0,0,0,0,0,0,0,0,6,0,3,0,21,0,10,0,3,0,3,0,4,0
1253,0,0,0,0,0,0,0,0,0,0,0,0,3,0,1,0,12,0,11,0,3,0,5,0,5,0
1254,1,0,0,0,0,0,0,0,0,0,0,0,2,0,3,0,17,0,13,0,6,0,4,0,6,0
1255,0,0,0,0,0,0,0,0,0,0,0,0,7,0,3,0,21,0,15,0,5,0,4,0,3,0
1256,0,0,0,0,0,0,0,0,0,0,0,0,2,0,5,0,16,0,11,0,4,0,3,0,4,0
1257,0,0,0,0,0,0,0,0,0,0,0,0,3,0,1,0,16,0,13,0,3,0,4,0,5,0
1258,0,0,0,0,0,0,0,0,0,0,0,0,6,0,4,0,24,0,9,0,4,0,4,0,4,0
1259,1,0,0,0,0,0,0,0,0,0,0,0,4,0,4,0,21,0,11,0,2,0,4,0,4,0
1260,0,0,0,0,0,0,0,0,0,0,0,0,5,0,4,0,16,0,15,0,6,0,3,0,5,0
1261,1,0,0,0,0,0,0,0,0,0,0,0,1,0,0,0,10,0,15,0,5,0,3,0,2,0
1262,0,0,0,0,0,0,0,0,0,0,0,0,4,0,5,0,18,0,10,0,2,0,8,0,3,0
1263,1,0,0,0,0,0,0,0,0,0,0,0,4,0,4,0,26,0,10,0,5,0,3,0,6,0
1264,1,0,0,0,0,0,0,0,0,0,0,0,6,0,3,0,18,0,10,0,3,0,5,0,3,0
1265,0,0,0,0,0,0,0,0,0,0,0,0,4,0,2,0,16,0,11,0,2,0,3,0,5,0
1266,0,0,0,0,0,0,0,0,0,0,0,0,3,0,2,0,15,0,19,0,7,0,2,0,3,0
1267,0,0,0,0,0,0,0,0,0,0,0,0,4,0,3,0,19,0,10,0,4,0,4,0,4,0
1268,0,0,0,0,0,0,0,0,0,0,0,0,4,0,3,0,17,0,12,0,4,0,4,0,3,0
1269,1,0,0,0,0,0,0,0,0,0,0,0,5,0,4,0,21,0,12,0,4,0,5,0,4,0
1270,0,0,0,0,0,0,0,0,0,0,0,0,1,0,3,0,18,0,10,0,3,0,5,0,6,0
1271,0,0,0,0,0,0,0,0,0,0,0,0,5,0,3,0,17,0,15,0,4,0,3,0,5,0
1272,0,0,0,0,0,0,0,0,0,0,0,0,4,0,2,0,16,0,9,0,3,0,4,0,5,0
1273,0,0,0,0,0,0,0,0,0,0,0,0,5,0,1,0,13,0,16,0,5,0,4,0,3,0
1274,2,0,0,0,0,0,0,0,0,0,0,0,3,0,5,0,24,0,9,0,4,0,2,0,3,0
1275,0,0,0,0,0,0,0,0,0,0,0,0,5,0,4,0,17,0,11,0,3,0,6,0,4,0
1276,2,0,0,0,0,0,0,0,0,0,0,0,3,0,2,0,15,0,17,0,7,0,4,0,2,0
1277,1,0,0,0,0,0,0,0,0,0,0,0,4,0,2,0,19,0,10,0,3,0,5,0,7,0
1278,0,0,0,0,0,0,0,0,0,0,0,0,6,0,4,0,20,0,9,0,2,0,3,0,3,0
1279,0,0,0,0,0,0,0,0,0,0,0,0,2,0,1,0,14,0,14,0,5,0,4,0,4,0
1280,0,0,0,0,0,0,0,0,0,0,0,0,6,0,5,0,24,0,10,0,3,0,4,0,6,0
1281,1,0,0,0,0,0,0,0,0,0,0,0,4,0,2,0,17,0,17,0,8,0,2,0,1,0
1282,1,0,0,0,0,0,0,0,0,0,0,0,3,0,5,0,16,0,10,0,3,0,6,0,4,0
1283,0,0,0,0,0,0,0,0,0,0,0,0,5,0,2,0,19,0,11,0,3,0,3,0,3,0
1284,0,0,0,0,0,0,0,0,0,0,0,0,5,0,2,0,17,0,14,0,6,0,3,0,4,0
1285,0,0,0,0,0,0,0,0,0,0,0,0,2,0,4,0,20,0,9,0,4,0,7,0,6,0
1286,0,0,0,0,0,0,0,0,0,0,0,0,4,0,4,0,20,0,14,0,3,0,4,0,2,0
1287,0,0,0,0,0,0,0,0,0,0,0,0,3,0,2,0,17,0,11,0,3,0,3,0,5,0
1288,1,0,0,0,0,0,0,0,0,0,0,0,6,0,4,0,21,0,8,0,1,0,4,0,3,0
1289,0,0,0,0,0,0,0,0,0,0,0,0,3,0,3,0,15,0,14,0,6,0,4,0,5,0
1290,0,0,0,0,0,0,0,0,0,0,0,0,2,0,2,0,16,0,15,0,6,0,3,0,5,0
1291,1,0,0,0,0,0,0,0,0,0,0,0,5,0,3,0,18,0,15,0,4,0,2,0,3,0
1292,0,0,0,0,0,0,0,0,0,0,0,0,5,0,5,0,22,0,8,0,5,0,5,0,4,0
1293,0,0,0,0,0,0,0,0,0,0,0,0,3,0,2,0,18,0,9,0,1,0,6,0,5,0
1294,0,0,0,0,0,0,0,0,0,0,0,0,7,0,3,0,18,0,11,0,4,0,4,0,4,0
1295,1,0,0,0,0,0,0,0,0,0,0,0,3,0,2,0,17,0,10,0,3,0,4,0,4,0
1296,0,0,0,0,0,0,0,0,0,0,0,0,4,0,1,0,16,0,17,0,7,0,5,0,2,0
1297,1,0,0,0,0,0,0,0,0,0,0,0,5,0,3,0,22,0,8,0,1,0,5,0,7,0
1298,0,0,0,0,0,0,0,0,0,0,0,0,3,0,3,0,14,0,18,0,7,0,3,0,3,0
1299,0,0,0,0,0,0,0,0,0,0,0,0,3,0,6,0,18,0,10,0,3,0,5,0,4,0
1300,1,0,0,0,0,0,0,0,0,0,0,0,4,0,4,0,19,0,12,0,4,0,4,0,5,0
1301,1,0,0,0,0,0,0,0,0,0,0,0,4,0,2,0,19,0,11,0,5,0,2,0,3,0
1302,0,0,0,0,0,0,0,0,0,0,0,0,4,0,1,0,12,0,13,0,3,0,4,0,3,0
1303,0,0,0,0,0,0,0,0,0,0,0,0,5,0,2,0,19,0,13,0,3,0,3,0,4,0
1304,1,0,0,0,0,0,0,0,0,0,0,0,6,0,3,0,20,0,12,0,4,0,8,0,3,0
1305,0,0,0,0,0,0,0,0,0,0,0,0,3,0,3,0,20,0,12,0,4,0,2,0,5,0
1306,0,0,0,0,0,0,0,0,0,0,0,0,4,0,3,0,18,0,7,0,3,0,4,0,5,0
1307,0,0,0,0,0,0,0,0,0,0,0,0,4,0,4,0,19,0,13,0,4,0,3,0,6,0
1308,0,0,0,0,0,0,0,0,0,0,0,0,3,0,3,0,15,0,19,0,7,0,3,0,1,0
1309,0,0,0,0,0,0,0,0,0,0,0,0,2,0,4,0,18,0,13,0,4,0,6,0,5,0
1310,0,0,0,0,0,0,0,0,0,0,0,0,5,0,3,0,17,0,10,0,4,0,4,0,3,0
1311,0,0,0,0,0,0,0,0,0,0,0,0,4,0,3,0,21,0,9,0,3,0,5,0,4,0
1312,0,0,0,0,0,0,0,0,0,0,0,0,5,0,3,0,18,0,9,0,3,0,5,0,5,0
1313,1,0,0,0,0,0,0,0,0,0,0,0,4,0,3,0,17,0,13,0,4,0,1,0,4,0
1314,0,0,0,0,0,0,0,0,0,0,0,0,5,0,2,0,20,0,15,0,4,0,4,0,3,0
1315,0,0,0,0,0,0,0,0,0,0,0,0,2,0,4,0,17,0,9,0,3,0,5,0,3,0
1316,0,0,0,0,0,0,0,0,0,0,0,0,3,0,3,0,19,0,12,0,5,0,4,0,6,0
1317,1,0,0,0,0,0,0,0,0,0,0,0,7,0,3,0,17,0,15,0,8,0,1,0,2,0
1318,0,0,0,0,0,0,0,0,0,0,0,0,4,0,2,0,20,0,10,0,3,0,5,0,7,0
1319,1,0,0,0,0,0,0,0,0,0,0,0,3,0,3,0,15,0,12,0,2,0,5,0,4,0
1320,0,0,0,0,0,0,0,0,0,0,0,0,4,0,4,0,17,0,13,0,4,0,6,0,1,0
1321,0,0,0,0,0,0,0,0,0,0,0,0,2,0,4,0,21,0,10,0,4,0,4,0,5,0
1322,0,0,0,0,0,0,0,0,0,0,0,0,6,0,3,0,20,0,11,0,3,0,4,0,5,0
1323,0,0,0,0,0,0,0,0,0,0,0,0,3,0,3,0,16,0,15,0,6,0,4,0,1,0
1324,0,0,0,0,0,0,0,0,0,0,0,0,4,0,2,0,18,0,10,0,2,0,2,0,5,0
1325,1,0,0,0,0,0,0,0,0,0,0,0,3,0,4,0,16,0,14,0,5,0,2,0,3,0
1326,0,0,0,0,0,0,0,0,0,0,0,0,6,0,3,0,21,0,14,0,4,0,5,0,3,0
1327,0,0,0,0,0,0,0,0,0,0,0,0,3,0,2,0,17,0,12,0,4,0,5,0,7,0
1328,0,0,0,0,0,0,0,0,0,0,0,0,4,0,2,0,16,0,8,0,2,0,4,0,5,0
1329,0,0,0,0,0,0,0,0,0,0,0,0,2,0,4,0,16,0,13,0,6,0,4,0,2,0
1330,0,0,0,0,0,0,0,0,0,0,0,0,4,0,2,0,16,0,15,0,5,0,5,0,2,0
1331,0,0,0,0,0,0,0,0,0,0,0,0,6,0,3,0,20,0,14,0,4,0,3,0,6,0
1332,0,0,0,0,0,0,0,0,0,0,0,0,5,0,1,0,20,0,9,0,2,0,7,0,2,0
1333,0,0,0,0,0,0,0,0,0,0,0,0,5,0,5,0,21,0,12,0,5,0,1,0,6,0
1334,0,0,0,0,0,0,0,0,0,0,0,0,6,0,3,0,20,0,12,0,5,0,5,0,4,0
1335,0,0,0,0,0,0,0,0,0,0,0,0,1,0,3,0,13,0,13,0,3,0,5,0,7,0
1336,0,0,0,0,0,0,0,0,0,0,0,0,2,0,4,0,16,0,11,0,3,0,4,0,1,0
1337,0,0,0,0,0,0,0,0,0,0,0,0,3,0,3,0,17,0,13,0,4,0,3,0,5,0
1338,1,0,0,0,0,0,0,0,0,0,0,0,5,0,1,0,17,0,12,0,3,0,3,0,5,0
1339,0,0,0,0,0,0,0,0,0,0,0,0,5,0,3,0,20,0,11,0,3,0,6,0,3,0
1340,1,0,0,0,0,0,0,0,0,0,0,0,3,0,4,0,16,0,13,0,5,0,1,0,3,0
1341,1,0,0,0,0,0,0,0,0,0,0,0,5,0,5,0,25,0,9,0,5,0,5,0,5,0
1342,0,0,0,0,0,0,0,0,0,0,0,0,6,0,2,0,17,0,11,0,4,0,2,0,5,0
1343,0,0,0,0,0,0,0,0,0,0,0,0,2,0,2,0,16,0,10,0,3,0,7,0,4,0
1344,1,0,0,0,0,0,0,0,0,0,0,0,4,0,5,0,18,0,13,0,4,0,2,0,2,0
1345,1,0,0,0,0,0,0,0,0,0,0,0,3,0,2,0,18,0,12,0,5,0,5,0,6,0
1346,0,0,0,0,0,0,0,0,0,0,0,0,6,0,2,0,18,0,13,0,4,0,5,0,4,0
1347,0,0,0,0,0,0,0,0,0,0,0,0,4,0,3,0,16,0,11,0,4,0,4,0,4,0
1348,0,0,0,0,0,0,0,0,0,0,0,0,3,0,3,0,19,0,13,0,3,0,4,0,3,0
1349,0,0,0,0,0,0,0,0,0,0,0,0,4,0,3,0,18,0,13,0,4,0,4,0,3,0
1350,0,0,0,0,0,0,0,0,0,0,0,0,3,0,4,0,19,0,14,0,7,0,5,0,5,0
1351,0,0,0,0,0,0,0,0,0,0,0,0,3,0,5,0,20,0,11,0,2,0,3,0,6,0
1352,0,0,0,0,0,0,0,0,0,0,0,0,5,0,2,0,16,0,13,0,4,0,4,0,3,0
1353,0,0,0,0,0,0,0,0,0,0,0,0,4,0,2,0,19,0,12,0,5,0,3,0,4,0
1354,1,0,0,0,0,0,0,0,0,0,0,0,4,0,2,0,17,0,10,0,2,0,3,0,4,0
1355,0,0,0,0,0,0,0,0,0,0,0,0,5,0,5,0,20,0,13,0,4,0,5,0,4,0
1356,0,0,0,0,0,0,0,0,0,0,0,0,4,0,1,0,13,0,15,0,5,0,4,0,5,0
1357,0,0,0,0,0,0,0,0,0,0,0,0,4,0,5,0,22,0,11,0,5,0,4,0,0,0
1358,0,0,0,0,0,0,0,0,0,0,0,0,4,0,2,0,19,0,9,0,3,0,4,0,4,0
1359,1,0,0,0,0,0,0,0,0,0,0,0,2,0,3,0,14,0,11,0,3,0,4,0,6,0
1360,0,0,0,0,0,0,0,0,0,0,0,0,8,0,3,0,24,0,14,0,4,0,4,0,3,0
1361,0,0,0,0,0,0,0,0,0,0,0,0,3,0,3,0,15,0,12,0,5,0,3,0,7,0
1362,1,0,0,0,0,0,0,0,0,0,0,0,2,0,4,0,20,0,11,0,4,0,5,0,3,0
1363,0,0,0,0,0,0,0,0,0,0,0,0,3,0,3,0,18,0,14,0,5,0,3,0,5,0
1364,1,0,0,0,0,0,0,0,0,0,0,0,6,0,4,0,17,0,11,0,4,0,6,0,1,0
1365,0,0,0,0,0,0,0,0,0,0,0,0,3,0,3,0,18,0,12,0,3,0,4,0,2,0
1366,0,0,0,0,0,0,0,0,0,0,0,0,5,0,3,0,17,0,13,0,6,0,5,0,6,0
1367,0,0,0,0,0,0,0,0,0,0,0,0,5,0,4,0,23,0,11,0,3,0,2,0,2,0
1368,0,0,0,0,0,0,0,0,0,0,0,0,3,0,1,0,14,0,7,0,3,0,4,0,6,0
1369,0,0,0,0,0,0,0,0,0,0,0,0,2,0,2,0,12,0,16,0,4,0,5,0,3,0
1370,0,0,0,0,0,0,0,0,0,0,0,0,4,0,2,0,20,0,19,0,5,0,2,0,4,0
1371,1,0,0,0,0,0,0,0,0,0,0,0,5,0,5,0,21,0,8,0,6,0,4,0,8,0
1372,1,0,0,0,0,0,0,0,0,0,0,0,3,0,3,0,18,0,9,0,3,0,6,0,3,0
1373,0,0,0,0,0,0,0,0,0,0,0,0,5,0,1,0,17,0,13,0,3,0,1,0,3,0
1374,0,0,0,0,0,0,0,0,0,0,0,0,4,0,5,0,19,0,14,0,4,0,4,0,5,0
1375,0,0,0,0,0,0,0,0,0,0,0,0,3,0,2,0,17,0,14,0,6,0,6,0,4,0
1376,1,0,0,0,0,0,0,0,0,0,0,0,5,0,3,0,18,0,11,0,4,0,3,0,2,0
1377,1,0,0,0,0,0,0,0,0,0,0,0,5,0,2,0,17,0,9,0,2,0,3,0,5,0
1378,0,0,0,0,0,0,0,0,0,0,0,0,5,0,4,0,19,0,12,0,6,0,4,0,5,0
1379,0,0,0,0,0,0,0,0,0,0,0,0,4,0,2,0,17,0,12,0,3,0,4,0,1,0
1380,0,0,0,0,0,0,0,0,0,0,0,0,5,0,4,0,19,0,12,0,3,0,4,0,5,0
1381,1,0,0,0,0,0,0,0,0,0,0,0,3,0,3,0,21,0,10,0,4,0,5,0,3,0
1382,0,0,0,0,0,0,0,0,0,0,0,0,5,0,4,0,20,0,13,0,3,0,5,0,4,0
1383,1,0,0,0,0,0,0,0,0,0,0,0,1,0,2,0,13,0,10,0,4,0,6,0,4,0
1384,1,0,0,0,0,0,0,0,0,0,0,0,5,0,2,0,19,0,12,0,4,0,4,0,5,0
1385,1,0,0,0,0,0,0,0,0,0,0,0,5,0,3,0,16,0,11,0,3,0,1,0,6,0
1386,0,0,0,0,0,0,0,0,0,0,0,0,5,0,3,0,19,0,11,0,3,0,3,0,2,0
1387,0,0,0,0,0,0,0,0,0,0,0,0,2,0,3,0,19,0,15,0,7,0,5,0,4,0
1388,1,0,0,0,0,0,0,0,0,0,0,0,5,0,4,0,15,0,13,0,4,0,5,0,4,0
1389,0,0,0,0,0,0,0,0,0,0,0,0,2,0,3,0,19,0,12,0,3,0,5,0,4,0
1390,0,0,0,0,0,0,0,0,0,0,0,0,5,0,4,0,21,0,12,0,5,0,2,0,5,0
1391,1,0,0,0,0,0,0,0,0,0,0,0,4,0,3,0,20,0,12,0,4,0,5,0,6,0
1392,0,0,0,0,0,0,0,0,0,0,0,0,5,0,2,0,16,0,9,0,3,0,4,0,2,0
1393,1,0,0,0,0,0,0,0,0,0,0,0,3,0,3,0,15,0,12,0,4,0,4,0,3,0
1394,0,0,0,0,0,0,0,0,0,0,0,0,4,0,3,0,21,0,13,0,5,0,2,0,5,0
1395,0,0,0,0,0,0,0,0,0,0,0,0,5,0,3,0,21,0,9,0,1,0,6,0,5,0
1396,0,0,0,0,0,0,0,0,0,0,0,0,4,0,3,0,16,0,16,0,5,0,4,0,3,0
1397,0,0,0,0,0,0,0,0,0,0,0,0,3,0,2,0,14,0,12,0,4,0,9,0,1,0
1398,0,0,0,0,0,0,0,0,0,0,0,0,1,0,2,0,16,0,16,0,6,0,3,0,4,0
1399,0,0,0,0,0,0,0,0,0,0,0,0,7,0,3,0,16,0,13,0,6,0,0,0,5,0
1400,0,0,0,0,0,0,0,0,0,0,0,0,3,0,5,0,21,0,10,0,2,0,3,0,7,0
1401,0,0,0,0,0,0,0,0,0,0,0,0,6,0,3,0,25,0,8,0,3,0,5,0,3,0
1402,0,0,0,0,0,0,0,0,0,0,0,0,3,0,2,0,14,0,11,0,5,0,6,0,5,0
1403,0,0,0,0,0,0,0,0,0,0,0,0,6,0,3,0,20,0,14,0,4,0,1,0,1,0
1404,1,0,0,0,0,0,0,0,0,0,0,0,2,0,3,0,12,0,14,0,3,0,3,0,6,0
1405,0,0,0,0,0,0,0,0,0,0,0,0,3,0,5,0,21,0,13,0,4,0,7,0,3,0
1406,1,0,0,0,0,0,0,0,0,0,0,0,4,0,2,0,16,0,12,0,5,0,3,0,6,0
1407,0,0,0,0,0,0,0,0,0,0,0,0,7,0,1,0,19,0,11,0,5,0,3,0,4,0
1408,0,0,0,0,0,0,0,0,0,0,0,0,1,0,5,0,16,0,9,0,2,0,7,0,4,0
1409,0,0,0,0,0,0,0,0,0,0,0,0,4,0,2,0,17,0,14,0,5,0,4,0,2,0
1410,0,0,0,0,0,0,0,0,0,0,0,0,5,0,3,0,18,0,13,0,5,0,3,0,4,0
1411,0,0,0,0,0,0,0,0,0,0,0,0,5,0,3,0,24,0,11,0,4,0,2,0,5,0
1412,0,0,0,0,0,0,0,0,0,0,0,0,5,0,3,0,17,0,12,0,1,0,5,0,3,0
1413,0,0,0,0,0,0,0,0,0,0,0,0,2,0,2,0,17,0,11,0,6,0,4,0,6,0
1414,0,0,0,0,0,0,0,0,0,0,0,0,5,0,5,0,18,0,13,0,4,0,3,0,2,0
1415,0,0,0,0,0,0,0,0,0,0,0,0,2,0,3,0,17,0,14,0,2,0,4,0,5,0
1416,1,0,0,0,0,0,0,0,0,0,0,0,2,0,2,0,11,0,18,0,8,0,4,0,3,0
1417,0,0,0,0,0,0,0,0,0,0,0,0,6,0,3,0,25,0,9,0,3,0,6,0,5,0
1418,0,0,0,0,0,0,0,0,0,0,0,0,5,0,3,0,20,0,10,0,4,0,2,0,3,0
1419,0,0,0,0,0,0,0,0,0,0,0,0,5,0,4,0,17,0,12,0,3,0,3,0,3,0
1420,0,0,0,0,0,0,0,0,0,0,0,0,4,0,5,0,21,0,8,0,2,0,6,0,4,0
1421,0,0,0,0,0,0,0,0,0,0,0,0,2,0,3,0,19,0,9,0,3,0,5,0,5,0
1422,0,0,0,0,0,0,0,0,0,0,0,0,3,0,2,0,14,0,16,0,6,0,2,0,6,0
1423,1,0,0,0,0,0,0,0,0,0,0,0,6,0,2,0,19,0,15,0,5,0,3,0,2,0
1424,0,0,0,0,0,0,0,0,0,0,0,0,5,0,4,0,21,0,11,0,3,0,4,0,4,0
1425,1,0,0,0,0,0,0,0,0,0,0,0,4,0,3,0,16,0,11,0,5,0,5,0,3,0
1426,0,0,0,0,0,0,0,0,0,0,0,0,3,0,4,0,19,0,11,0,3,0,4,0,6,0
1427,0,0,0,0,0,0,0,0,0,0,0,0,4,0,3,0,18,0,11,0,4,0,6,0,3,0
1428,0,0,0,0,0,0,0,0,0,0,0,0,4,0,3,0,19,0,13,0,5,0,5,0,3,0
1429,0,0,0,0,0,0,0,0,0,0,0,0,6,0,2,0,19,0,13,0,4,0,4,0,6,0
1430,0,0,0,0,0,0,0,0,0,0,0,0,4,0,2,0,17,0,12,0,3,0,3,0,3,0
1431,0,0,0,0,0,0,0,0,0,0,0,0,2,0,4,0,18,0,8,0,2,0,5,0,5,0
1432,0,0,0,0,0,0,0,0,0,0,0,0,5,0,4,0,20,0,15,0,6,0,1,0,5,0
1433,0,0,0,0,0,0,0,0,0,0,0,0,3,0,3,0,14,0,11,0,4,0,5,0,4,0
1434,1,0,0,0,0,0,0,0,0,0,0,0,2,0,1,0,13,0,16,0,6,0,4,0,3,0
1435,0,0,0,0,0,0,0,0,0,0,0,0,6,0,4,0,20,0,11,0,4,0,5,0,5,0
1436,1,0,0,0,0,0,0,0,0,0,0,0,5,0,2,0,19,0,9,0,3,0,2,0,4,0
1437,0,0,0,0,0,0,0,0,0,0,0,0,4,0,3,0,16,0,14,0,4,0,4,0,4,0
1438,0,0,0,0,0,0,0,0,0,0,0,0,3,0,3,0,21,0,9,0,5,0,6,0,2,0
1439,1,0,0,0,0,0,0,0,0,0,0,0,5,0,3,0,18,0,13,0,2,0,3,0,7,0
1440,0,0,0,0,0,0,0,0,0,0,0,0,2,0,3,0,18,0,11,0,2,0,5,0,4,0
1441,0,0,0,0,0,0,0,0,0,0,0,0,5,0,4,0,17,0,13,0,7,0,2,0,4,0
1442,1,0,0,0,0,0,0,0,0,0,0,0,7,0,2,0,22,0,8,0,2,0,5,0,2,0
1443,1,0,0,0,0,0,0,0,0,0,0,0,2,0,2,0,11,0,14,0,3,0,2,0,5,0
1444,0,0,0,0,0,0,0,0,0,0,0,0,4,0,2,0,17,0,17,0,7,0,5,0,2,0
1445,1,0,0,0,0,0,0,0,0,0,0,0,1,0,5,0,19,0,9,0,1,0,7,0,2,0
1446,0,0,0,0,0,0,0,0,0,0,0,0,7,0,1,0,19,0,12,0,5,0,2,0,3,0
1447,1,0,0,0,0,0,0,0,0,0,0,0,2,0,3,0,21,0,13,0,5,0,4,0,9,0
1448,0,0,0,0,0,0,0,0,0,0,0,0,6,0,4,0,21,0,10,0,4,0,2,0,5,0
1449,0,0,0,0,0,0,0,0,0,0,0,0,2,0,4,0,11,0,15,0,4,0,7,0,2,0
1450,0,0,0,0,0,0,0,0,0,0,0,0,4,0,5,0,18,0,16,0,6,0,2,0,3,0
1451,0,0,0,0,0,0,0,0,0,0,0,0,3,0,3,0,22,0,10,0,4,0,5,0,3,0
1452,1,0,0,0,0,0,0,0,0,0,0,0,5,0,4,0,19,0,9,0,2,0,5,0,5,0
1453,1,0,0,0,0,0,0,0,0,0,0,0,7,0,2,0,20,0,10,0,4,0,4,0,6,0
1454,0,0,0,0,0,0,0,0,0,0,0,0,2,0,0,0,14,0,15,0,6,0,1,0,3,0
1455,0,0,0,0,0,0,0,0,0,0,0,0,6,0,3,0,20,0,9,0,2,0,6,0,5,0
1456,0,0,0,0,0,0,0,0,0,0,0,0,5,0,4,0,21,0,11,0,3,0,5,0,2,0
1457,0,0,0,0,0,0,0,0,0,0,0,0,1,0,4,0,19,0,13,0,4,0,5,0,4,0
1458,1,0,0,0,0,0,0,0,0,0,0,0,3,0,5,0,16,0,13,0,5,0,3,0,7,0
1459,1,0,0,0,0,0,0,0,0,0,0,0,3,0,3,0,16,0,14,0,3,0,2,0,4,0
1460,0,0,0,0,0,0,0,0,0,0,0,0,5,0,1,0,16,0,13,0,5,0,4,0,2,0
1461,0,0,0,0,0,0,0,0,0,0,0,0,4,0,3,0,19,0,11,0,5,0,5,0,2,0
1462,0,0,0,0,0,0,0,0,0,0,0,0,4,0,3,0,16,0,10,0,2,0,5,0,4,0
1463,0,0,0,0,0,0,0,0,0,0,0,0,6,0,2,0,20,0,12,0,4,0,2,0,4,0
1464,0,0,0,0,0,0,0,0,0,0,0,0,2,0,3,0,15,0,16,0,6,0,6,0,2,0
1465,0,0,0,0,0,0,0,0,0,0,0,0,5,0,3,0,19,0,11,0,4,0,2,0,6,0
1466,0,0,0,0,0,0,0,0,0,0,0,0,4,0,4,0,19,0,12,0,3,0,5,0,3,0
1467,0,0,0,0,0,0,0,0,0,0,0,0,3,0,3,0,14,0,15,0,5,0,2,0,5,0
1468,1,0,0,0,0,0,0,0,0,0,0,0,4,0,4,0,24,0,8,0,3,0,6,0,8,0
1469,0,0,0,0,0,0,0,0,0,0,0,0,4,0,3,0,19,0,10,0,4,0,3,0,3,0
1470,0,0,0,0,0,0,0,0,0,0,0,0,5,0,3,0,18,0,12,0,3,0,5,0,2,0
1471,1,0,0,0,0,0,0,0,0,0,0,0,3,0,2,0,18,0,12,0,5,0,4,0,6,0
1472,0,0,0,0,0,0,0,0,0,0,0,0,6,0,3,0,18,0,12,0,3,0,3,0,3,0
1473,0,0,0,0,0,0,0,0,0,0,0,0,4,0,2,0,18,0,12,0,6,0,5,0,5,0
1474,0,0,0,0,0,0,0,0,0,0,0,0,3,0,2,0,18,0,10,0,1,0,5,0,5,0
1475,0,0,0,0,0,0,0,0,0,0,0,0,5,0,5,0,23,0,12,0,5,0,3,0,1,0
1476,1,0,0,0,0,0,0,0,0,0,0,0,2,0,3,0,12,0,14,0,4,0,5,0,3,0
1477,0,0,0,0,0,0,0,0,0,0,0,0,4,0,3,0,16,0,13,0,5,0,3,0,4,0
1478,0,0,0,0,0,0,0,0,0,0,0,0,6,0,1,0,19,0,16,0,5,0,4,0,5,0
1479,1,0,0,0,0,0,0,0,0,0,0,0,3,0,4,0,19,0,10,0,5,0,5,0,6,0
1480,1,0,0,0,0,0,0,0,0,0,0,0,4,0,4,0,18,0,9,0,2,0,4,0,4,0
1481,0,0,0,0,0,0,0,0,0,0,0,0,4,0,2,0,16,0,9,0,3,0,3,0,3,0
1482,0,0,0,0,0,0,0,0,0,0,0,0,6,0,2,0,20,0,14,0,5,0,4,0,4,0
1483,0,0,0,0,0,0,0,0,0,0,0,0,3,0,5,0,15,0,14,0,4,0,6,0,1,0
1484,0,0,0,0,0,0,0,0,0,0,0,0,1,0,2,0,17,0,12,0,4,0,4,0,4,0
1485,0,0,0,0,0,0,0,0,0,0,0,0,4,0,3,0,19,0,14,0,4,0,3,0,5,0
1486,0,0,0,0,0,0,0,0,0,0,0,0,5,0,4,0,19,0,14,0,6,0,3,0,5,0
1487,0,0,0,0,0,0,0,0,0,0,0,0,5,0,4,0,23,0,8,0,2,0,6,0,4,0
1488,0,0,0,0,0,0,0,0,0,0,0,0,4,0,2,0,16,0,7,0,3,0,5,0,4,0
1489,0,0,0,0,0,0,0,0,0,0,0,0,4,0,2,0,16,0,18,0,5,0,2,0,4,0
1490,0,0,0,0,0,0,0,0,0,0,0,0,2,0,2,0,14,0,14,0,3,0,5,0,3,0
1491,0,0,0,0,0,0,0,0,0,0,0,0,5,0,6,0,21,0,15,0,6,0,2,0,3,0
1492,1,0,0,0,0,0,0,0,0,0,0,0,4,0,1,0,15,0,12,0,4,0,4,0,4,0
1493,0,0,0,0,0,0,0,0,0,0,0,0,4,0,3,0,20,0,7,0,3,0,5,0,6,0
1494,1,0,0,0,0,0,0,0,0,0,0,0,4,0,4,0,18,0,10,0,4,0,3,0,7,0
1495,0,0,0,0,0,0,0,0,0,0,0,0,5,0,2,0,19,0,11,0,5,0,3,0,1,0
1496,0,0,0,0,0,0,0,0,0,0,0,0,3,0,4,0,18,0,14,0,4,0,2,0,7,0
1497,0,0,0,0,0,0,0,0,0,0,0,0,6,0,3,0,20,0,11,0,4,0,6,0,3,0
1498,0,0,0,0,0,0,0,0,0,0,0,0,3,0,0,0,14,0,11,0,3,0,5,0,3,0
1499,0,0,0,0,0,0,0,0,0,0,0,0,4,0,5,0,21,0,14,0,5,0,3,0,3,0
1500,0,0,0,0,0,0,0,0,0,0,0,0,5,0,3,0,19,0,15,0,4,0,5,0,3,0
1501,1,0,0,0,0,0,0,0,0,0,0,0,3,0,2,0,12,0,10,0,2,0,6,0,3,0
1502,0,0,0,0,0,0,0,0,0,0,0,0,2,0,3,0,19,0,15,0,4,0,2,0,7,0
1503,0,0,0,0,0,0,0,0,0,0,0,0,4,0,4,0,20,0,12,0,4,0,5,0,4,0
1504,0,0,0,0,0,0,0,0,0,0,0,0,6,0,3,0,18,0,11,0,7,0,3,0,3,0
1505,0,0,0,0,0,0,0,0,0,0,0,0,5,0,2,0,18,0,10,0,4,0,5,0,4,0
1506,0,0,0,0,0,0,0,0,0,0,0,0,2,0,4,0,20,0,13,0,3,0,4,0,3,0
1507,0,0,0,0,0,0,0,0,0,0,0,0,7,0,2,0,22,0,14,0,6,0,4,0,5,0
1508,0,0,0,0,0,0,0,0,0,0,0,0,3,0,5,0,15,0,12,0,1,0,3,0,4,0
1509,0,0,0,0,0,0,0,0,0,0,0,0,3,0,2,0,18,0,8,0,2,0,5,0,5,0
1510,0,0,0,0,0,0,0,0,0,0,0,0,3,0,2,0,17,0,15,0,7,0,3,0,3,0
1511,0,0,0,0,0,0,0,0,0,0,0,0,8,0,3,0,24,0,9,0,4,0,2,0,4,0
1512,0,0,0,0,0,0,0,0,0,0,0,0,1,0,3,0,14,0,12,0,3,0,5,0,6,0
1513,0,0,0,0,0,0,0,0,0,0,0,0,3,0,4,0,17,0,8,0,2,0,6,0,4,0
1514,0,0,0,0,0,0,0,0,0,0,0,0,4,0,3,0,14,0,15,0,4,0,4,0,4,0
1515,2,0,0,0,0,0,0,0,0,0,0,0,6,0,2,0,19,0,14,0,5,0,5,0,2,0
1516,1,0,0,0,0,0,0,0,0,0,0,0,3,0,3,0,19,0,12,0,6,0,3,0,5,0
1517,0,0,0,0,0,0,0,0,0,0,0,0,6,0,4,0,22,0,8,0,2,0,4,0,2,0
1518,1,0,0,0,0,0,0,0,0,0,0,0,4,0,3,0,18,0,10,0,4,0,3,0,7,0
1519,1,0,0,0,0,0,0,0,0,0,0,0,5,0,3,0,19,0,15,0,4,0,2,0,4,0
1520,1,0,0,0,0,0,0,0,0,0,0,0,3,0,3,0,14,0,11,0,5,0,4,0,4,0
1521,1,0,0,0,0,0,0,0,0,0,0,0,3,0,4,0,17,0,15,0,5,0,4,0,3,0
1522,1,0,0,0,0,0,0,0,0,0,0,0,5,0,3,0,20,0,11,0,3,0,4,0,4,0
1523,0,0,0,0,0,0,0,0,0,0,0,0,3,0,4,0,19,0,13,0,6,0,6,0,4,0
1524,0,0,0,0,0,0,0,0,0,0,0,0,4,0,1,0,15,0,10,0,2,0,5,0,5,0
1525,1,0,0,0,0,0,1,0,0,0,0,0,4,0,2,0,20,0,10,0,4,0,3,0,2,0
1526,1,0,0,0,0,0,0,0,0,0,0,0,5,0,4,0,18,0,11,0,2,0,6,0,2,0
1527,0,0,0,0,0,0,0,0,0,0,0,0,3,0,5,0,20,0,14,0,5,0,2,0,5,0
1528,1,0,0,0,2,0,4,0,1,0,0,0,4,0,3,0,21,0,11,0,3,0,4,0,5,0
1529,0,0,0,0,0,0,0,0,0,0,0,0,3,0,3,0,16,0,19,0,6,0,3,0,4,0
1530,0,0,0,0,0,0,0,0,0,0,0,0,3,0,4,0,22,0,10,0,6,0,1,0,6,0
1531,0,0,0,0,0,0,0,0,0,0,0,0,7,0,1,0,20,0,9,0,1,0,6,0,3,0
1532,0,0,0,0,0,0,0,0,0,0,0,0,4,0,1,0,14,0,9,0,3,0,6,0,3,0
1533,1,0,0,0,0,0,0,0,0,0,0,0,3,0,4,0,15,0,15,0,6,0,4,0,6,0
1534,1,0,0,0,0,0,0,0,0,0,0,0,2,0,3,0,18,0,15,0,5,0,4,0,4,0
1535,0,0,0,0,0,0,0,0,0,0,0,0,5,0,5,0,22,0,10,0,3,0,1,0,4,0
1536,1,0,0,0,0,0,0,0,0,0,0,0,5,0,4,0,19,0,9,0,3,0,6,0,3,0
1537,0,0,0,0,0,0,0,0,0,0,0,0,4,0,2,0,18,0,11,0,3,0,4,0,6,0
1538,0,0,0,0,0,0,0,0,0,0,0,0,3,0,2,0,15,0,15,0,6,0,3,0,2,0
1539,0,0,0,0,0,0,0,0,0,0,0,0,4,0,3,0,19,0,11,0,3,0,5,0,5,0
1540,1,0,0,0,0,0,0,0,0,0,0,0,4,0,4,0,18,0,14,0,6,0,6,0,2,0
1541,0,0,0,0,0,0,0,0,0,0,0,0,4,0,3,0,17,0,12,0,3,0,5,0,4,0
1542,0,0,0,0,0,0,0,0,0,0,0,0,3,0,2,0,17,0,13,0,4,0,3,0,3,0
1543,0,0,0,0,0,0,0,0,0,0,0,0,3,0,3,0,16,0,12,0,4,0,2,0,5,0
1544,2,0,0,0,0,0,0,0,0,0,0,0,5,0,3,0,19,0,10,0,3,0,6,0,5,0
1545,0,0,0,0,0,0,0,0,0,0,0,0,4,0,3,0,17,0,17,0,7,0,2,0,4,0
1546,1,0,0,0,0,0,0,0,0,0,0,0,3,0,3,0,17,0,12,0,4,0,3,0,4,0
1547,0,0,0,0,0,0,0,0,0,0,0,0,6,0,3,0,19,0,13,0,4,0,5,0,4,0
1548,0,0,0,0,0,0,0,0,0,0,0,0,4,0,5,0,24,0,6,0,1,0,4,0,5,0
1549,1,0,0,0,0,0,0,0,0,0,0,0,4,0,1,0,15,0,10,0,4,0,5,0,2,0
1550,1,0,0,0,0,0,0,0,0,0,0,0,5,0,5,0,19,0,17,0,5,0,3,0,4,0
1551,0,0,0,0,0,0,0,0,0,0,0,0,5,0,4,0,19,0,11,0,4,0,5,0,0,0
1552,0,0,0,0,0,0,0,0,0,0,0,0,5,0,2,0,22,0,12,0,5,0,4,0,9,0
1553,0,0,0,0,0,0,0,0,0,0,0,0,1,0,2,0,16,0,13,0,3,0,2,0,3,0
1554,1,0,0,0,0,0,0,0,0,0,0,0,4,0,4,0,15,0,12,0,4,0,5,0,3,0
1555,0,0,0,0,1,0,0,0,0,0,0,0,2,0,1,0,13,0,11,0,3,0,4,0,6,0
1556,1,0,0,0,0,0,2,0,1,0,0,0,5,0,4,0,22,0,10,0,5,0,4,0,1,0
1557,0,0,0,0,1,0,3,0,0,0,0,0,4,0,4,0,23,0,11,0,4,0,5,0,6,0
1558,0,0,0,0,0,0,0,0,0,0,0,0,5,0,3,0,18,0,12,0,3,0,4,0,3,0
1559,0,0,0,0,0,0,0,0,0,0,0,0,5,0,5,0,23,0,12,0,4,0,2,0,5,0
1560,0,0,0,0,0,0,0,0,0,0,0,0,5,0,5,0,21,0,11,0,4,0,5,0,5,0
1561,0,0,0,0,0,0,0,0,0,0,0,0,3,0,1,0,15,0,12,0,6,0,4,0,3,0
1562,1,0,0,0,0,0,0,0,0,0,0,0,2,0,2,0,12,0,17,0,5,0,3,0,3,0
1563,0,0,0,0,0,0,0,0,0,0,0,0,3,0,2,0,20,0,11,0,3,0,3,0,6,0
1564,1,0,0,0,0,0,0,0,0,0,0,0,6,0,5,0,23,0,9,0,3,0,5,0,6,0
1565,0,0,0,0,0,0,0,0,0,0,0,0,3,0,1,0,15,0,10,0,4,0,5,0,3,0
1566,1,0,0,0,0,0,0,0,0,0,0,0,3,0,4,0,14,0,16,0,5,0,5,0,2,0
1567,0,0,0,0,0,0,0,0,0,0,0,0,3,0,2,0,16,0,14,0,3,0,2,0,3,0
1568,0,0,0,0,0,0,0,0,0,0,0,0,5,0,5,0,20,0,13,0,5,0,6,0,4,0
1569,0,0,0,0,0,0,0,0,0,0,0,0,5,0,3,0,22,0,9,0,3,0,2,0,6,0
1570,0,0,0,0,0,0,0,0,0,0,0,0,4,0,5,0,19,0,12,0,4,0,4,0,5,0
1571,0,0,0,0,0,0,0,0,0,0,0,0,3,0,1,0,14,0,17,0,5,0,3,0,3,0
1572,0,0,0,0,0,0,0,0,0,0,0,0,5,0,2,0,20,0,7,0,2,0,6,0,5,0
1573,0,0,0,0,0,0,0,0,0,0,0,0,4,0,4,0,20,0,13,0,5,0,3,0,3,0
1574,0,0,0,0,0,0,0,0,0,0,0,0,4,0,2,0,17,0,9,0,4,0,4,0,5,0
1575,0,0,0,0,0,0,0,0,0,0,0,0,5,0,1,0,18,0,12,0,4,0,3,0,2,0
1576,0,0,0,0,0,0,0,0,0,0,0,0,6,0,6,0,23,0,12,0,5,0,4,0,5,0
1577,0,0,0,0,0,0,0,0,0,0,0,0,2,0,2,0,13,0,12,0,4,0,5,0,2,0
1578,0,0,0,0,0,0,0,0,0,0,0,0,3,0,2,0,15,0,12,0,3,0,3,0,3,0
1579,0,0,0,0,0,0,0,0,0,0,0,0,5,0,4,0,20,0,11,0,5,0,6,0,5,0
1580,1,0,0,0,0,0,0,0,0,0,0,0,4,0,2,0,18,0,12,0,3,0,1,0,9,0
1581,0,0,0,0,0,0,0,0,0,0,0,0,2,0,5,0,19,0,10,0,3,0,6,0,0,0
1582,1,0,0,0,0,0,0,0,0,0,0,0,6,0,3,0,18,0,12,0,4,0,3,0,4,0
1583,0,0,0,0,0,0,0,0,0,0,0,0,3,0,3,0,19,0,14,0,5,0,4,0,7,0
1584,0,0,0,0,0,0,0,0,0,0,0,0,6,0,2,0,16,0,9,0,2,0,6,0,3,0
1585,0,0,0,0,0,0,0,0,0,0,0,0,3,0,2,0,18,0,15,0,6,0,3,0,2,0
1586,1,0,0,0,0,0,0,0,0,0,0,0,5,0,2,0,15,0,13,0,3,0,4,0,3,0
1587,0,0,0,0,0,0,0,0,0,0,0,0,3,0,6,0,21,0,14,0,6,0,3,0,5,0
1588,1,0,0,0,0,0,0,0,0,0,0,0,4,0,1,0,14,0,16,0,5,0,3,0,2,0
1589,0,0,0,0,0,0,0,0,0,0,0,0,2,0,5,0,21,0,9,0,2,0,4,0,7,0
1590,0,0,0,0,0,0,0,0,0,0,0,0,5,0,1,0,17,0,10,0,5,0,4,0,3,0
1591,0,0,0,0,0,0,0,0,0,0,0,0,4,0,3,0,19,0,10,0,1,0,5,0,5,0
1592,1,0,0,0,0,0,0,0,0,0,0,0,5,0,3,0,18,0,11,0,4,0,6,0,5,0
1593,0,0,0,0,0,0,0,0,0,0,0,0,4,0,3,0,20,0,12,0,4,0,4,0,4,0
1594,0,0,0,0,0,0,0,0,0,0,0,0,4,0,3,0,16,0,16,0,7,0,4,0,2,0
1595,0,0,0,0,0,0,0,0,0,0,0,0,3,0,5,0,17,0,13,0,4,0,3,0,5,0
1596,0,0,0,0,0,0,0,0,0,0,0,0,3,0,3,0,19,0,12,0,5,0,4,0,3,0
1597,0,0,0,0,0,0,0,0,0,0,0,0,5,0,4,0,19,0,13,0,4,0,3,0,5,0
1598,1,0,0,0,0,0,0,0,0,0,0,0,5,0,3,0,19,0,7,0,1,0,3,0,4,0
1599,0,0,0,0,0,0,0,0,0,0,0,0,3,0,4,0,21,0,13,0,6,0,6,0,4,0
1600,0,0,0,0,0,0,0,0,0,0,0,0,5,0,2,0,18,0,13,0,5,0,4,0,6,0
1601,1,0,0,0,0,0,0,0,0,0,0,0,4,0,2,0,17,0,11,0,3,0,4,0,2,0
1602,0,0,0,0,0,0,0,0,0,0,0,0,5,0,1,0,16,0,12,0,2,0,4,0,2,0
1603,0,0,0,0,0,0,0,0,0,0,0,0,3,0,4,0,15,0,11,0,5,0,5,0,2,0
1604,0,0,0,0,0,0,0,0,0,0,0,0,3,0,4,0,20,0,12,0,4,0,5,0,7,0
1605,1,0,0,0,0,0,0,0,0,0,0,0,4,0,3,0,17,0,11,0,4,0,4,0,4,0
1606,1,0,0,0,0,0,0,0,0,0,0,0,3,0,2,0,15,0,16,0,5,0,2,0,7,0
1607,0,0,0,0,0,0,0,0,0,0,0,0,4,0,2,0,15,0,13,0,6,0,2,0,4,0
1608,0,0,0,0,0,0,0,0,0,0,0,0,5,0,4,0,22,0,9,0,1,0,4,0,1,0
1609,0,0,0,0,0,0,0,0,0,0,0,0,4,0,3,0,19,0,15,0,5,0,4,0,4,0
1610,0,0,0,0,0,0,0,0,0,0,0,0,2,0,5,0,20,0,12,0,4,0,6,0,7,0
1611,0,0,0,0,0,0,0,0,0,0,0,0,6,0,1,0,17,0,10,0,2,0,4,0,2,0
1612,1,0,0,0,0,0,0,0,0,0,0,0,4,0,4,0,18,0,9,0,4,0,4,0,3,0
1613,0,0,0,0,0,0,0,0,0,0,0,0,2,0,1,0,14,0,15,0,5,0,4,0,4,0
1614,1,0,0,0,0,0,0,0,0,0,0,0,5,0,5,0,21,0,9,0,3,0,5,0,3,0
1615,1,0,0,0,0,0,0,0,0,0,0,0,6,0,3,0,20,0,16,0,6,0,3,0,4,0
1616,0,0,0,0,0,0,0,0,0,0,0,0,2,0,2,0,15,0,13,0,4,0,3,0,8,0
1617,0,0,0,0,0,0,0,0,0,0,0,0,5,0,2,0,19,0,10,0,3,0,3,0,3,0
1618,1,0,0,0,0,0,0,0,0,0,0,0,5,0,3,0,20,0,9,0,4,0,7,0,4,0
1619,0,0,0,0,0,0,0,0,0,0,0,0,5,0,4,0,20,0,14,0,5,0,3,0,5,0
1620,0,0,0,0,0,0,0,0,0,0,0,0,3,0,4,0,17,0,11,0,1,0,5,0,2,0
1621,0,0,0,0,0,0,0,0,0,0,0,0,4,0,1,0,15,0,15,0,6,0,4,0,3,0
1622,0,0,0,0,0,0,0,0,0,0,0,0,4,0,3,0,19,0,14,0,5,0,2,0,3,0
1623,1,0,0,0,0,0,0,0,0,0,0,0,4,0,5,0,20,0,9,0,3,0,5,0,4,0
1624,1,0,0,0,0,0,0,0,0,0,0,0,4,0,2,0,17,0,12,0,4,0,5,0,6,0
1625,1,0,0,0,0,0,0,0,0,0,0,0,3,0,3,0,15,0,15,0,6,0,4,0,4,0
1626,0,0,0,0,0,0,0,0,0,0,0,0,2,0,1,0,12,0,14,0,5,0,5,0,3,0
1627,0,0,0,0,0,0,0,0,0,0,0,0,7,0,4,0,26,0,6,0,1,0,2,0,4,0
1628,0,0,0,0,0,0,0,0,0,0,0,0,5,0,2,0,17,0,11,0,4,0,4,0,4,0
1629,0,0,0,0,0,0,0,0,0,0,0,0,2,0,5,0,19,0,15,0,5,0,5,0,2,0
1630,0,0,0,0,0,0,0,0,0,0,0,0,2,0,5,0,20,0,12,0,4,0,5,0,10,0
1631,1,0,0,0,0,0,0,0,0,0,0,0,5,0,1,0,16,0,10,0,3,0,3,0,1,0
1632,0,0,0,0,0,0,0,0,0,0,0,0,5,0,3,0,16,0,14,0,5,0,2,0,4,0
1633,0,0,0,0,0,0,0,0,0,0,0,0,5,0,3,0,21,0,11,0,2,0,7,0,2,0
1634,0,0,0,0,0,0,0,0,0,0,0,0,5,0,3,0,18,0,10,0,5,0,3,0,6,0
1635,0,0,0,0,0,0,0,0,0,0,0,0,3,0,4,0,16,0,10,0,2,0,3,0,5,0
1636,0,0,0,0,0,0,0,0,0,0,0,0,2,0,2,0,17,0,15,0,5,0,5,0,1,0
1637,1,0,0,0,0,0,0,0,0,0,0,0,5,0,3,0,18,0,16,0,5,0,3,0,5,0
1638,0,0,0,0,0,0,0,0,0,0,0,0,3,0,3,0,21,0,10,0,4,0,5,0,4,0
1639,1,0,0,0,0,0,0,0,0,0,0,0,4,0,3,0,14,0,15,0,5,0,6,0,2,0
1640,0,0,0,0,0,0,0,0,0,0,0,0,5,0,2,0,20,0,11,0,3,0,2,0,6,0
1641,1,0,0,0,0,0,0,0,0,0,0,0,3,0,3,0,15,0,11,0,3,0,4,0,6,0
1642,0,0,0,0,0,0,0,0,0,0,0,0,8,0,3,0,21,0,12,0,4,0,3,0,2,0
1643,0,0,0,0,1,0,2,0,0,0,0,0,3,0,3,0,17,0,10,0,4,0,5,0,3,0
1644,0,0,0,0,1,0,1,0,0,0,0,0,3,0,4,0,20,0,12,0,4,0,4,0,3,0
1645,0,0,0,0,2,0,1,0,0,0,0,0,3,0,4,0,19,0,12,0,5,0,3,0,5,0
1646,0,0,0,0,0,0,3,0,2,0,0,0,1,0,6,0,18,0,17,0,6,0,2,0,5,0
1647,0,0,0,0,0,0,0,0,0,0,0,0,6,0,2,0,20,0,10,0,2,0,7,0,2,0
1648,1,0,0,0,0,0,0,0,0,0,0,0,4,0,3,0,20,0,12,0,4,0,4,0,3,0
1649,0,0,0,0,0,0,0,0,0,0,0,0,6,0,1,0,20,0,8,0,3,0,3,0,6,0
1650,0,0,0,0,0,0,0,0,0,0,0,0,3,0,6,0,18,0,11,0,4,0,5,0,5,0
1651,0,0,0,0,0,0,0,0,0,0,0,0,3,0,5,0,19,0,13,0,4,0,4,0,4,0
1652,0,0,0,0,0,0,0,0,0,0,0,0,2,0,3,0,19,0,11,0,4,0,3,0,3,0
1653,0,0,0,0,0,0,0,0,0,0,0,0,5,0,3,0,18,0,13,0,5,0,4,0,5,0
1654,0,0,0,0,0,0,0,0,0,0,0,0,5,0,1,0,16,0,9,0,3,0,3,0,4,0
1655,1,0,0,0,0,0,0,0,0,0,0,0,2,0,2,0,15,0,15,0,5,0,4,0,6,0
1656,0,0,0,0,0,0,0,0,0,0,0,0,5,0,5,0,20,0,10,0,4,0,5,0,3,0
1657,0,0,0,0,0,0,0,0,0,0,0,0,4,0,2,0,17,0,16,0,4,0,5,0,2,0
1658,0,0,0,0,0,0,0,0,0,0,0,0,2,0,2,0,16,0,14,0,6,0,2,0,6,0
1659,0,0,0,0,0,0,0,0,0,0,0,0,4,0,1,0,14,0,12,0,4,0,6,0,2,0
1660,0,0,0,0,0,0,0,0,0,0,0,0,5,0,4,0,20,0,7,0,2,0,3,0,3,0
1661,1,0,0,0,0,0,0,0,0,0,0,0,4,0,5,0,20,0,15,0,6,0,4,0,6,0
1662,0,0,0,0,0,0,0,0,0,0,0,0,3,0,2,0,16,0,13,0,4,0,3,0,4,0
1663,0,0,0,0,0,0,0,0,0,0,0,0,6,0,3,0,17,0,15,0,5,0,5,0,2,0
1664,0,0,0,0,0,0,0,0,0,0,0,0,3,0,4,0,20,0,11,0,3,0,4,0,3,0
1665,1,0,0,0,0,0,0,0,0,0,0,0,5,0,3,0,18,0,11,0,5,0,4,0,5,0
1666,0,0,0,0,0,0,0,0,0,0,0,0,4,0,4,0,20,0,10,0,2,0,4,0,7,0
1667,0,0,0,0,0,0,0,0,0,0,0,0,4,0,1,0,15,0,12,0,5,0,5,0,2,0
1668,0,0,0,0,0,0,0,0,0,0,0,0,3,0,5,0,20,0,13,0,4,0,3,0,6,0
1669,1,0,0,0,0,0,0,0,0,0,0,0,4,0,2,0,17,0,15,0,3,0,3,0,2,0
1670,0,0,0,0,0,0,0,0,0,0,0,0,5,0,3,0,17,0,15,0,5,0,3,0,4,0
1671,0,0,0,0,0,0,0,0,0,0,0,0,5,0,2,0,22,0,10,0,3,0,6,0,2,0
1672,0,0,0,0,0,0,0,0,0,0,0,0,3,0,3,0,18,0,11,0,4,0,5,0,6,0
1673,0,0,0,0,0,0,0,0,0,0,0,0,3,0,2,0,15,0,9,0,2,0,5,0,4,0
1674,0,0,0,0,0,0,0,0,0,0,0,0,4,0,6,0,20,0,10,0,4,0,3,0,6,0
1675,1,0,0,0,0,0,0,0,0,0,0,0,6,0,4,0,21,0,13,0,6,0,5,0,3,0
1676,0,0,0,0,0,0,0,0,0,0,0,0,3,0,2,0,16,0,11,0,3,0,5,0,3,0
1677,0,0,0,0,0,0,0,0,0,0,0,0,3,0,1,0,15,0,15,0,6,0,3,0,6,0
1678,0,0,0,0,0,0,0,0,0,0,0,0,3,0,3,0,20,0,8,0,2,0,2,0,2,0
1679,0,0,0,0,0,0,0,0,0,0,0,0,6,0,3,0,18,0,10,0,4,0,4,0,6,0
1680,1,0,0,0,0,0,0,0,0,0,0,0,3,0,5,0,15,0,17,0,6,0,2,0,3,0
1681,1,0,0,0,0,0,0,0,0,0,0,0,3,0,1,0,15,0,10,0,2,0,7,0,3,0
1682,0,0,0,0,0,0,0,0,0,0,0,0,5,0,5,0,23,0,15,0,5,0,3,0,5,0
1683,1,0,0,0,0,0,0,0,0,0,0,0,3,0,3,0,19,0,8,0,1,0,5,0,4,0
1684,0,0,0,0,0,0,0,0,0,0,0,0,6,0,4,0,22,0,11,0,5,0,4,0,4,0
1685,0,0,0,0,0,0,0,0,0,0,0,0,6,0,2,0,21,0,11,0,5,0,3,0,0,0
1686,0,0,0,0,0,0,0,0,0,0,0,0,5,0,2,0,16,0,12,0,4,0,3,0,6,0
1687,0,0,0,0,0,0,0,0,0,0,0,0,2,0,4,0,21,0,14,0,4,0,5,0,5,0
1688,1,0,0,0,0,0,0,0,0,0,0,0,4,0,2,0,15,0,12,0,5,0,4,0,5,0
1689,0,0,0,0,0,0,0,0,0,0,0,0,3,0,3,0,16,0,13,0,3,0,4,0,5,0
1690,0,0,0,0,0,0,0,0,0,0,0,0,4,0,4,0,17,0,14,0,5,0,5,0,2,0
1691,0,0,0,0,0,0,0,0,0,0,0,0,4,0,2,0,16,0,15,0,6,0,4,0,4,0
1692,0,0,0,0,0,0,0,0,0,0,0,0,3,0,3,0,20,0,8,0,2,0,3,0,3,0
1693,1,0,0,0,0,0,0,0,0,0,0,0,7,0,1,0,16,0,14,0,4,0,4,0,4,0
1694,1,0,0,0,0,0,0,0,0,0,0,0,1,0,4,0,18,0,8,0,1,0,5,0,5,0
1695,0,0,0,0,0,0,0,0,0,0,0,0,8,0,2,0,20,0,11,0,4,0,5,0,3,0
1696,0,0,0,0,0,0,0,0,0,0,0,0,2,0,6,0,19,0,17,0,8,0,2,0,4,0
1697,0,0,0,0,0,0,0,0,0,0,0,0,4,0,1,0,15,0,10,0,2,0,6,0,5,0
1698,0,0,0,0,0,0,0,0,0,0,0,0,3,0,3,0,18,0,13,0,4,0,5,0,5,0
1699,1,0,0,0,0,0,0,0,0,0,0,0,2,0,5,0,21,0,13,0,5,0,3,0,4,0
1700,1,0,0,0,0,0,0,0,0,0,0,0,6,0,1,0,15,0,11,0,4,0,2,0,5,0
1701,0,0,0,0,0,0,0,0,0,0,0,0,4,0,2,0,16,0,8,0,2,0,4,0,4,0
1702,1,0,0,0,0,0,0,0,0,0,0,0,4,0,4,0,18,0,16,0,8,0,3,0,2,0
1703,0,0,0,0,0,0,0,0,0,0,0,0,3,0,4,0,19,0,13,0,3,0,4,0,5,0
1704,0,0,0,0,0,0,0,0,0,0,0,0,5,0,5,0,24,0,10,0,2,0,4,0,4,0
1705,1,0,0,0,0,0,0,0,0,0,0,0,7,0,1,0,20,0,10,0,5,0,3,0,4,0
1706,1,0,0,0,0,0,0,0,0,0,0,0,2,0,3,0,15,0,10,0,3,0,7,0,4,0
1707,1,0,0,0,0,0,0,0,0,0,0,0,4,0,5,0,17,0,16,0,4,0,3,0,5,0
1708,1,0,0,0,0,0,0,0,0,0,0,0,3,0,2,0,16,0,8,0,2,0,5,0,3,0
1709,0,0,0,0,0,0,0,0,0,0,0,0,4,0,2,0,19,0,15,0,5,0,1,0,5,0
1710,0,0,0,0,0,0,0,0,0,0,0,0,5,0,3,0,17,0,8,0,3,0,5,0,2,0
1711,1,0,0,0,2,0,1,0,0,0,0,0,5,0,6,0,25,0,10,0,4,0,5,0,3,0
1712,0,0,0,0,0,0,3,0,0,0,0,0,0,0,3,0,15,0,15,0,5,0,2,0,4,0
1713,1,0,0,0,2,0,4,0,1,0,0,0,5,0,6,0,22,0,16,0,6,0,4,0,5,0
1714,0,0,0,0,0,0,0,0,0,0,0,0,4,0,2,0,18,0,14,0,4,0,4,0,4,0
1715,0,0,0,0,0,0,0,0,0,0,0,0,5,0,3,0,20,0,9,0,2,0,7,0,2,0
1716,0,0,0,0,0,0,0,0,0,0,0,0,3,0,5,0,21,0,13,0,6,0,2,0,6,0
1717,1,0,0,0,0,0,0,0,0,0,0,0,5,0,3,0,21,0,10,0,3,0,2,0,4,0
1718,0,0,0,0,0,0,0,0,0,0,0,0,5,0,2,0,17,0,11,0,5,0,6,0,4,0
1719,0,0,0,0,0,0,0,0,0,0,0,0,3,0,4,0,16,0,11,0,2,0,6,0,3,0
1720,0,0,0,0,0,0,0,0,0,0,0,0,2,0,3,0,18,0,12,0,3,0,4,0,5,0
1721,0,0,0,0,0,0,0,0,0,0,0,0,2,0,3,0,14,0,15,0,5,0,3,0,4,0
1722,0,0,0,0,0,0,0,0,0,0,0,0,5,0,2,0,20,0,11,0,5,0,3,0,4,0
1723,0,0,0,0,0,0,0,0,0,0,0,0,6,0,3,0,19,0,12,0,4,0,4,0,5,0
1724,0,0,0,0,0,0,0,0,0,0,0,0,5,0,3,0,18,0,10,0,2,0,4,0,3,0
1725,0,0,0,0,0,0,0,0,0,0,0,0,3,0,2,0,16,0,14,0,4,0,5,0,3,0
1726,1,0,0,0,0,0,0,0,0,0,0,0,4,0,4,0,17,0,15,0,5,0,5,0,3,0
1727,1,0,0,0,0,0,0,0,0,0,0,0,2,0,2,0,15,0,13,0,6,0,3,0,5,0
1728,0,0,0,0,0,0,0,0,0,0,0,0,3,0,4,0,17,0,14,0,4,0,3,0,5,0
1729,0,0,0,0,0,0,0,0,0,0,0,0,5,0,3,0,20,0,12,0,3,0,4,0,3,0
1730,0,0,0,0,0,0,0,0,0,0,0,0,5,0,1,0,17,0,12,0,5,0,4,0,4,0
1731,1,0,0,0,0,0,0,0,0,0,0,0,4,0,6,0,22,0,9,0,3,0,4,0,3,0
1732,1,0,0,0,0,0,0,0,0,0,0,0,5,0,3,0,20,0,11,0,5,0,2,0,5,0
1733,0,0,0,0,0,0,0,0,0,0,0,0,5,0,1,0,15,0,9,0,4,0,7,0,6,0
1734,0,0,0,0,0,0,0,0,0,0,0,0,3,0,5,0,19,0,13,0,4,0,2,0,3,0
1735,1,0,0,0,0,0,0,0,0,0,0,0,3,0,5,0,20,0,13,0,4,0,4,0,2,0
1736,1,0,0,0,0,0,0,0,0,0,0,0,4,0,3,0,17,0,11,0,4,0,4,0,6,0
1737,0,0,0,0,0,0,0,0,0,0,0,0,4,0,1,0,14,0,14,0,4,0,4,0,5,0
1738,0,0,0,0,0,0,0,0,0,0,0,0,5,0,1,0,18,0,11,0,3,0,5,0,4,0
1739,0,0,0,0,0,0,0,0,0,0,0,0,4,0,3,0,20,0,11,0,3,0,8,0,1,0
1740,0,0,0,0,0,0,0,0,0,0,0,0,3,0,4,0,17,0,13,0,5,0,2,0,4,0
1741,1,0,0,0,0,0,0,0,0,0,0,0,4,0,5,0,24,0,14,0,6,0,4,0,4,0
1742,0,0,0,0,0,0,0,0,0,0,0,0,5,0,0,0,15,0,11,0,2,0,4,0,4,0
1743,0,0,0,0,0,0,0,0,0,0,0,0,5,0,3,0,19,0,9,0,3,0,2,0,6,0
1744,0,0,0,0,0,0,0,0,0,0,0,0,1,0,3,0,15,0,12,0,4,0,3,0,5,0
1745,0,0,0,0,0,0,0,0,0,0,0,0,7,0,4,0,20,0,13,0,5,0,6,0,3,0
1746,1,0,0,0,0,0,0,0,0,0,0,0,3,0,4,0,16,0,12,0,4,0,5,0,2,0
1747,1,0,0,0,0,0,0,0,0,0,0,0,2,0,2,0,17,0,16,0,4,0,4,0,7,0
1748,0,0,0,0,0,0,0,0,0,0,0,0,4,0,2,0,14,0,11,0,4,0,3,0,1,0
1749,1,0,0,0,0,0,0,0,0,0,0,0,4,0,3,0,19,0,15,0,7,0,3,0,5,0
1750,0,0,0,0,2,0,0,0,0,0,0,0,4,0,4,0,23,0,8,0,2,0,3,0,7,0
1751,0,0,0,0,0,0,1,0,0,0,0,0,6,0,3,0,19,0,9,0,3,0,5,0,1,0
1752,0,0,0,0,1,0,2,0,1,0,0,0,2,0,4,0,18,0,14,0,3,0,5,0,3,0
1753,1,0,0,0,1,0,6,0,3,0,0,0,4,0,7,0,23,0,15,0,7,0,1,0,2,0
1754,0,0,0,0,0,0,1,0,1,0,0,0,4,0,3,0,21,0,11,0,3,0,6,0,7,0
1755,0,0,0,0,0,0,0,0,0,0,0,0,5,0,2,0,17,0,11,0,3,0,4,0,3,0
1756,0,0,0,0,0,0,0,0,0,0,0,0,4,0,3,0,16,0,12,0,5,0,3,0,3,0
1757,0,0,0,0,0,0,0,0,0,0,0,0,3,0,2,0,16,0,12,0,4,0,5,0,4,0
1758,0,0,0,0,0,0,0,0,0,0,0,0,6,0,4,0,24,0,9,0,3,0,3,0,4,0
1759,0,0,0,0,0,0,0,0,0,0,0,0,5,0,2,0,18,0,10,0,4,0,3,0,7,0
1760,0,0,0,0,0,0,0,0,0,0,0,0,3,0,6,0,20,0,13,0,2,0,6,0,3,0
1761,1,0,0,0,0,0,1,0,0,0,0,0,3,0,0,0,9,0,19,0,8,0,6,0,1,0
1762,0,0,0,0,0,0,0,0,0,0,0,0,1,0,3,0,18,0,14,0,3,0,2,0,7,0
1763,0,0,0,0,0,0,3,0,0,0,0,0,4,0,4,0,18,0,8,0,3,0,5,0,3,0
1764,0,0,0,0,2,0,1,0,1,0,0,0,8,0,6,0,26,0,10,0,4,0,4,0,5,0
1765,1,0,0,0,0,0,0,0,0,0,0,0,4,0,4,0,21,0,12,0,6,0,2,0,2,0
1766,1,0,0,0,0,0,0,0,0,0,0,0,3,0,2,0,17,0,10,0,3,0,4,0,4,0
1767,0,0,0,0,0,0,0,0,0,0,0,0,6,0,3,0,19,0,12,0,3,0,2,0,7,0
1768,0,0,0,0,0,0,0,0,0,0,0,0,4,0,3,0,17,0,12,0,3,0,5,0,2,0
1769,1,0,0,0,0,0,0,0,0,0,0,0,2,0,2,0,15,0,12,0,4,0,5,0,4,0
1770,1,0,0,0,0,0,0,0,0,0,0,0,3,0,3,0,16,0,13,0,5,0,4,0,2,0
1771,0,0,0,0,0,0,0,0,0,0,0,0,4,0,2,0,16,0,14,0,5,0,3,0,5,0
1772,0,0,0,0,0,0,0,0,0,0,0,0,4,0,4,0,20,0,13,0,6,0,4,0,4,0
1773,0,0,0,0,0,0,0,0,0,0,0,0,3,0,4,0,19,0,12,0,3,0,4,0,3,0
1774,0,0,0,0,0,0,0,0,0,0,0,0,4,0,1,0,17,0,12,0,4,0,5,0,5,0
1775,1,0,0,0,0,0,0,0,0,0,0,0,5,0,4,0,18,0,10,0,3,0,4,0,5,0
1776,1,0,0,0,0,0,0,0,0,0,0,0,6,0,5,0,22,0,14,0,3,0,5,0,2,0
1777,0,0,0,0,0,0,0,0,0,0,0,0,3,0,1,0,14,0,12,0,4,0,5,0,5,0
1778,0,0,0,0,0,0,0,0,0,0,0,0,4,0,5,0,25,0,12,0,4,0,3,0,4,0
1779,0,0,0,0,0,0,0,0,0,0,0,0,2,0,2,0,15,0,11,0,5,0,5,0,4,0
1780,0,0,0,0,0,0,0,0,0,0,0,0,6,0,2,0,13,0,11,0,4,0,3,0,3,0
1781,0,0,0,0,0,0,0,0,0,0,0,0,4,0,3,0,20,0,12,0,5,0,3,0,6,0
1782,0,0,0,0,0,0,0,0,0,0,0,0,3,0,3,0,19,0,12,0,3,0,5,0,5,0
1783,0,0,0,0,0,0,0,0,0,0,0,0,5,0,2,0,15,0,12,0,5,0,4,0,3,0
1784,0,0,0,0,0,0,0,0,0,0,0,0,3,0,3,0,17,0,13,0,4,0,4,0,3,0
1785,0,0,0,0,0,0,0,0,0,0,0,0,3,0,2,0,15,0,15,0,4,0,3,0,3,0
1786,0,0,0,0,0,0,0,0,0,0,0,0,4,0,4,0,22,0,10,0,3,0,5,0,4,0
1787,0,0,0,0,0,0,0,0,0,0,0,0,8,0,3,0,24,0,9,0,5,0,2,0,7,0
1788,0,0,0,0,0,0,0,0,0,0,0,0,4,0,4,0,18,0,11,0,3,0,3,0,5,0
1789,0,0,0,0,0,0,0,0,0,0,0,0,2,0,2,0,14,0,10,0,3,0,6,0,5,0
1790,0,0,0,0,0,0,0,0,0,0,0,0,3,0,5,0,18,0,14,0,2,0,1,0,2,0
1791,1,0,0,0,0,0,0,0,0,0,0,0,5,0,1,0,19,0,19,0,7,0,7,0,2,0
1792,0,0,0,0,0,0,0,0,0,0,0,0,3,0,4,0,16,0,10,0,3,0,5,0,4,0
1793,0,0,0,0,0,0,0,0,0,0,0,0,3,0,3,0,20,0,10,0,4,0,6,0,4,0
1794,0,0,0,0,0,0,0,0,0,0,0,0,8,0,3,0,23,0,11,0,5,0,3,0,4,0
1795,0,0,0,0,0,0,0,0,0,0,0,0,4,0,5,0,22,0,7,0,2,0,3,0,4,0
1796,0,0,0,0,0,0,0,0,0,0,0,0,2,0,0,0,12,0,13,0,5,0,4,0,4,0
1797,0,0,0,0,0,0,0,0,0,0,0,0,4,0,4,0,17,0,14,0,5,0,3,0,5,0
1798,0,0,0,0,0,0,0,0,0,0,0,0,3,0,3,0,17,0,15,0,4,0,3,0,4,0
1799,0,0,0,0,0,0,0,0,0,0,0,0,4,0,4,0,21,0,9,0,2,0,6,0,5,0
1800,0,0,0,0,0,0,0,0,0,0,0,0,5,0,4,0,18,0,12,0,4,0,2,0,4,0
1801,0,0,0,0,0,0,0,0,0,0,0,0,5,0,2,0,16,0,14,0,5,0,5,0,4,0
1802,0,0,0,0,0,0,0,0,0,0,0,0,3,0,3,0,17,0,11,0,5,0,4,0,3,0
1803,0,0,0,0,0,0,0,0,0,0,0,0,3,0,4,0,17,0,14,0,6,0,3,0,3,0
1804,0,0,0,0,0,0,0,0,0,0,0,0,3,0,1,0,18,0,12,0,4,0,4,0,6,0
1805,0,0,0,0,0,0,0,0,0,0,0,0,4,0,3,0,16,0,14,0,4,0,5,0,3,0
1806,1,0,0,0,0,0,0,0,0,0,0,0,5,0,3,0,18,0,11,0,3,0,3,0,1,0
1807,0,0,0,0,0,0,0,0,0,0,0,0,5,0,1,0,18,0,12,0,4,0,5,0,6,0
1808,1,0,0,0,0,0,0,0,0,0,0,0,4,0,4,0,17,0,11,0,3,0,5,0,5,0
1809,0,0,0,0,0,0,0,0,0,0,0,0,2,0,3,0,21,0,10,0,3,0,3,0,5,0
1810,0,0,0,0,0,0,0,0,0,0,0,0,7,0,3,0,18,0,13,0,6,0,3,0,3,0
1811,0,0,0,0,0,0,0,0,0,0,0,0,3,0,4,0,19,0,12,0,2,0,5,0,3,0
1812,0,0,0,0,0,0,0,0,0,0,0,0,3,0,3,0,16,0,12,0,4,0,5,0,4,0
1813,0,0,0,0,0,0,0,0,0,0,0,0,4,0,3,0,19,0,10,0,5,0,4,0,4,0
1814,0,0,0,0,0,0,0,0,0,0,0,0,3,0,3,0,15,0,15,0,6,0,3,0,5,0
1815,0,0,0,0,0,0,0,0,0,0,0,0,6,0,4,0,19,0,14,0,3,0,2,0,4,0
1816,0,0,0,0,0,0,0,0,0,0,0,0,3,0,1,0,14,0,14,0,3,0,7,0,3,0
1817,0,0,0,0,0,0,0,0,0,0,0,0,5,0,2,0,20,0,10,0,4,0,4,0,6,0
1818,0,0,0,0,0,0,0,0,0,0,0,0,3,0,3,0,21,0,9,0,4,0,3,0,3,0
1819,0,0,0,0,0,0,0,0,0,0,0,0,5,0,4,0,17,0,15,0,4,0,5,0,3,0
1820,0,0,0,0,0,0,0,0,0,0,0,0,3,0,3,0,18,0,8,0,4,0,6,0,4,0
1821,0,0,0,0,0,0,0,0,0,0,0,0,5,0,3,0,20,0,13,0,5,0,2,0,3,0
1822,0,0,0,0,0,0,0,0,0,0,0,0,6,0,5,0,22,0,10,0,3,0,5,0,5,0
1823,0,0,0,0,0,0,0,0,0,0,0,0,4,0,2,0,18,0,13,0,4,0,2,0,3,0
1824,0,0,0,0,0,0,0,0,0,0,0,0,2,0,3,0,11,0,17,0,5,0,3,0,4,0
1825,0,0,0,0,0,0,0,0,0,0,0,0,2,0,5,0,20,0,12,0,4,0,7,0,2,0
1826,0,0,0,0,0,0,0,0,0,0,0,0,6,0,2,0,19,0,10,0,4,0,4,0,5,0
1827,0,0,0,0,0,0,0,0,0,0,0,0,4,0,2,0,17,0,11,0,3,0,3,0,6,0
1828,0,0,0,0,0,0,0,0,0,0,0,0,4,0,3,0,19,0,10,0,4,0,2,0,4,0
1829,0,0,0,0,0,0,0,0,0,0,0,0,4,0,5,0,21,0,11,0,3,0,6,0,3,0
1830,0,0,0,0,0,0,0,0,0,0,0,0,7,0,3,0,21,0,11,0,2,0,4,0,4,0
1831,0,0,0,0,0,0,0,0,0,0,0,0,2,0,3,0,17,0,16,0,6,0,4,0,3,0
1832,0,0,0,0,0,0,0,0,0,0,0,0,2,0,4,0,17,0,14,0,5,0,4,0,7,0
1833,0,0,0,0,0,0,0,0,0,0,0,0,4,0,0,0,15,0,11,0,4,0,3,0,5,0
1834,0,0,0,0,0,0,0,0,0,0,0,0,5,0,2,0,16,0,12,0,5,0,5,0,1,0
1835,1,0,0,0,0,0,0,0,0,0,0,0,3,0,5,0,16,0,12,0,5,0,4,0,2,0
1836,1,0,0,0,0,0,0,0,0,0,0,0,2,0,2,0,19,0,11,0,2,0,2,0,7,0
1837,0,0,0,0,0,0,0,0,0,0,0,0,5,0,4,0,20,0,13,0,5,0,4,0,5,0
1838,0,0,0,0,0,0,0,0,0,0,0,0,5,0,2,0,14,0,11,0,2,0,5,0,4,0
1839,0,0,0,0,0,0,0,0,0,0,0,0,3,0,3,0,17,0,12,0,4,0,4,0,2,0
1840,0,0,0,0,0,0,0,0,0,0,0,0,5,0,3,0,19,0,10,0,2,0,4,0,7,0
1841,0,0,0,0,0,0,0,0,0,0,0,0,4,0,5,0,20,0,14,0,7,0,6,0,1,0
1842,0,0,0,0,0,0,0,0,0,0,0,0,4,0,1,0,18,0,14,0,4,0,1,0,5,0
1843,2,0,0,0,0,0,0,0,0,0,0,0,3,0,3,0,16,0,15,0,7,0,5,0,3,0
1844,0,0,0,0,0,0,0,0,0,0,0,0,5,0,4,0,23,0,11,0,4,0,4,0,2,0
1845,0,0,0,0,0,0,0,0,0,0,0,0,4,0,3,0,16,0,11,0,4,0,4,0,8,0
1846,0,0,0,0,0,0,0,0,0,0,0,0,4,0,2,0,23,0,9,0,3,0,5,0,3,0
1847,0,0,0,0,0,0,0,0,0,0,0,0,6,0,4,0,20,0,10,0,1,0,3,0,4,0
1848,0,0,0,0,0,0,0,0,0,0,0,0,4,0,3,0,15,0,8,0,2,0,5,0,3,0
1849,0,0,0,0,0,0,0,0,0,0,0,0,3,0,3,0,17,0,16,0,6,0,3,0,5,0
1850,0,0,0,0,0,0,0,0,0,0,0,0,3,0,4,0,19,0,13,0,4,0,4,0,4,0
1851,0,0,0,0,0,0,0,0,0,0,0,0,3,0,1,0,12,0,15,0,3,0,4,0,5,0
1852,0,0,0,0,0,0,0,0,0,0,0,0,6,0,2,0,19,0,9,0,5,0,5,0,4,0
1853,0,0,0,0,0,0,0,0,0,0,0,0,4,0,3,0,20,0,11,0,2,0,5,0,1,0
1854,0,0,0,0,0,0,0,0,0,0,0,0,5,0,4,0,20,0,15,0,8,0,2,0,2,0
1855,0,0,0,0,0,0,0,0,0,0,0,0,2,0,1,0,14,0,11,0,4,0,3,0,6,0
1856,1,0,0,0,0,0,0,0,0,0,0,0,4,0,5,0,20,0,12,0,4,0,6,0,3,0
1857,0,0,0,0,0,0,0,0,0,0,0,0,5,0,5,0,17,0,12,0,4,0,3,0,7,0
1858,0,0,0,0,0,0,0,0,0,0,0,0,3,0,3,0,21,0,14,0,4,0,2,0,2,0
1859,0,0,0,0,0,0,0,0,0,0,0,0,5,0,1,0,15,0,9,0,2,0,6,0,5,0
1860,0,0,0,0,0,0,0,0,0,0,0,0,4,0,2,0,19,0,12,0,3,0,4,0,4,0
1861,0,0,0,0,0,0,0,0,0,0,0,0,4,0,4,0,20,0,10,0,5,0,5,0,3,0
1862,0,0,0,0,0,0,0,0,0,0,0,0,4,0,1,0,13,0,14,0,8,0,2,0,5,0
1863,1,0,0,0,0,0,0,0,0,0,0,0,3,0,3,0,16,0,15,0,4,0,4,0,4,0
1864,0,0,0,0,0,0,0,0,0,0,0,0,4,0,4,0,18,0,11,0,3,0,7,0,5,0
1865,0,0,0,0,0,0,0,0,0,0,0,0,5,0,3,0,23,0,9,0,1,0,3,0,3,0
1866,0,0,0,0,0,0,0,0,0,0,0,0,4,0,3,0,19,0,12,0,3,0,5,0,4,0
1867,0,0,0,0,0,0,0,0,0,0,0,0,4,0,4,0,17,0,13,0,5,0,1,0,5,0
1868,0,0,0,0,0,0,0,0,0,0,0,0,3,0,2,0,15,0,15,0,7,0,5,0,3,0
1869,0,0,0,0,0,0,0,0,0,0,0,0,6,0,5,0,20,0,12,0,2,0,3,0,3,0
1870,0,0,0,0,0,0,0,0,0,0,0,0,3,0,2,0,20,0,10,0,4,0,6,0,6,0
1871,0,0,0,0,0,0,0,0,0,0,0,0,3,0,3,0,16,0,16,0,8,0,3,0,5,0
1872,0,0,0,0,0,0,0,0,0,0,0,0,4,0,3,0,19,0,10,0,3,0,5,0,1,0
1873,0,0,0,0,0,0,0,0,0,0,0,0,3,0,2,0,17,0,10,0,3,0,4,0,4,0
1874,0,0,0,0,0,0,0,0,0,0,0,0,5,0,4,0,18,0,13,0,4,0,3,0,6,0
1875,0,0,0,0,0,0,0,0,0,0,0,0,4,0,3,0,19,0,11,0,2,0,5,0,4,0
1876,0,0,0,0,0,0,0,0,0,0,0,0,4,0,2,0,18,0,9,0,3,0,4,0,4,0
1877,0,0,0,0,0,0,0,0,0,0,0,0,6,0,4,0,21,0,10,0,3,0,4,0,2,0
1878,1,0,0,0,0,0,0,0,0,0,0,0,3,0,1,0,16,0,14,0,4,0,4,0,6,0
1879,0,0,0,0,0,0,0,0,0,0,0,0,3,0,4,0,16,0,11,0,4,0,4,0,3,0
1880,0,0,0,0,0,0,0,0,0,0,0,0,5,0,3,0,19,0,14,0,5,0,2,0,4,0
1881,1,0,0,0,0,0,0,0,0,0,0,0,5,0,3,0,20,0,12,0,5,0,4,0,4,0
1882,0,0,0,0,0,0,0,0,0,0,0,0,7,0,3,0,21,0,11,0,3,0,4,0,4,0
1883,1,0,0,0,0,0,0,0,0,0,0,0,2,0,3,0,13,0,15,0,4,0,5,0,5,0
1884,0,0,0,0,0,0,0,0,0,0,0,0,1,0,5,0,17,0,13,0,4,0,4,0,3,0
1885,0,0,0,0,0,0,0,0,0,0,0,0,4,0,5,0,19,0,12,0,5,0,4,0,4,0
1886,0,0,0,0,0,0,0,0,0,0,0,0,4,0,2,0,16,0,10,0,6,0,3,0,3,0
1887,0,0,0,0,0,0,0,0,0,0,0,0,3,0,1,0,15,0,13,0,4,0,4,0,4,0
1888,0,0,0,0,0,0,0,0,0,0,0,0,5,0,3,0,20,0,13,0,4,0,5,0,4,0
1889,1,0,0,0,0,0,0,0,0,0,0,0,3,0,3,0,20,0,14,0,3,0,4,0,6,0
1890,0,0,0,0,0,0,0,0,0,0,0,0,4,0,3,0,17,0,11,0,3,0,3,0,3,0
1891,0,0,0,0,0,0,0,0,0,0,0,0,7,0,4,0,25,0,7,0,2,0,5,0,5,0
1892,0,0,0,0,0,0,0,0,0,0,0,0,5,0,2,0,17,0,10,0,4,0,5,0,2,0
1893,0,0,0,0,0,0,0,0,0,0,0,0,2,0,2,0,15,0,10,0,4,0,4,0,6,0
1894,0,0,0,0,0,0,0,0,0,0,0,0,3,0,4,0,17,0,16,0,5,0,3,0,5,0
1895,0,0,0,0,0,0,0,0,0,0,0,0,5,0,3,0,17,0,14,0,4,0,4,0,2,0
1896,1,0,0,0,0,0,0,0,0,0,0,0,5,0,2,0,16,0,16,0,6,0,3,0,4,0
1897,1,0,0,0,0,0,0,0,0,0,0,0,4,0,3,0,22,0,6,0,0,0,10,0,3,0
1898,0,0,0,0,0,0,0,0,0,0,0,0,2,0,2,0,16,0,11,0,4,0,2,0,4,0
1899,0,0,0,0,0,0,0,0,0,0,0,0,7,0,2,0,21,0,11,0,5,0,2,0,5,0
1900,1,0,0,0,0,0,0,0,0,0,0,0,4,0,5,0,17,0,12,0,3,0,2,0,4,0
1901,1,0,0,0,0,0,0,0,0,0,0,0,2,0,4,0,16,0,17,0,5,0,6,0,4,0
1902,0,0,0,0,0,0,0,0,0,0,0,0,6,0,3,0,21,0,10,0,4,0,2,0,4,0
1903,0,0,0,0,0,0,0,0,0,0,0,0,0,0,2,0,16,0,12,0,5,0,6,0,4,0
1904,1,0,0,0,0,0,0,0,0,0,0,0,6,0,4,0,16,0,11,0,3,0,4,0,3,0
1905,0,0,0,0,0,0,0,0,0,0,0,0,4,0,2,0,19,0,14,0,4,0,4,0,5,0
1906,0,0,0,0,0,0,0,0,0,0,0,0,6,0,4,0,22,0,11,0,5,0,2,0,5,0
1907,0,0,0,0,0,0,0,0,0,0,0,0,2,0,4,0,16,0,14,0,6,0,7,0,3,0
1908,1,0,0,0,0,0,0,0,0,0,0,0,4,0,3,0,16,0,13,0,3,0,3,0,3,0
1909,1,0,0,0,0,0,0,0,0,0,0,0,3,0,3,0,19,0,11,0,4,0,4,0,4,0
1910,0,0,0,0,0,0,0,0,0,0,0,0,7,0,2,0,19,0,9,0,4,0,2,0,7,0
1911,1,0,0,0,0,0,0,0,0,0,0,0,1,0,2,0,15,0,11,0,2,0,6,0,2,0
1912,0,0,0,0,0,0,0,0,0,0,0,0,6,0,3,0,19,0,14,0,7,0,3,0,4,0
1913,0,0,0,0,0,0,0,0,0,0,0,0,4,0,2,0,16,0,16,0,5,0,1,0,6,0
1914,0,0,0,0,0,0,0,0,0,0,0,0,3,0,3,0,20,0,8,0,3,0,6,0,3,0
1915,0,0,0,0,0,0,0,0,0,0,0,0,3,0,3,0,18,0,10,0,3,0,4,0,4,0
1916,0,0,0,0,0,0,0,0,0,0,0,0,6,0,5,0,18,0,14,0,6,0,4,0,3,0
1917,0,0,0,0,0,0,0,0,0,0,0,0,3,0,4,0,19,0,14,0,3,0,4,0,3,0
1918,1,0,0,0,0,0,0,0,0,0,0,0,6,0,0,0,16,0,11,0,3,0,5,0,6,0
1919,0,0,0,0,0,0,0,0,0,0,0,0,2,0,6,0,22,0,9,0,2,0,4,0,5,0
1920,1,0,0,0,0,0,0,0,0,0,0,0,4,0,4,0,22,0,13,0,5,0,3,0,3,0
1921,1,0,0,0,0,0,0,0,0,0,0,0,4,0,1,0,12,0,13,0,6,0,5,0,3,0
1922,0,0,0,0,0,0,0,0,0,0,0,0,4,0,3,0,19,0,11,0,3,0,3,0,4,0
1923,0,0,0,0,0,0,0,0,0,0,0,0,6,0,1,0,15,0,16,0,5,0,4,0,2,0
1924,0,0,0,0,0,0,0,0,0,0,0,0,2,0,5,0,24,0,10,0,3,0,5,0,7,0
1925,1,0,0,0,0,0,0,0,0,0,0,0,4,0,4,0,15,0,12,0,4,0,4,0,2,0
1926,0,0,0,0,0,0,0,0,0,0,0,0,4,0,4,0,19,0,6,0,2,0,6,0,5,0
1927,0,0,0,0,0,0,0,0,0,0,0,0,3,0,1,0,17,0,13,0,4,0,2,0,4,0
1928,1,0,0,0,0,0,0,0,0,0,0,0,3,0,2,0,15,0,15,0,4,0,5,0,6,0
1929,0,0,0,0,0,0,0,0,0,0,0,0,7,0,6,0,21,0,13,0,6,0,3,0,3,0
1930,0,0,0,0,0,0,0,0,0,0,0,0,5,0,2,0,19,0,12,0,3,0,3,0,3,0
1931,0,0,0,0,0,0,0,0,0,0,0,0,4,0,2,0,21,0,13,0,5,0,6,0,5,0
1932,0,0,0,0,0,0,0,0,0,0,0,0,2,0,4,0,14,0,11,0,4,0,5,0,0,0
1933,0,0,0,0,0,0,0,0,0,0,0,0,4,0,2,0,17,0,10,0,3,0,4,0,8,0
1934,0,0,0,0,0,0,0,0,0,0,0,0,3,0,4,0,18,0,12,0,4,0,4,0,2,0
1935,1,0,0,0,0,0,0,0,0,0,0,0,5,0,2,0,18,0,13,0,3,0,2,0,5,0
1936,0,0,0,0,0,0,0,0,0,0,0,0,6,0,3,0,18,0,15,0,8,0,3,0,4,0
1937,1,0,0,0,0,0,0,0,0,0,0,0,3,0,2,0,18,0,10,0,3,0,6,0,6,0
1938,0,0,0,0,0,0,0,0,0,0,0,0,4,0,5,0,22,0,13,0,4,0,3,0,3,0
1939,0,0,0,0,0,0,0,0,0,0,0,0,3,0,4,0,17,0,10,0,3,0,3,0,5,0
1940,0,0,0,0,0,0,0,0,0,0,0,0,7,0,2,0,19,0,11,0,3,0,4,0,2,0
1941,0,0,0,0,0,0,0,0,0,0,0,0,2,0,4,0,19,0,14,0,6,0,5,0,4,0
1942,0,0,0,0,0,0,0,0,0,0,0,0,5,0,2,0,20,0,11,0,2,0,4,0,7,0
1943,1,0,0,0,0,0,0,0,0,0,0,0,2,0,3,0,13,0,12,0,4,0,3,0,3,0
1944,0,0,0,0,0,0,0,0,0,0,0,0,6,0,4,0,26,0,10,0,4,0,6,0,2,0
1945,0,0,0,0,0,0,0,0,0,0,0,0,4,0,2,0,11,0,13,0,5,0,4,0,4,0
1946,0,0,0,0,0,0,0,0,0,0,0,0,5,0,2,0,19,0,12,0,2,0,6,0,5,0
1947,1,0,0,0,0,0,0,0,0,0,0,0,3,0,2,0,15,0,12,0,4,0,2,0,6,0
1948,0,0,0,0,0,0,0,0,0,0,0,0,2,0,2,0,13,0,15,0,5,0,4,0,2,0
1949,1,0,0,0,0,0,0,0,0,0,0,0,6,0,3,0,18,0,12,0,5,0,3,0,3,0
1950,1,0,0,0,0,0,0,0,0,0,0,0,3,0,4,0,23,0,14,0,5,0,3,0,3,0
1951,0,0,0,0,0,0,0,0,0,0,0,0,6,0,4,0,22,0,7,0,1,0,3,0,3,0
1952,0,0,0,0,0,0,0,0,0,0,0,0,3,0,2,0,17,0,12,0,4,0,5,0,3,0
1953,1,0,0,0,0,0,0,0,0,0,0,0,3,0,4,0,19,0,14,0,6,0,6,0,5,0
1954,1,0,0,0,0,0,0,0,0,0,0,0,3,0,4,0,19,0,10,0,2,0,2,0,6,0
1955,0,0,0,0,0,0,0,0,0,0,0,0,5,0,4,0,19,0,15,0,4,0,5,0,3,0
1956,0,0,0,0,0,0,0,0,0,0,0,0,4,0,1,0,13,0,13,0,4,0,3,0,6,0
1957,0,0,0,0,0,0,0,0,0,0,0,0,3,0,4,0,17,0,9,0,4,0,6,0,4,0
1958,0,0,0,0,0,0,0,0,0,0,0,0,3,0,2,0,16,0,15,0,8,0,4,0,3,0
1959,1,0,0,0,0,0,0,0,0,0,0,0,5,0,3,0,17,0,12,0,2,0,4,0,3,0
1960,0,0,0,0,0,0,0,0,0,0,0,0,4,0,2,0,18,0,10,0,3,0,2,0,6,0
1961,0,0,0,0,0,0,0,0,0,0,0,0,3,0,2,0,18,0,13,0,5,0,6,0,4,0
1962,0,0,0,0,0,0,0,0,0,0,0,0,5,0,4,0,20,0,9,0,2,0,4,0,4,0
1963,1,0,0,0,0,0,0,0,0,0,0,0,5,0,4,0,20,0,13,0,6,0,2,0,2,0
1964,0,0,0,0,0,0,0,0,0,0,0,0,4,0,4,0,18,0,12,0,4,0,4,0,5,0
1965,0,0,0,0,0,0,0,0,0,0,0,0,5,0,3,0,18,0,10,0,2,0,3,0,4,0
1966,0,0,0,0,0,0,0,0,0,0,0,0,3,0,4,0,21,0,12,0,5,0,6,0,4,0
1967,0,0,0,0,0,0,0,0,0,0,0,0,4,0,2,0,15,0,17,0,5,0,3,0,3,0
1968,0,0,0,0,0,0,0,0,0,0,0,0,3,0,4,0,19,0,10,0,3,0,6,0,5,0
1969,1,0,0,0,0,0,0,0,0,0,0,0,3,0,0,0,11,0,11,0,3,0,4,0,5,0
1970,0,0,0,0,0,0,0,0,0,0,0,0,3,0,4,0,22,0,13,0,6,0,4,0,5,0
1971,0,0,0,0,0,0,0,0,0,0,0,0,7,0,2,0,17,0,13,0,3,0,4,0,4,0
1972,0,0,0,0,0,0,0,0,0,0,0,0,3,0,6,0,21,0,13,0,5,0,4,0,2,0
1973,0,0,0,0,0,0,0,0,0,0,0,0,5,0,1,0,21,0,9,0,3,0,4,0,3,0
1974,1,0,0,0,0,0,0,0,0,0,0,0,4,0,1,0,15,0,14,0,5,0,3,0,5,0
1975,1,0,0,0,0,0,0,0,0,0,0,0,2,0,4,0,14,0,15,0,5,0,4,0,4,0
1976,0,0,0,0,0,0,0,0,0,0,0,0,5,0,3,0,19,0,12,0,4,0,5,0,5,0
1977,0,0,0,0,0,0,0,0,0,0,0,0,4,0,5,0,22,0,7,0,3,0,4,0,2,0
1978,1,0,0,0,0,0,0,0,0,0,0,0,4,0,4,0,20,0,11,0,3,0,3,0,4,0
1979,1,0,0,0,0,0,0,0,0,0,0,0,4,0,2,0,15,0,10,0,3,0,4,0,7,0
1980,1,0,0,0,0,0,0,0,0,0,0,0,2,0,2,0,13,0,16,0,5,0,2,0,3,0
1981,0,0,0,0,0,0,0,0,0,0,0,0,5,0,3,0,18,0,13,0,4,0,5,0,2,0
1982,1,0,0,0,0,0,0,0,0,0,0,0,3,0,2,0,17,0,16,0,5,0,6,0,5,0
1983,0,0,0,0,0,0,0,0,0,0,0,0,5,0,2,0,20,0,7,0,3,0,4,0,5,0
1984,0,0,0,0,0,0,0,0,0,0,0,0,4,0,5,0,22,0,13,0,6,0,2,0,5,0
1985,0,0,0,0,0,0,0,0,0,0,0,0,5,0,3,0,17,0,11,0,2,0,5,0,2,0
1986,1,0,0,0,0,0,0,0,0,0,0,0,3,0,3,0,13,0,14,0,4,0,6,0,4,0
1987,1,0,0,0,0,0,0,0,0,0,0,0,5,0,5,0,24,0,12,0,4,0,3,0,5,0
1988,0,0,0,0,0,0,0,0,0,0,0,0,2,0,2,0,13,0,14,0,4,0,4,0,3,0
1989,0,0,0,0,0,0,0,0,0,0,0,0,6,0,3,0,24,0,9,0,4,0,3,0,6,0
1990,0,0,0,0,0,0,0,0,0,0,0,0,5,0,5,0,20,0,10,0,3,0,5,0,4,0
1991,0,0,0,0,0,0,0,0,0,0,0,0,4,0,0,0,16,0,14,0,5,0,4,0,2,0
1992,1,0,0,0,0,0,0,0,0,0,0,0,4,0,3,0,17,0,15,0,5,0,4,0,4,0
1993,0,0,0,0,0,0,0,0,0,0,0,0,2,0,2,0,12,0,16,0,4,0,2,0,4,0
1994,0,0,0,0,0,0,0,0,0,0,0,0,4,0,3,0,18,0,11,0,4,0,4,0,4,0
1995,0,0,0,0,0,0,0,0,0,0,0,0,3,0,3,0,20,0,9,0,2,0,5,0,7,0
1996,0,0,0,0,0,0,0,0,0,0,0,0,6,0,2,0,19,0,12,0,6,0,4,0,1,0
1997,0,0,0,0,0,0,0,0,0,0,0,0,5,0,3,0,18,0,9,0,3,0,6,0,4,0
1998,0,0,0,0,0,0,0,0,0,0,0,0,2,0,4,0,17,0,13,0,7,0,4,0,4,0
1999,0,0,0,0,0,0,0,0,0,0,0,0,5,0,4,0,19,0,14,0,3,0,2,0,2,0
2000,1,0,0,0,0,0,0,0,0,0,0,0,5,0,5,0,21,0,14,0,6,0,1,0,5,0
2001,1,0,0,0,0,0,0,0,0,0,0,0,5,0,2,0,20,0,6,0,1,0,6,0,2,0
2002,0,0,0,0,0,0,0,0,0,0,0,0,1,0,2,0,17,0,12,0,3,0,5,0,9,0
2003,1,0,0,0,0,0,0,0,0,0,0,0,4,0,2,0,12,0,12,0,3,0,5,0,4,0
2004,1,0,0,0,0,0,0,0,0,0,0,0,5,0,4,0,20,0,10,0,3,0,6,0,4,0
2005,0,0,0,0,0,0,0,0,0,0,0,0,5,0,0,0,16,0,14,0,6,0,3,0,4,0
2006,0,0,0,0,0,0,0,0,0,0,0,0,2,0,5,0,19,0,12,0,3,0,4,0,1,0
2007,0,0,0,0,0,0,0,0,0,0,0,0,5,0,5,0,26,0,11,0,6,0,3,0,6,0
2008,1,0,0,0,0,0,0,0,0,0,0,0,4,0,4,0,16,0,13,0,5,0,2,0,3,0
2009,1,0,0,0,0,0,0,0,0,0,0,0,3,0,4,0,14,0,12,0,4,0,5,0,7,0
2010,0,0,0,0,0,0,0,0,0,0,0,0,6,0,0,0,26,0,11,0,4,0,7,0,2,0
2011,1,0,0,0,0,0,0,0,0,0,0,0,2,0,2,0,9,0,16,0,5,0,3,0,3,0
2012,0,0,0,0,0,0,0,0,0,0,0,0,5,0,4,0,20,0,11,0,3,0,4,0,4,0
2013,0,0,0,0,0,0,0,0,0,0,0,0,4,0,4,0,19,0,10,0,1,0,1,0,6,0
2014,0,0,0,0,0,0,0,0,0,0,0,0,4,0,2,0,18,0,12,0,4,0,4,0,3,0
2015,0,0,0,0,0,0,0,0,0,0,0,0,4,0,4,0,16,0,12,0,5,0,3,0,2,0
2016,0,0,0,0,0,0,0,0,0,0,0,0,3,0,1,0,17,0,11,0,4,0,6,0,5,0
2017,0,0,0,0,0,0,1,0,1,0,0,0,7,0,3,0,22,0,13,0,5,0,6,0,4,0
2018,1,0,0,0,0,0,4,0,1,0,0,0,3,0,5,0,18,0,9,0,1,0,4,0,5,0
2019,0,0,0,0,0,0,2,0,0,0,0,0,2,0,6,0,21,0,9,0,3,0,3,0,2,0
2020,1,0,0,0,2,0,3,0,1,0,0,0,7,0,4,0,24,0,12,0,5,0,3,0,2,0
2021,0,0,0,0,0,0,0,0,0,0,0,0,3,0,2,0,17,0,14,0,6,0,3,0,5,0
2022,0,0,0,0,0,0,0,0,0,0,0,0,3,0,4,0,16,0,14,0,5,0,5,0,5,0
2023,1,0,0,0,0,0,0,0,0,0,0,0,3,0,2,0,15,0,11,0,3,0,3,0,4,0
2024,0,0,0,0,0,0,0,0,0,0,0,0,5,0,2,0,17,0,13,0,6,0,5,0,3,0
2025,0,0,0,0,0,0,0,0,0,0,0,0,3,0,5,0,20,0,15,0,4,0,3,0,3,0
2026,0,0,0,0,0,0,0,0,0,0,0,0,5,0,2,0,20,0,9,0,3,0,5,0,4,0
2027,0,0,0,0,0,0,0,0,0,0,0,0,6,0,2,0,16,0,13,0,3,0,3,0,3,0
2028,0,0,0,0,0,0,0,0,0,0,0,0,3,0,4,0,18,0,11,0,6,0,5,0,5,0
2029,0,0,0,0,0,0,0,0,0,0,0,0,3,0,3,0,19,0,14,0,4,0,4,0,3,0
2030,0,0,0,0,0,0,0,0,0,0,0,0,5,0,3,0,18,0,13,0,3,0,3,0,5,0
2031,1,0,0,0,0,0,0,0,0,0,0,0,2,0,5,0,18,0,8,0,2,0,6,0,5,0
2032,2,0,0,0,0,0,0,0,0,0,0,0,5,0,2,0,17,0,13,0,4,0,3,0,2,0
2033,0,0,0,0,0,0,0,0,0,0,0,0,5,0,1,0,16,0,11,0,5,0,4,0,5,0
2034,0,0,0,0,0,0,0,0,0,0,0,0,3,0,5,0,23,0,12,0,5,0,6,0,4,0
2035,0,0,0,0,0,0,0,0,0,0,0,0,3,0,2,0,19,0,13,0,4,0,2,0,6,0
2036,0,0,0,0,0,0,0,0,0,0,0,0,5,0,4,0,18,0,10,0,2,0,5,0,2,0
2037,0,0,0,0,0,0,0,0,0,0,0,0,5,0,2,0,17,0,11,0,4,0,4,0,3,0
2038,0,0,0,0,0,0,0,0,0,0,0,0,3,0,4,0,17,0,13,0,5,0,4,0,3,0
2039,0,0,0,0,0,0,0,0,0,0,0,0,5,0,1,0,16,0,14,0,4,0,2,0,5,0
2040,2,0,0,0,0,0,0,0,0,0,0,0,3,0,4,0,18,0,10,0,2,0,6,0,5,0
2041,1,0,0,0,0,0,0,0,0,0,0,0,6,0,4,0,20,0,11,0,3,0,2,0,6,0
2042,0,0,0,0,0,0,0,0,0,0,0,0,3,0,4,0,17,0,14,0,6,0,3,0,3,0
2043,0,0,0,0,0,0,0,0,0,0,0,0,3,0,3,0,17,0,16,0,7,0,4,0,3,0
2044,1,0,0,0,0,0,0,0,0,0,0,0,3,0,2,0,19,0,9,0,2,0,4,0,6,0
2045,0,0,0,0,0,0,0,0,0,0,0,0,5,0,3,0,20,0,9,0,3,0,6,0,3,0
2046,0,0,0,0,0,0,0,0,0,0,0,0,5,0,4,0,16,0,12,0,5,0,6,0,5,0
2047,0,0,0,0,0,0,0,0,0,0,0,0,3,0,3,0,19,0,14,0,4,0,4,0,3,0
2048,0,0,0,0,0,0,0,0,0,0,0,0,6,0,2,0,20,0,15,0,5,0,2,0,4,0
2049,0,0,0,0,0,0,0,0,0,0,0,0,2,0,4,0,17,0,9,0,4,0,5,0,4,0
2050,0,0,0,0,0,0,0,0,0,0,0,0,3,0,2,0,17,0,13,0,6,0,3,0,3,0
2051,0,0,0,0,0,0,0,0,0,0,0,0,4,0,2,0,15,0,15,0,3,0,4,0,5,0
2052,0,0,0,0,0,0,0,0,0,0,0,0,4,0,3,0,23,0,9,0,1,0,3,0,2,0
2053,0,0,0,0,0,0,0,0,0,0,0,0,4,0,3,0,15,0,15,0,6,0,5,0,7,0
2054,0,0,0,0,0,0,0,0,0,0,0,0,4,0,3,0,17,0,6,0,1,0,6,0,2,0
2055,0,0,0,0,0,0,0,0,0,0,0,0,6,0,2,0,18,0,16,0,6,0,5,0,1,0
2056,0,0,0,0,0,0,0,0,0,0,0,0,4,0,4,0,19,0,8,0,3,0,3,0,5,0
2057,1,0,0,0,0,0,0,0,0,0,0,0,3,0,4,0,15,0,17,0,6,0,3,0,6,0
2058,0,0,0,0,0,0,0,0,0,0,0,0,3,0,5,0,22,0,14,0,5,0,3,0,3,0
2059,1,0,0,0,0,0,0,0,0,0,0,0,4,0,2,0,18,0,8,0,1,0,4,0,9,0
2060,1,0,0,0,0,0,0,0,0,0,0,0,5,0,4,0,20,0,7,0,2,0,5,0,2,0
2061,0,0,0,0,0,0,0,0,0,0,0,0,4,0,2,0,13,0,17,0,5,0,4,0,3,0
2062,0,0,0,0,0,0,0,0,0,0,0,0,2,0,4,0,18,0,10,0,4,0,6,0,3,0
2063,1,0,0,0,0,0,0,0,0,0,0,0,5,0,1,0,20,0,14,0,4,0,3,0,3,0
2064,1,0,0,0,0,0,0,0,0,0,0,0,7,0,1,0,17,0,10,0,4,0,3,0,3,0
2065,0,0,0,0,0,0,0,0,0,0,0,0,1,0,4,0,19,0,15,0,5,0,4,0,7,0
2066,0,0,0,0,0,0,0,0,0,0,0,0,3,0,3,0,17,0,13,0,5,0,6,0,2,0
2067,0,0,0,0,0,0,0,0,0,0,0,0,7,0,2,0,19,0,11,0,2,0,2,0,4,0
2068,1,0,0,0,0,0,0,0,0,0,0,0,3,0,5,0,20,0,8,0,4,0,3,0,7,0
2069,0,0,0,0,0,0,0,0,0,0,0,0,3,0,2,0,13,0,12,0,4,0,4,0,3,0
2070,0,0,0,0,0,0,0,0,0,0,0,0,5,0,1,0,19,0,12,0,6,0,5,0,2,0
2071,0,0,0,0,0,0,0,0,0,0,0,0,2,0,5,0,18,0,15,0,3,0,3,0,5,0
2072,0,0,0,0,0,0,0,0,0,0,0,0,5,0,4,0,21,0,12,0,4,0,5,0,3,0
2073,0,0,0,0,0,0,1,0,0,0,0,0,4,0,4,0,20,0,11,0,2,0,4,0,4,0
2074,1,0,0,0,0,0,2,0,0,0,0,0,4,0,3,0,18,0,11,0,6,0,4,0,6,0
2075,0,0,0,0,2,0,4,0,0,0,0,0,5,0,7,0,26,0,13,0,5,0,3,0,2,0
2076,0,0,0,0,4,0,5,0,3,0,0,0,4,0,5,0,21,0,13,0,3,0,5,0,3,0
2077,0,0,0,0,0,0,0,0,0,0,0,0,5,0,3,0,19,0,14,0,4,0,4,0,5,0
2078,0,0,0,0,0,0,0,0,0,0,0,0,4,0,2,0,16,0,11,0,3,0,2,0,4,0
2079,0,0,0,0,0,0,0,0,0,0,0,0,2,0,5,0,20,0,13,0,4,0,4,0,3,0
2080,1,0,0,0,0,0,0,0,0,0,0,0,6,0,3,0,20,0,11,0,4,0,5,0,4,0
2081,1,0,0,0,0,0,0,0,0,0,0,0,3,0,2,0,16,0,12,0,4,0,3,0,5,0
2082,0,0,0,0,0,0,0,0,0,0,0,0,4,0,2,0,14,0,10,0,5,0,5,0,4,0
2083,0,0,0,0,0,0,0,0,0,0,0,0,4,0,3,0,19,0,12,0,5,0,6,0,5,0
2084,0,0,0,0,0,0,0,0,0,0,0,0,3,0,3,0,23,0,8,0,2,0,5,0,4,0
2085,1,0,0,0,0,0,0,0,0,0,0,0,6,0,3,0,16,0,13,0,3,0,2,0,6,0
2086,0,0,0,0,0,0,0,0,0,0,0,0,5,0,3,0,17,0,12,0,6,0,2,0,3,0
2087,0,0,0,0,0,0,0,0,0,0,0,0,3,0,2,0,17,0,13,0,4,0,6,0,2,0
2088,0,0,0,0,0,0,0,0,0,0,0,0,3,0,2,0,19,0,14,0,5,0,3,0,2,0
2089,0,0,0,0,0,0,0,0,0,0,0,0,6,0,4,0,21,0,11,0,4,0,5,0,6,0
2090,0,0,0,0,0,0,0,0,0,0,0,0,3,0,3,0,17,0,9,0,2,0,5,0,6,0
2091,0,0,0,0,0,0,0,0,0,0,0,0,4,0,5,0,20,0,14,0,5,0,4,0,4,0
2092,0,0,0,0,0,0,0,0,0,0,0,0,3,0,1,0,11,0,13,0,3,0,3,0,3,0
2093,1,0,0,0,0,0,0,0,0,0,0,0,4,0,3,0,20,0,13,0,5,0,5,0,5,0
2094,0,0,0,0,0,0,0,0,0,0,0,0,4,0,3,0,18,0,12,0,5,0,4,0,1,0
2095,0,0,0,0,0,0,0,0,0,0,0,0,4,0,4,0,22,0,10,0,2,0,5,0,7,0
2096,1,0,0,0,0,0,0,0,0,0,0,0,5,0,4,0,18,0,12,0,4,0,3,0,2,0
2097,0,0,0,0,0,0,0,0,0,0,0,0,6,0,3,0,21,0,12,0,3,0,1,0,5,0
2098,0,0,0,0,0,0,0,0,0,0,0,0,2,0,3,0,14,0,11,0,5,0,7,0,4,0
2099,0,0,0,0,0,0,0,0,0,0,0,0,5,0,2,0,18,0,13,0,4,0,2,0,3,0
2100,0,0,0,0,0,0,0,0,0,0,0,0,2,0,5,0,16,0,13,0,5,0,3,0,5,0
2101,0,0,0,0,0,0,0,0,0,0,0,0,5,0,0,0,17,0,16,0,4,0,4,0,4,0
2102,0,0,0,0,0,0,0,0,0,0,0,0,5,0,3,0,19,0,12,0,4,0,5,0,3,0
2103,0,0,0,0,0,0,0,0,0,0,0,0,4,0,3,0,20,0,10,0,2,0,5,0,3,0
2104,1,0,0,0,0,0,0,0,0,0,0,0,2,0,5,0,16,0,13,0,5,0,4,0,4,0
2105,1,0,0,0,0,0,0,0,0,0,0,0,3,0,2,0,14,0,12,0,5,0,3,0,4,0
2106,0,0,0,0,0,0,0,0,0,0,0,0,5,0,3,0,19,0,10,0,2,0,4,0,5,0
2107,0,0,0,0,0,0,0,0,0,0,0,0,4,0,2,0,20,0,14,0,7,0,6,0,5,0
2108,0,0,0,0,0,0,0,0,0,0,0,0,2,0,4,0,18,0,9,0,2,0,4,0,3,0
2109,1,0,0,0,0,0,0,0,0,0,0,0,4,0,3,0,17,0,13,0,7,0,2,0,4,0
2110,1,0,0,0,0,0,0,0,0,0,0,0,4,0,4,0,17,0,14,0,3,0,2,0,2,0
2111,0,0,0,0,0,0,0,0,0,0,0,0,6,0,1,0,19,0,10,0,3,0,5,0,6,0
2112,1,0,0,0,0,0,0,0,0,0,0,0,5,0,5,0,19,0,11,0,3,0,6,0,4,0
2113,1,0,0,0,0,0,0,0,0,0,0,0,3,0,2,0,16,0,14,0,6,0,5,0,4,0
2114,0,0,0,0,0,0,0,0,0,0,0,0,6,0,0,0,21,0,10,0,2,0,2,0,3,0
2115,0,0,0,0,0,0,0,0,0,0,0,0,2,0,4,0,16,0,12,0,5,0,4,0,4,0
2116,0,0,0,0,0,0,0,0,0,0,0,0,6,0,4,0,23,0,14,0,5,0,3,0,4,0
2117,0,0,0,0,0,0,0,0,0,0,0,0,4,0,4,0,18,0,8,0,2,0,5,0,7,0
2118,0,0,0,0,0,0,0,0,0,0,0,0,1,0,4,0,17,0,15,0,5,0,4,0,3,0
2119,0,0,0,0,0,0,0,0,0,0,0,0,5,0,2,0,15,0,15,0,6,0,3,0,5,0
2120,0,0,0,0,0,0,0,0,0,0,0,0,3,0,5,0,23,0,9,0,2,0,5,0,1,0
2121,1,0,0,0,0,0,0,0,0,0,0,0,5,0,3,0,14,0,14,0,3,0,4,0,6,0
2122,0,0,0,0,0,0,0,0,0,0,0,0,4,0,1,0,17,0,10,0,5,0,4,0,4,0
2123,0,0,0,0,0,0,0,0,0,0,0,0,4,0,5,0,21,0,13,0,3,0,6,0,3,0
2124,0,0,0,0,0,0,0,0,0,0,0,0,5,0,2,0,16,0,8,0,3,0,3,0,6,0
2125,0,0,0,0,0,0,0,0,0,0,0,0,2,0,3,0,18,0,14,0,5,0,5,0,5,0
2126,1,0,0,0,0,0,0,0,0,0,0,0,5,0,3,0,19,0,10,0,4,0,2,0,3,0
2127,0,0,0,0,0,0,0,0,0,0,0,0,5,0,2,0,19,0,15,0,6,0,5,0,1,0
2128,0,0,0,0,0,0,0,0,0,0,0,0,3,0,3,0,17,0,13,0,2,0,4,0,6,0
2129,1,0,0,0,0,0,0,0,0,0,0,0,5,0,4,0,18,0,10,0,4,0,5,0,4,0
2130,1,0,0,0,0,0,0,0,0,0,0,0,4,0,3,0,17,0,9,0,4,0,3,0,4,0
2131,0,0,0,0,0,0,0,0,0,0,0,0,3,0,5,0,20,0,17,0,5,0,5,0,2,0
2132,0,0,0,0,0,0,0,0,0,0,0,0,4,0,1,0,20,0,13,0,5,0,2,0,5,0
2133,1,0,0,0,0,0,0,0,0,0,0,0,2,0,2,0,17,0,11,0,4,0,7,0,7,0
2134,0,0,0,0,0,0,0,0,0,0,0,0,6,0,4,0,17,0,11,0,3,0,2,0,4,0
2135,0,0,0,0,0,0,0,0,0,0,0,0,6,0,1,0,15,0,15,0,4,0,2,0,0,0
2136,1,0,0,0,0,0,0,0,0,0,0,0,2,0,4,0,18,0,13,0,7,0,4,0,6,0
2137,0,0,0,0,0,0,0,0,0,0,0,0,2,0,5,0,19,0,12,0,2,0,4,0,5,0
2138,0,0,0,0,0,0,0,0,0,0,0,0,4,0,2,0,16,0,11,0,5,0,7,0,1,0
2139,0,0,0,0,0,0,0,0,0,0,0,0,4,0,1,0,19,0,12,0,4,0,1,0,7,0
2140,1,0,0,0,0,0,0,0,0,0,0,0,5,0,3,0,16,0,13,0,4,0,5,0,1,0
2141,0,0,0,0,0,0,0,0,0,0,0,0,5,0,4,0,20,0,12,0,2,0,3,0,3,0
2142,1,0,0,0,0,0,0,0,0,0,0,0,5,0,4,0,25,0,7,0,4,0,3,0,7,0
2143,0,0,0,0,0,0,0,0,0,0,0,0,4,0,2,0,14,0,12,0,3,0,6,0,4,0
2144,0,0,0,0,0,0,0,0,0,0,0,0,3,0,2,0,15,0,14,0,5,0,4,0,4,0
2145,0,0,0,0,0,0,0,0,0,0,0,0,4,0,2,0,17,0,13,0,4,0,7,0,3,0
2146,0,0,0,0,0,0,0,0,0,0,0,0,5,0,4,0,19,0,13,0,5,0,5,0,3,0
2147,0,0,0,0,0,0,0,0,0,0,0,0,3,0,6,0,19,0,10,0,4,0,3,0,4,0
2148,0,0,0,0,0,0,0,0,0,0,0,0,4,0,2,0,17,0,14,0,3,0,0,0,7,0
2149,1,0,0,0,0,0,0,0,0,0,0,0,5,0,2,0,18,0,6,0,3,0,5,0,4,0
2150,0,0,0,0,0,0,0,0,0,0,0,0,4,0,3,0,22,0,15,0,4,0,4,0,3,0
2151,0,0,0,0,0,0,0,0,0,0,0,0,2,0,3,0,16,0,12,0,5,0,6,0,5,0
2152,0,0,0,0,0,0,0,0,0,0,0,0,5,0,3,0,17,0,11,0,3,0,3,0,5,0
2153,1,0,0,0,0,0,0,0,0,0,0,0,6,0,3,0,20,0,12,0,4,0,3,0,3,0
2154,0,0,0,0,0,0,0,0,0,0,0,0,2,0,3,0,16,0,14,0,5,0,7,0,3,0
2155,0,0,0,0,0,0,0,0,0,0,0,0,4,0,3,0,18,0,9,0,2,0,1,0,4,0
2156,0,0,0,0,0,0,0,0,0,0,0,0,6,0,2,0,22,0,11,0,6,0,4,0,3,0
2157,0,0,0,0,0,0,0,0,0,0,0,0,3,0,4,0,16,0,16,0,6,0,5,0,4,0
2158,0,0,0,0,0,0,0,0,0,0,0,0,4,0,3,0,17,0,12,0,4,0,4,0,2,0
2159,0,0,0,0,0,0,0,0,0,0,0,0,3,0,1,0,12,0,13,0,2,0,5,0,7,0
2160,1,0,0,0,0,0,0,0,0,0,0,0,4,0,3,0,21,0,10,0,4,0,2,0,6,0
2161,0,0,0,0,0,0,0,0,0,0,0,0,4,0,5,0,20,0,13,0,4,0,4,0,3,0
2162,0,0,0,0,0,0,0,0,0,0,0,0,3,0,4,0,20,0,12,0,5,0,4,0,3,0
2163,0,0,0,0,0,0,0,0,0,0,0,0,4,0,2,0,12,0,17,0,7,0,4,0,3,0
2164,1,0,0,0,0,0,0,0,0,0,0,0,4,0,4,0,19,0,9,0,2,0,5,0,4,0
2165,0,0,0,0,0,0,0,0,0,0,0,0,6,0,1,0,21,0,11,0,4,0,2,0,6,0
2166,1,0,0,0,0,0,0,0,0,0,0,0,3,0,3,0,13,0,10,0,4,0,4,0,2,0
2167,0,0,0,0,0,0,0,0,0,0,0,0,5,0,2,0,19,0,13,0,2,0,7,0,2,0
2168,0,0,0,0,0,0,0,0,0,0,0,0,3,0,5,0,20,0,10,0,3,0,7,0,5,0
2169,0,0,0,0,0,0,0,0,0,0,0,0,2,0,3,0,20,0,15,0,6,0,1,0,6,0
2170,2,0,0,0,0,0,0,0,0,0,0,0,6,0,5,0,20,0,12,0,4,0,3,0,2,0
2171,0,0,0,0,0,0,0,0,0,0,0,0,1,0,2,0,15,0,13,0,3,0,2,0,6,0
2172,0,0,0,0,0,0,0,0,0,0,0,0,7,0,1,0,16,0,14,0,4,0,4,0,3,0
2173,0,0,0,0,0,0,0,0,0,0,0,0,4,0,1,0,18,0,10,0,5,0,5,0,5,0
2174,1,0,0,0,0,0,0,0,0,0,0,0,3,0,6,0,20,0,12,0,3,0,4,0,4,0
2175,0,0,0,0,0,0,0,0,0,0,0,0,6,0,2,0,22,0,8,0,4,0,3,0,4,0
2176,0,0,0,0,0,0,0,0,0,0,0,0,3,0,3,0,13,0,11,0,3,0,6,0,3,0
2177,0,0,0,0,0,0,0,0,0,0,0,0,4,0,4,0,22,0,11,0,4,0,3,0,6,0
2178,0,0,0,0,0,0,0,0,0,0,0,0,4,0,3,0,14,0,14,0,5,0,5,0,6,0
2179,1,0,0,0,0,0,0,0,0,0,0,0,4,0,3,0,18,0,11,0,3,0,4,0,4,0
2180,0,0,0,0,0,0,0,0,0,0,0,0,4,0,2,0,20,0,12,0,5,0,3,0,2,0
2181,0,0,0,0,0,0,0,0,0,0,0,0,5,0,4,0,16,0,13,0,5,0,2,0,1,0
2182,0,0,0,0,0,0,0,0,0,0,0,0,2,0,2,0,17,0,10,0,2,0,7,0,5,0
2183,1,0,0,0,0,0,0,0,0,0,0,0,4,0,5,0,19,0,15,0,6,0,5,0,4,0
2184,1,0,0,0,0,0,0,0,0,0,0,0,6,0,1,0,21,0,13,0,3,0,4,0,5,0
2185,0,0,0,0,0,0,0,0,0,0,0,0,3,0,6,0,19,0,10,0,4,0,3,0,2,0
2186,0,0,0,0,0,0,0,0,0,0,0,0,3,0,2,0,15,0,15,0,6,0,3,0,6,0
2187,0,0,0,0,0,0,0,0,0,0,0,0,4,0,3,0,20,0,14,0,5,0,2,0,5,0
2188,0,0,0,0,1,0,0,0,0,0,0,0,6,0,4,0,20,0,9,0,4,0,7,0,3,0
2189,0,0,0,0,1,0,2,0,1,0,0,0,3,0,3,0,18,0,13,0,1,0,4,0,3,0
2190,0,0,0,0,0,0,1,0,0,0,0,0,4,0,3,0,19,0,14,0,5,0,3,0,4,0
2191,0,0,0,0,2,0,5,0,1,0,0,0,1,0,6,0,20,0,11,0,3,0,4,0,7,0
2192,1,0,0,0,0,0,1,0,0,0,0,0,6,0,5,0,21,0,8,0,3,0,6,0,3,0
2193,0,0,0,0,0,0,0,0,0,0,0,0,4,0,2,0,18,0,10,0,3,0,4,0,2,0
2194,0,0,0,0,0,0,0,0,0,0,0,0,4,0,1,0,20,0,13,0,5,0,3,0,5,0
2195,0,0,0,0,0,0,0,0,0,0,0,0,5,0,5,0,23,0,12,0,4,0,4,0,3,0
2196,0,0,0,0,0,0,0,0,0,0,0,0,4,0,4,0,18,0,14,0,4,0,1,0,7,0
2197,1,0,0,0,0,0,0,0,0,0,0,0,2,0,4,0,16,0,11,0,6,0,5,0,0,0
2198,0,0,0,0,0,0,0,0,0,0,0,0,4,0,0,0,15,0,15,0,6,0,5,0,4,0
2199,0,0,0,0,0,0,0,0,0,0,0,0,4,0,2,0,17,0,11,0,4,0,4,0,6,0
2200,0,0,0,0,0,0,0,0,0,0,0,0,6,0,5,0,21,0,13,0,3,0,4,0,4,0
2201,0,0,0,0,0,0,0,0,0,0,0,0,2,0,3,0,15,0,11,0,2,0,5,0,4,0
2202,0,0,0,0,0,0,0,0,0,0,0,0,6,0,1,0,20,0,10,0,4,0,3,0,2,0
2203,0,0,0,0,0,0,0,0,0,0,0,0,5,0,6,0,24,0,13,0,5,0,5,0,4,0
2204,1,0,0,0,0,0,0,0,0,0,0,0,2,0,2,0,15,0,12,0,4,0,2,0,5,0
2205,1,0,0,0,0,0,0,0,0,0,0,0,2,0,3,0,10,0,16,0,4,0,4,0,4,0
2206,1,0,0,0,0,0,0,0,0,0,0,0,6,0,3,0,22,0,10,0,4,0,6,0,4,0
2207,0,0,0,0,0,0,0,0,0,0,0,0,5,0,3,0,17,0,15,0,7,0,3,0,3,0
2208,0,0,0,0,0,0,0,0,0,0,0,0,3,0,3,0,19,0,7,0,1,0,6,0,4,0
2209,0,0,0,0,0,0,0,0,0,0,0,0,5,0,3,0,20,0,13,0,4,0,3,0,6,0
2210,1,0,0,0,0,0,0,0,0,0,0,0,5,0,4,0,20,0,12,0,3,0,3,0,2,0
2211,0,0,0,0,0,0,0,0,0,0,0,0,4,0,2,0,18,0,11,0,3,0,5,0,5,0
2212,0,0,0,0,0,0,0,0,0,0,0,0,3,0,3,0,14,0,11,0,3,0,4,0,5,0
2213,0,0,0,0,0,0,0,0,0,0,0,0,3,0,3,0,19,0,10,0,4,0,4,0,2,0
2214,0,0,0,0,0,0,0,0,0,0,0,0,3,0,4,0,17,0,16,0,6,0,3,0,5,0
2215,1,0,0,0,0,0,0,0,0,0,0,0,5,0,3,0,23,0,9,0,4,0,4,0,5,0
2216,1,0,0,0,0,0,0,0,0,0,0,0,3,0,2,0,13,0,10,0,3,0,8,0,2,0
2217,0,0,0,0,0,0,0,0,0,0,0,0,6,0,3,0,20,0,14,0,4,0,2,0,5,0
2218,0,0,0,0,0,0,0,0,0,0,0,0,3,0,2,0,14,0,16,0,7,0,4,0,4,0
2219,0,0,0,0,0,0,0,0,0,0,0,0,4,0,4,0,20,0,12,0,3,0,3,0,4,0
2220,0,0,0,0,0,0,0,0,0,0,0,0,6,0,3,0,19,0,9,0,3,0,3,0,5,0
2221,0,0,0,0,0,0,0,0,0,0,0,0,3,0,4,0,19,0,11,0,2,0,4,0,2,0
2222,0,0,0,0,0,0,0,0,0,0,0,0,5,0,3,0,18,0,14,0,4,0,4,0,6,0
2223,0,0,0,0,0,0,0,0,0,0,0,0,2,0,2,0,18,0,13,0,5,0,7,0,3,0
2224,0,0,0,0,0,0,0,0,0,0,0,0,3,0,4,0,17,0,12,0,3,0,2,0,5,0
2225,1,0,0,0,0,0,0,0,0,0,0,0,5,0,3,0,15,0,16,0,7,0,4,0,4,0
2226,1,0,0,0,0,0,0,0,0,0,0,0,2,0,3,0,19,0,10,0,3,0,3,0,3,0
2227,0,0,0,0,0,0,0,0,0,0,0,0,6,0,2,0,23,0,9,0,5,0,3,0,4,0
2228,1,0,0,0,0,0,0,0,0,0,0,0,4,0,4,0,18,0,12,0,3,0,4,0,5,0
2229,0,0,0,0,0,0,0,0,0,0,0,0,5,0,4,0,19,0,12,0,4,0,5,0,5,0
2230,0,0,0,0,0,0,0,0,0,0,0,0,5,0,1,0,15,0,17,0,7,0,2,0,2,0
2231,0,0,0,0,0,0,0,0,0,0,0,0,2,0,3,0,17,0,9,0,3,0,5,0,4,0
2232,0,0,0,0,0,0,0,0,0,0,0,0,3,0,3,0,15,0,13,0,4,0,6,0,1,0
2233,0,0,0,0,0,0,0,0,0,0,0,0,5,0,1,0,18,0,9,0,3,0,3,0,5,0
2234,1,0,0,0,0,0,0,0,0,0,0,0,5,0,4,0,20,0,12,0,2,0,5,0,8,0
2235,0,0,0,0,0,0,0,0,0,0,0,0,3,0,2,0,16,0,12,0,4,0,5,0,2,0
2236,0,0,0,0,0,0,0,0,0,0,0,0,3,0,6,0,20,0,15,0,4,0,2,0,6,0
2237,0,0,0,0,0,0,0,0,0,0,0,0,5,0,2,0,18,0,13,0,6,0,2,0,3,0
2238,1,0,0,0,0,0,0,0,0,0,0,0,3,0,3,0,17,0,9,0,4,0,5,0,2,0
2239,0,0,0,0,0,0,0,0,0,0,0,0,6,0,1,0,16,0,14,0,5,0,4,0,4,0
2240,0,0,0,0,0,0,0,0,0,0,0,0,3,0,5,0,20,0,11,0,2,0,5,0,3,0
2241,1,0,0,0,0,0,0,0,0,0,0,0,4,0,2,0,16,0,11,0,5,0,5,0,7,0
2242,0,0,0,0,0,0,0,0,0,0,0,0,4,0,3,0,22,0,8,0,1,0,5,0,6,0
2243,0,0,0,0,0,0,0,0,0,0,0,0,4,0,3,0,15,0,14,0,4,0,5,0,2,0
2244,1,0,0,0,0,0,0,0,0,0,0,0,4,0,2,0,19,0,18,0,9,0,3,0,5,0
2245,1,0,0,0,0,0,0,0,0,0,0,0,5,0,6,0,20,0,9,0,1,0,3,0,3,0
2246,0,0,0,0,0,0,0,0,0,0,0,0,4,0,4,0,24,0,9,0,4,0,3,0,2,0
2247,0,0,0,0,0,0,1,0,0,0,0,0,5,0,4,0,19,0,13,0,3,0,4,0,4,0
2248,0,0,0,0,0,0,2,0,0,0,0,0,2,0,0,0,11,0,11,0,4,0,6,0,6,0
2249,1,0,1,0,2,0,1,0,0,0,0,0,2,0,5,0,20,0,13,0,5,0,2,0,4,0
2250,0,0,0,0,3,0,6,0,2,0,0,0,3,0,5,0,20,0,13,0,6,0,3,0,5,0
2251,0,0,0,0,0,0,2,0,1,0,0,0,5,0,5,0,22,0,8,0,2,0,6,0,5,0
2252,0,0,0,0,0,0,0,0,0,0,0,0,5,0,2,0,20,0,13,0,4,0,3,0,3,0
2253,0,0,0,0,0,0,0,0,0,0,0,0,3,0,3,0,18,0,11,0,5,0,5,0,3,0
2254,0,0,0,0,0,0,0,0,0,0,0,0,4,0,4,0,21,0,13,0,4,0,3,0,4,0
2255,1,0,0,0,0,0,0,0,0,0,0,0,5,0,3,0,17,0,13,0,3,0,3,0,3,0
2256,0,0,0,0,0,0,0,0,0,0,0,0,6,0,2,0,17,0,15,0,5,0,4,0,5,0
2257,0,0,0,0,0,0,0,0,0,0,0,0,2,0,4,0,14,0,11,0,4,0,7,0,5,0
2258,0,0,0,0,0,0,0,0,0,0,0,0,5,0,4,0,21,0,12,0,4,0,4,0,3,0
2259,0,0,0,0,0,0,0,0,0,0,0,0,1,0,2,0,15,0,11,0,3,0,4,0,4,0
2260,0,0,0,0,0,0,0,0,0,0,0,0,5,0,2,0,17,0,12,0,2,0,6,0,6,0
2261,2,0,0,0,0,0,0,0,0,0,0,0,3,0,2,0,17,0,15,0,6,0,4,0,2,0
2262,0,0,0,0,0,0,0,0,0,0,0,0,7,0,3,0,27,0,9,0,2,0,1,0,4,0
2263,1,0,0,0,0,0,0,0,0,0,0,0,3,0,4,0,12,0,17,0,8,0,4,0,3,0
2264,0,0,0,0,0,0,0,0,0,0,0,0,3,0,3,0,17,0,10,0,4,0,4,0,5,0
2265,0,0,0,0,0,0,0,0,0,0,0,0,2,0,4,0,16,0,15,0,6,0,2,0,2,0
2266,0,0,0,0,0,0,0,0,0,0,0,0,6,0,2,0,23,0,10,0,3,0,3,0,6,0
2267,0,0,0,0,0,0,0,0,0,0,0,0,4,0,5,0,22,0,9,0,3,0,5,0,4,0
2268,1,0,0,0,0,0,0,0,0,0,0,0,4,0,1,0,16,0,9,0,2,0,5,0,6,0
2269,1,0,0,0,0,0,0,0,0,0,0,0,4,0,4,0,18,0,12,0,4,0,3,0,3,0
2270,1,0,0,0,0,0,0,0,0,0,0,0,6,0,5,0,19,0,9,0,2,0,3,0,3,0
2271,1,0,0,0,0,0,0,0,0,0,0,0,2,0,2,0,15,0,13,0,4,0,5,0,4,0
2272,1,0,0,0,0,0,0,0,0,0,0,0,3,0,1,0,13,0,17,0,6,0,6,0,5,0
2273,1,0,0,0,0,0,0,0,0,0,0,0,5,0,3,0,20,0,11,0,2,0,2,0,4,0
2274,0,0,0,0,0,0,0,0,0,0,0,0,5,0,3,0,19,0,11,0,4,0,4,0,3,0
2275,0,0,0,0,0,0,0,0,0,0,0,0,6,0,2,0,21,0,10,0,5,0,3,0,3,0
2276,0,0,0,0,0,0,0,0,0,0,0,0,3,0,3,0,18,0,12,0,4,0,5,0,5,0
2277,0,0,0,0,0,0,0,0,0,0,0,0,2,0,2,0,15,0,15,0,6,0,4,0,3,0
2278,0,0,0,0,0,0,0,0,0,0,0,0,6,0,5,0,22,0,12,0,5,0,3,0,4,0
2279,0,0,0,0,0,0,0,0,0,0,0,0,2,0,3,0,14,0,10,0,3,0,5,0,4,0
2280,1,0,0,0,0,0,0,0,0,0,0,0,6,0,3,0,18,0,12,0,3,0,4,0,4,0
2281,0,0,0,0,0,0,0,0,0,0,0,0,2,0,4,0,18,0,18,0,4,0,4,0,3,0
2282,0,0,0,0,0,0,0,0,0,0,0,0,4,0,2,0,16,0,11,0,4,0,7,0,4,0
2283,0,0,0,0,0,0,0,0,0,0,0,0,4,0,3,0,21,0,14,0,4,0,2,0,6,0
2284,2,0,0,0,0,0,0,0,0,0,0,0,4,0,2,0,17,0,11,0,5,0,4,0,6,0
2285,1,0,0,0,0,0,0,0,0,0,0,0,5,0,5,0,17,0,13,0,7,0,4,0,2,0
2286,1,0,0,0,0,0,0,0,0,0,0,0,3,0,2,0,18,0,11,0,4,0,5,0,2,0
2287,0,0,0,0,0,0,0,0,0,0,0,0,5,0,5,0,21,0,8,0,1,0,3,0,5,0
2288,0,0,0,0,0,0,0,0,0,0,0,0,4,0,3,0,23,0,12,0,4,0,6,0,5,0
2289,0,0,0,0,0,0,0,0,0,0,0,0,3,0,3,0,15,0,13,0,3,0,4,0,3,0
2290,1,0,0,0,0,0,0,0,0,0,0,0,2,0,2,0,15,0,12,0,4,0,4,0,4,0
2291,0,0,0,0,0,0,0,0,0,0,0,0,6,0,3,0,17,0,13,0,5,0,3,0,2,0
2292,0,0,0,0,0,0,0,0,0,0,0,0,2,0,2,0,18,0,10,0,4,0,3,0,5,0
2293,0,0,0,0,0,0,0,0,0,0,0,0,6,0,4,0,19,0,13,0,5,0,3,0,5,0
2294,0,0,0,0,0,0,0,0,0,0,0,0,4,0,1,0,17,0,13,0,4,0,4,0,5,0
2295,0,0,0,0,0,0,0,0,0,0,0,0,3,0,4,0,18,0,13,0,4,0,3,0,4,0
2296,2,0,0,0,0,0,0,0,0,0,0,0,4,0,2,0,13,0,13,0,4,0,7,0,3,0
2297,0,0,0,0,0,0,0,0,0,0,0,0,5,0,5,0,25,0,11,0,2,0,4,0,5,0
2298,0,0,0,0,0,0,0,0,0,0,0,0,3,0,4,0,15,0,12,0,4,0,5,0,4,0
2299,0,0,0,0,0,0,0,0,0,0,0,0,3,0,3,0,19,0,12,0,5,0,4,0,6,0
2300,0,0,0,0,0,0,0,0,0,0,0,0,4,0,0,0,14,0,14,0,4,0,2,0,1,0
2301,0,0,0,0,0,0,0,0,0,0,0,0,5,0,2,0,19,0,11,0,4,0,7,0,2,0
2302,0,0,0,0,0,0,0,0,0,0,0,0,5,0,2,0,17,0,13,0,4,0,3,0,5,0
2303,0,0,0,0,0,0,0,0,0,0,0,0,4,0,5,0,24,0,8,0,3,0,5,0,5,0
2304,0,0,0,0,0,0,0,0,0,0,0,0,4,0,5,0,20,0,13,0,5,0,3,0,6,0
2305,0,0,0,0,0,0,0,0,0,0,0,0,5,0,1,0,18,0,8,0,2,0,3,0,1,0
2306,1,0,0,0,0,0,0,0,0,0,0,0,2,0,5,0,16,0,15,0,4,0,4,0,4,0
2307,0,0,0,0,0,0,0,0,0,0,0,0,4,0,2,0,15,0,14,0,4,0,4,0,7,0
2308,0,0,0,0,0,0,0,0,0,0,0,0,5,0,2,0,19,0,10,0,3,0,4,0,3,0
2309,1,0,0,0,0,0,0,0,0,0,0,0,4,0,4,0,19,0,11,0,5,0,4,0,4,0
2310,0,0,0,0,0,0,0,0,0,0,0,0,2,0,2,0,15,0,9,0,3,0,4,0,5,0
2311,0,0,0,0,0,0,0,0,0,0,0,0,7,0,3,0,20,0,16,0,7,0,4,0,3,0
2312,0,0,0,0,0,0,0,0,0,0,0,0,4,0,4,0,20,0,11,0,4,0,5,0,2,0
2313,0,0,0,0,0,0,0,0,0,0,0,0,2,0,2,0,14,0,12,0,2,0,4,0,4,0
2314,0,0,0,0,0,0,0,0,0,0,0,0,3,0,2,0,16,0,14,0,5,0,3,0,5,0
2315,0,0,0,0,0,0,0,0,0,0,0,0,6,0,4,0,22,0,11,0,4,0,5,0,5,0
2316,0,0,0,0,0,0,0,0,0,0,0,0,3,0,4,0,20,0,10,0,3,0,5,0,5,0
2317,0,0,0,0,0,0,0,0,0,0,0,0,4,0,3,0,20,0,13,0,3,0,2,0,2,0
2318,1,0,0,0,0,0,0,0,0,0,0,0,6,0,2,0,14,0,12,0,7,0,4,0,4,0
2319,0,0,0,0,0,0,0,0,0,0,0,0,3,0,5,0,20,0,12,0,4,0,3,0,4,0
2320,0,0,0,0,0,0,0,0,0,0,0,0,3,0,2,0,16,0,14,0,4,0,3,0,6,0
2321,1,0,0,0,0,0,0,0,0,0,0,0,4,0,5,0,20,0,12,0,3,0,7,0,2,0
2322,0,0,0,0,0,0,0,0,0,0,0,0,5,0,3,0,22,0,8,0,4,0,1,0,6,0
2323,0,0,0,0,0,0,0,0,0,0,0,0,3,0,3,0,14,0,13,0,4,0,6,0,3,0
2324,0,0,0,0,0,0,0,0,0,0,0,0,6,0,2,0,18,0,12,0,3,0,3,0,4,0
2325,0,0,0,0,0,0,0,0,0,0,0,0,2,0,2,0,13,0,13,0,4,0,5,0,2,0
2326,1,0,0,0,0,0,0,0,0,0,0,0,4,0,3,0,18,0,12,0,4,0,2,0,5,0
2327,0,0,0,0,0,0,0,0,0,0,0,0,5,0,4,0,21,0,16,0,8,0,3,0,3,0
2328,0,0,0,0,0,0,0,0,0,0,0,0,4,0,3,0,17,0,11,0,1,0,6,0,5,0
2329,0,0,0,0,0,0,0,0,0,0,0,0,2,0,3,0,18,0,11,0,3,0,7,0,3,0
2330,0,0,0,0,0,0,0,0,0,0,0,0,3,0,0,0,12,0,11,0,4,0,3,0,3,0
2331,0,0,0,0,0,0,0,0,0,0,0,0,7,0,4,0,22,0,13,0,7,0,3,0,5,0
2332,0,0,0,0,0,0,0,0,0,0,0,0,4,0,4,0,23,0,12,0,3,0,3,0,5,0
2333,1,0,0,0,0,0,0,0,0,0,0,0,5,0,1,0,20,0,9,0,3,0,6,0,4,0
2334,1,0,0,0,0,0,0,0,0,0,0,0,5,0,6,0,17,0,11,0,4,0,3,0,3,0
2335,0,0,0,0,0,0,0,0,0,0,0,0,1,0,1,0,14,0,15,0,4,0,4,0,6,0
2336,0,0,0,0,0,0,0,0,0,0,0,0,5,0,3,0,18,0,15,0,6,0,5,0,6,0
2337,0,0,0,0,0,0,0,0,0,0,0,0,4,0,4,0,22,0,9,0,5,0,3,0,3,0
2338,0,0,0,0,0,0,0,0,0,0,0,0,4,0,4,0,18,0,14,0,3,0,5,0,3,0
2339,0,0,0,0,0,0,0,0,0,0,0,0,5,0,2,0,20,0,10,0,2,0,3,0,4,0
2340,0,0,0,0,0,0,0,0,0,0,0,0,4,0,4,0,19,0,7,0,2,0,6,0,4,0
2341,1,0,0,0,0,0,0,0,0,0,0,0,6,0,4,0,19,0,13,0,6,0,1,0,3,0
2342,0,0,0,0,0,0,0,0,0,0,0,0,2,0,3,0,16,0,14,0,4,0,3,0,5,0
2343,0,0,0,0,0,0,0,0,0,0,0,0,1,0,2,0,11,0,12,0,3,0,2,0,4,0
2344,0,0,0,0,0,0,0,0,0,0,0,0,6,0,2,0,23,0,11,0,5,0,7,0,3,0
2345,1,0,0,0,0,0,0,0,0,0,0,0,5,0,3,0,18,0,11,0,4,0,4,0,5,0
2346,1,0,0,0,0,0,0,0,0,0,0,0,4,0,4,0,19,0,14,0,3,0,6,0,3,0
2347,1,0,0,0,0,0,0,0,0,0,0,0,4,0,2,0,15,0,11,0,5,0,2,0,5,0
2348,0,0,0,0,0,0,0,0,0,0,0,0,3,0,1,0,14,0,13,0,5,0,5,0,4,0
2349,2,0,0,0,0,0,0,0,0,0,0,0,1,0,3,0,17,0,14,0,5,0,3,0,5,0
2350,0,0,0,0,0,0,0,0,0,0,0,0,8,0,3,0,19,0,15,0,3,0,1,0,1,0
2351,0,0,0,0,0,0,0,0,0,0,0,0,2,0,6,0,24,0,8,0,1,0,7,0,4,0
2352,0,0,0,0,0,0,0,0,0,0,0,0,6,0,3,0,19,0,14,0,5,0,5,0,5,0
2353,1,0,0,0,0,0,0,0,0,0,0,0,4,0,3,0,15,0,14,0,7,0,3,0,3,0
2354,0,0,0,0,0,0,0,0,0,0,0,0,2,0,1,0,16,0,10,0,4,0,6,0,4,0
2355,1,0,0,0,0,0,0,0,0,0,0,0,6,0,2,0,19,0,12,0,4,0,2,0,5,0
2356,0,0,0,0,0,0,0,0,0,0,0,0,5,0,4,0,21,0,7,0,1,0,4,0,2,0
2357,0,0,0,0,0,0,0,0,0,0,0,0,6,0,2,0,16,0,14,0,5,0,4,0,4,0
2358,0,0,0,0,0,0,0,0,0,0,0,0,2,0,3,0,18,0,13,0,4,0,5,0,5,0
2359,1,0,0,0,0,0,0,0,0,0,0,0,2,0,5,0,19,0,15,0,5,0,3,0,5,0
2360,0,0,0,0,0,0,0,0,0,0,0,0,4,0,5,0,22,0,9,0,3,0,4,0,6,0
2361,0,0,0,0,0,0,0,0,0,0,0,0,5,0,2,0,15,0,9,0,3,0,3,0,3,0
2362,0,0,0,0,0,0,0,0,0,0,0,0,4,0,2,0,14,0,13,0,4,0,4,0,3,0
2363,1,0,0,0,0,0,0,0,0,0,0,0,4,0,3,0,17,0,16,0,6,0,4,0,2,0
2364,1,0,0,0,0,0,0,0,0,0,0,0,4,0,1,0,21,0,13,0,4,0,4,0,6,0
2365,0,0,0,0,2,0,1,0,0,0,0,0,4,0,6,0,19,0,8,0,1,0,4,0,2,0
2366,1,0,0,0,0,0,2,0,0,0,0,0,2,0,4,0,19,0,15,0,6,0,2,0,3,0
2367,0,0,0,0,0,0,3,0,1,0,0,0,2,0,4,0,18,0,10,0,5,0,6,0,6,0
2368,0,0,0,0,0,0,6,0,1,0,0,0,4,0,7,0,28,0,12,0,2,0,5,0,4,0
2369,1,0,0,0,0,0,1,0,1,0,0,0,7,0,3,0,23,0,9,0,3,0,5,0,4,0
2370,0,0,0,0,0,0,0,0,0,0,0,0,5,0,3,0,19,0,12,0,5,0,5,0,3,0
2371,0,0,0,0,0,0,0,0,0,0,0,0,2,0,3,0,18,0,10,0,5,0,3,0,7,0
2372,0,0,0,0,0,0,0,0,0,0,0,0,4,0,3,0,18,0,14,0,5,0,3,0,3,0
2373,1,0,0,0,0,0,0,0,0,0,0,0,4,0,4,0,18,0,8,0,1,0,4,0,6,0
2374,0,0,0,0,0,0,0,0,0,0,0,0,4,0,3,0,16,0,17,0,7,0,4,0,2,0
2375,0,0,0,0,0,0,0,0,0,0,0,0,4,0,3,0,19,0,12,0,4,0,2,0,3,0
2376,0,0,0,0,0,0,0,0,0,0,0,0,6,0,2,0,19,0,10,0,2,0,7,0,4,0
2377,0,0,0,0,0,0,0,0,0,0,0,0,2,0,3,0,13,0,13,0,4,0,3,0,4,0
2378,0,0,0,0,0,0,0,0,0,0,0,0,2,0,2,0,13,0,16,0,4,0,6,0,4,0
2379,0,0,0,0,0,0,0,0,0,0,0,0,4,0,3,0,19,0,10,0,3,0,2,0,5,0
2380,0,0,0,0,0,0,0,0,0,0,0,0,4,0,3,0,17,0,14,0,5,0,5,0,4,0
2381,0,0,0,0,0,0,0,0,0,0,0,0,3,0,4,0,19,0,13,0,5,0,5,0,5,0
2382,0,0,0,0,0,0,0,0,0,0,0,0,5,0,4,0,22,0,12,0,6,0,2,0,5,0
2383,1,0,0,0,0,0,0,0,0,0,0,0,7,0,2,0,19,0,8,0,1,0,4,0,6,0
2384,1,0,0,0,0,0,0,0,0,0,0,0,5,0,3,0,19,0,9,0,4,0,3,0,1,0
2385,0,0,0,0,0,0,0,0,0,0,0,0,3,0,5,0,21,0,15,0,5,0,3,0,5,0
2386,0,0,0,0,0,0,0,0,0,0,0,0,4,0,1,0,15,0,9,0,3,0,6,0,5,0
2387,1,0,0,0,0,0,0,0,0,0,0,0,2,0,3,0,15,0,16,0,6,0,7,0,4,0
2388,0,0,0,0,0,0,0,0,0,0,0,0,5,0,2,0,20,0,10,0,2,0,1,0,4,0
2389,0,0,0,0,0,0,0,0,0,0,0,0,4,0,3,0,18,0,13,0,5,0,4,0,2,0
2390,0,0,0,0,0,0,0,0,0,0,0,0,4,0,5,0,20,0,14,0,7,0,3,0,2,0
2391,0,0,0,0,0,0,0,0,0,0,0,0,3,0,3,0,17,0,11,0,2,0,3,0,6,0
2392,0,0,0,0,0,0,0,0,0,0,0,0,3,0,3,0,17,0,13,0,3,0,6,0,4,0
2393,1,0,0,0,0,0,0,0,0,0,0,0,4,0,4,0,17,0,12,0,4,0,4,0,3,0
2394,0,0,0,0,0,0,0,0,0,0,0,0,4,0,2,0,20,0,12,0,4,0,2,0,5,0
2395,0,0,0,0,0,0,0,0,0,0,0,0,7,0,1,0,20,0,11,0,4,0,5,0,4,0
2396,1,0,0,0,0,0,0,0,0,0,0,0,2,0,4,0,19,0,10,0,4,0,4,0,6,0
2397,0,0,0,0,0,0,0,0,0,0,0,0,4,0,5,0,18,0,12,0,4,0,4,0,2,0
2398,0,0,0,0,0,0,0,0,0,0,0,0,5,0,3,0,20,0,11,0,4,0,4,0,3,0
2399,0,0,0,0,0,0,0,0,0,0,0,0,3,0,1,0,14,0,12,0,4,0,8,0,2,0
2400,0,0,0,0,0,0,0,0,0,0,0,0,4,0,3,0,19,0,17,0,5,0,2,0,5,0
2401,1,0,0,0,0,0,0,0,0,0,0,0,3,0,5,0,18,0,9,0,3,0,5,0,7,0
2402,0,0,0,0,0,0,0,0,0,0,0,0,5,0,2,0,17,0,12,0,4,0,2,0,4,0
2403,1,0,0,0,0,0,0,0,0,0,0,0,2,0,4,0,17,0,15,0,6,0,3,0,3,0
2404,0,0,0,0,0,0,0,0,0,0,0,0,5,0,1,0,17,0,12,0,2,0,5,0,5,0
2405,0,0,0,0,0,0,0,0,0,0,0,0,3,0,3,0,18,0,11,0,4,0,5,0,4,0
2406,0,0,0,0,0,0,0,0,0,0,0,0,8,0,1,0,21,0,13,0,4,0,4,0,2,0
2407,0,0,0,0,0,0,0,0,0,0,0,0,3,0,3,0,18,0,12,0,3,0,3,0,5,0
2408,0,0,0,0,0,0,0,0,0,0,0,0,4,0,6,0,17,0,13,0,4,0,6,0,2,0
2409,1,0,0,0,0,0,0,0,0,0,0,0,3,0,2,0,14,0,9,0,4,0,3,0,6,0
2410,1,0,0,0,0,0,0,0,0,0,0,0,4,0,4,0,19,0,14,0,6,0,3,0,2,0
2411,0,0,0,0,0,0,0,0,0,0,0,0,5,0,3,0,19,0,14,0,4,0,5,0,5,0
2412,0,0,0,0,0,0,1,0,0,0,0,0,4,0,1,0,17,0,10,0,4,0,5,0,5,0
2413,1,0,0,0,0,0,0,0,0,0,0,0,3,0,5,0,20,0,10,0,3,0,2,0,5,0
2414,0,0,0,0,1,0,3,0,1,0,0,0,3,0,3,0,17,0,15,0,6,0,3,0,1,0
2415,1,0,0,0,1,0,1,0,1,0,0,0,3,0,4,0,18,0,14,0,3,0,3,0,4,0
2416,0,0,0,0,0,0,0,0,0,0,0,0,5,0,3,0,22,0,9,0,5,0,5,0,6,0
2417,0,0,0,0,0,0,0,0,0,0,0,0,4,0,3,0,18,0,12,0,3,0,5,0,5,0
2418,0,0,0,0,0,0,0,0,0,0,0,0,4,0,3,0,18,0,11,0,3,0,4,0,0,0
2419,0,0,0,0,0,0,0,0,0,0,0,0,3,0,4,0,19,0,10,0,4,0,3,0,6,0
2420,1,0,0,0,0,0,0,0,0,0,0,0,6,0,2,0,19,0,10,0,3,0,3,0,5,0
2421,0,0,0,0,0,0,0,0,0,0,0,0,5,0,3,0,17,0,14,0,5,0,7,0,4,0
2422,1,0,0,0,0,0,0,0,0,0,0,0,2,0,2,0,14,0,13,0,4,0,3,0,4,0
2423,1,0,0,0,0,0,0,0,0,0,0,0,5,0,3,0,18,0,12,0,3,0,3,0,5,0
2424,1,0,0,0,0,0,0,0,0,0,0,0,4,0,2,0,18,0,12,0,6,0,6,0,2,0
2425,0,0,0,0,0,0,0,0,0,0,0,0,3,0,5,0,19,0,13,0,3,0,4,0,5,0
2426,1,0,0,0,0,0,1,0,0,0,0,0,2,0,3,0,18,0,15,0,5,0,3,0,5,0
2427,0,0,0,0,1,0,0,0,0,0,0,0,4,0,5,0,24,0,8,0,4,0,3,0,3,0
2428,0,0,0,0,1,0,3,0,0,0,0,0,3,0,2,0,12,0,14,0,3,0,6,0,3,0
2429,1,0,0,0,0,0,0,0,0,0,0,0,5,0,3,0,19,0,10,0,5,0,4,0,4,0
2430,1,0,0,0,0,0,0,0,0,0,0,0,3,0,4,0,18,0,14,0,5,0,3,0,6,0
2431,1,0,0,0,0,0,0,0,0,0,0,0,4,0,3,0,20,0,11,0,2,0,4,0,3,0
2432,0,0,0,0,0,0,0,0,0,0,0,0,8,0,4,0,25,0,8,0,2,0,6,0,4,0
2433,1,0,0,0,0,0,0,0,0,0,0,0,1,0,3,0,16,0,11,0,4,0,3,0,2,0
2434,1,0,0,0,0,0,0,0,0,0,0,0,6,0,2,0,18,0,12,0,5,0,3,0,4,0
2435,2,0,0,0,0,0,0,0,0,0,0,0,2,0,2,0,13,0,13,0,5,0,4,0,5,0
2436,0,0,0,0,0,0,0,0,0,0,0,0,4,0,3,0,14,0,15,0,5,0,3,0,6,0
2437,0,0,0,0,0,0,0,0,0,0,0,0,3,0,3,0,19,0,15,0,5,0,4,0,1,0
2438,0,0,0,0,0,0,0,0,0,0,0,0,6,0,3,0,22,0,12,0,4,0,5,0,4,0
2439,0,0,0,0,0,0,0,0,0,0,0,0,2,0,3,0,16,0,13,0,3,0,6,0,8,0
2440,0,0,0,0,0,0,0,0,0,0,0,0,5,0,2,0,16,0,12,0,5,0,4,0,3,0
2441,0,0,0,0,0,0,0,0,0,0,0,0,4,0,4,0,19,0,11,0,3,0,2,0,4,0
2442,0,0,0,0,0,0,0,0,0,0,0,0,4,0,3,0,22,0,8,0,2,0,2,0,4,0
2443,1,0,0,0,0,0,0,0,0,0,0,0,3,0,3,0,16,0,15,0,5,0,5,0,3,0
2444,0,0,0,0,0,0,0,0,0,0,0,0,4,0,3,0,18,0,15,0,6,0,3,0,4,0
2445,0,0,0,0,0,0,0,0,0,0,0,0,7,0,3,0,16,0,10,0,2,0,5,0,3,0
2446,1,0,0,0,0,0,0,0,0,0,0,0,4,0,2,0,17,0,9,0,4,0,6,0,4,0
2447,0,0,0,0,0,0,0,0,0,0,0,0,3,0,4,0,22,0,18,0,7,0,3,0,7,0
2448,0,0,0,0,0,0,0,0,0,0,0,0,5,0,4,0,19,0,10,0,3,0,5,0,2,0
2449,1,0,0,0,0,0,0,0,0,0,0,0,5,0,1,0,21,0,6,0,1,0,4,0,4,0
2450,1,0,0,0,0,0,0,0,0,0,0,0,3,0,4,0,17,0,12,0,5,0,4,0,5,0
2451,0,0,0,0,0,0,0,0,0,0,0,0,3,0,4,0,16,0,15,0,4,0,3,0,2,0
2452,0,0,0,0,0,0,0,0,0,0,0,0,5,0,6,0,24,0,10,0,4,0,3,0,5,0
2453,0,0,0,0,0,0,0,0,0,0,0,0,3,0,1,0,16,0,11,0,3,0,4,0,5,0
2454,0,0,0,0,0,0,0,0,0,0,0,0,6,0,2,0,15,0,10,0,3,0,6,0,1,0
2455,0,0,0,0,0,0,0,0,0,0,0,0,3,0,2,0,17,0,14,0,5,0,4,0,5,0
2456,0,0,0,0,0,0,0,0,0,0,0,0,2,0,4,0,18,0,14,0,5,0,6,0,4,0
2457,0,0,0,0,0,0,0,0,0,0,0,0,4,0,3,0,18,0,11,0,4,0,3,0,4,0
2458,1,0,0,0,0,0,0,0,0,0,0,0,3,0,2,0,21,0,12,0,4,0,3,0,5,0
2459,0,0,0,0,0,0,0,0,0,0,0,0,6,0,3,0,17,0,14,0,3,0,3,0,3,0
2460,0,0,0,0,0,0,0,0,0,0,0,0,4,0,2,0,13,0,12,0,5,0,7,0,3,0
2461,0,0,0,0,0,0,0,0,0,0,0,0,3,0,4,0,18,0,12,0,5,0,4,0,6,0
2462,0,0,0,0,0,0,0,0,0,0,0,0,4,0,1,0,18,0,8,0,2,0,2,0,5,0
2463,0,0,0,0,0,0,0,0,0,0,0,0,5,0,6,0,20,0,16,0,7,0,3,0,1,0
2464,0,0,0,0,0,0,0,0,0,0,0,0,1,0,2,0,16,0,17,0,4,0,3,0,5,0
2465,0,0,0,0,0,0,0,0,0,0,0,0,7,0,2,0,19,0,8,0,3,0,5,0,4,0
2466,0,0,0,0,0,0,0,0,0,0,0,0,6,0,5,0,25,0,10,0,4,0,3,0,5,0
2467,1,0,0,0,0,0,0,0,0,0,0,0,3,0,3,0,14,0,11,0,3,0,7,0,3,0
2468,1,0,0,0,0,0,0,0,0,0,0,0,3,0,2,0,15,0,15,0,6,0,3,0,3,0
2469,0,0,0,0,0,0,0,0,0,0,0,0,5,0,3,0,20,0,11,0,4,0,3,0,5,0
2470,0,0,0,0,0,0,0,0,0,0,0,0,3,0,3,0,18,0,10,0,2,0,5,0,4,0
2471,0,0,0,0,0,0,0,0,0,0,0,0,4,0,2,0,16,0,16,0,5,0,5,0,3,0
2472,0,0,0,0,0,0,0,0,0,0,0,0,5,0,2,0,18,0,12,0,6,0,4,0,5,0
2473,0,0,0,0,0,0,0,0,0,0,0,0,4,0,5,0,18,0,10,0,3,0,2,0,4,0
2474,0,0,0,0,0,0,0,0,0,0,0,0,4,0,4,0,22,0,9,0,2,0,5,0,3,0
2475,0,0,0,0,0,0,0,0,0,0,0,0,3,0,3,0,14,0,14,0,3,0,3,0,6,0
2476,0,0,0,0,0,0,0,0,0,0,0,0,2,0,2,0,18,0,12,0,4,0,5,0,3,0
2477,1,0,0,0,0,0,0,0,0,0,0,0,6,0,2,0,15,0,16,0,5,0,3,0,5,0
2478,0,0,0,0,0,0,0,0,0,0,0,0,4,0,2,0,20,0,11,0,6,0,4,0,3,0
2479,0,0,0,0,0,0,0,0,0,0,0,0,4,0,4,0,19,0,10,0,3,0,4,0,5,0
2480,0,0,0,0,0,0,0,0,0,0,0,0,5,0,4,0,20,0,13,0,5,0,3,0,4,0
2481,0,0,0,0,0,0,0,0,0,0,0,0,3,0,5,0,19,0,10,0,2,0,4,0,5,0
2482,1,0,0,0,0,0,0,0,0,0,0,0,4,0,0,0,16,0,11,0,4,0,5,0,4,0
2483,0,0,0,0,0,0,0,0,0,0,0,0,5,0,3,0,17,0,10,0,3,0,5,0,2,0
2484,0,0,0,0,0,0,0,0,0,0,0,0,4,0,3,0,16,0,14,0,5,0,5,0,7,0
2485,1,0,0,0,0,0,0,0,0,0,0,0,6,0,4,0,20,0,14,0,4,0,4,0,4,0
2486,0,0,0,0,0,0,0,0,0,0,0,0,2,0,2,0,17,0,11,0,5,0,5,0,0,0
2487,0,0,0,0,1,0,1,0,0,0,0,0,3,0,3,0,19,0,11,0,3,0,2,0,5,0
2488,1,0,0,0,1,0,3,0,0,0,0,0,2,0,4,0,18,0,13,0,5,0,4,0,5,0
2489,1,0,0,0,0,0,1,0,1,0,0,0,5,0,5,0,22,0,12,0,3,0,6,0,3,0
2490,0,0,0,0,0,0,0,0,0,0,0,0,4,0,2,0,17,0,11,0,4,0,4,0,4,0
2491,1,0,0,0,0,0,0,0,0,0,0,0,7,0,3,0,22,0,15,0,7,0,1,0,5,0
2492,0,0,0,0,0,0,0,0,0,0,0,0,2,0,3,0,17,0,10,0,1,0,6,0,5,0
2493,0,0,0,0,0,0,0,0,0,0,0,0,5,0,3,0,20,0,12,0,4,0,3,0,2,0
2494,1,0,0,0,0,0,0,0,0,0,0,0,3,0,5,0,21,0,11,0,2,0,1,0,6,0
2495,1,0,0,0,0,0,0,0,0,0,0,0,3,0,2,0,13,0,13,0,6,0,6,0,3,0
2496,0,0,0,0,0,0,0,0,0,0,0,0,5,0,1,0,13,0,13,0,4,0,3,0,2,0
2497,1,0,0,0,0,0,0,0,0,0,0,0,5,0,3,0,17,0,11,0,5,0,4,0,4,0
2498,0,0,0,0,0,0,0,0,0,0,0,0,4,0,4,0,20,0,11,0,4,0,4,0,8,0
2499,0,0,0,0,0,0,0,0,0,0,0,0,5,0,3,0,19,0,11,0,3,0,6,0,1,0
2500,1,0,0,0,0,0,0,0,0,0,0,0,3,0,3,0,19,0,13,0,4,0,5,0,5,0
2501,0,0,0,0,0,0,0,0,0,0,0,0,3,0,2,0,17,0,13,0,4,0,3,0,3,0
2502,0,0,0,0,0,0,0,0,0,0,0,0,3,0,2,0,16,0,15,0,5,0,5,0,3,0
2503,0,0,0,0,0,0,0,0,0,0,0,0,6,0,3,0,18,0,12,0,3,0,4,0,4,0
2504,0,0,0,0,0,0,0,0,0,0,0,0,3,0,5,0,23,0,7,0,3,0,6,0,5,0
2505,1,0,0,0,0,0,0,0,0,0,0,0,4,0,2,0,17,0,16,0,8,0,1,0,4,0
2506,0,0,0,0,0,0,0,0,0,0,0,0,5,0,4,0,17,0,11,0,2,0,4,0,4,0
2507,0,0,0,0,0,0,0,0,0,0,0,0,2,0,2,0,15,0,14,0,4,0,3,0,2,0
2508,0,0,0,0,0,0,0,0,0,0,0,0,4,0,2,0,19,0,12,0,4,0,3,0,7,0
2509,0,0,0,0,0,0,0,0,0,0,0,0,6,0,5,0,23,0,10,0,4,0,4,0,4,0
2510,0,0,0,0,0,0,0,0,0,0,0,0,5,0,3,0,18,0,11,0,4,0,4,0,1,0
2511,0,0,0,0,0,0,0,0,0,0,0,0,2,0,2,0,15,0,15,0,4,0,7,0,5,0
2512,1,0,0,0,0,0,0,0,0,0,0,0,2,0,4,0,15,0,14,0,4,0,6,0,3,0
2513,0,0,0,0,0,0,0,0,0,0,0,0,6,0,2,0,19,0,13,0,4,0,1,0,7,0
2514,0,0,0,0,0,0,0,0,0,0,0,0,4,0,5,0,18,0,11,0,5,0,2,0,3,0
2515,0,0,0,0,0,0,0,0,0,0,0,0,3,0,2,0,17,0,11,0,4,0,4,0,5,0
2516,0,0,0,0,0,0,0,0,0,0,0,0,3,0,4,0,22,0,13,0,4,0,4,0,4,0
2517,0,0,0,0,0,0,0,0,0,0,0,0,6,0,2,0,17,0,9,0,3,0,6,0,4,0
2518,0,0,0,0,0,0,0,0,0,0,0,0,2,0,4,0,20,0,11,0,3,0,6,0,7,0
2519,0,0,0,0,0,0,0,0,0,0,0,0,4,0,3,0,15,0,12,0,3,0,2,0,2,0
2520,0,0,0,0,0,0,0,0,0,0,0,0,5,0,5,0,22,0,13,0,5,0,4,0,2,0
2521,1,0,0,0,0,0,0,0,0,0,0,0,3,0,1,0,13,0,10,0,2,0,5,0,6,0
2522,0,0,0,0,0,0,0,0,0,0,0,0,6,0,3,0,20,0,13,0,6,0,2,0,4,0
2523,1,0,0,0,0,0,0,0,0,0,0,0,4,0,4,0,20,0,10,0,4,0,4,0,3,0
2524,0,0,0,0,0,0,0,0,0,0,0,0,5,0,3,0,21,0,12,0,3,0,3,0,6,0
2525,0,0,0,0,0,0,0,0,0,0,0,0,3,0,2,0,15,0,10,0,3,0,5,0,2,0
2526,0,0,0,0,0,0,0,0,0,0,0,0,4,0,1,0,18,0,13,0,4,0,5,0,3,0
2527,0,0,0,0,0,0,0,0,0,0,0,0,7,0,4,0,18,0,13,0,5,0,3,0,4,0
2528,1,0,0,0,0,0,0,0,0,0,0,0,4,0,3,0,20,0,12,0,5,0,4,0,4,0
2529,0,0,0,0,0,0,0,0,0,0,0,0,0,0,4,0,15,0,17,0,7,0,4,0,5,0
2530,0,0,0,0,0,0,0,0,0,0,0,0,4,0,3,0,17,0,11,0,4,0,5,0,1,0
2531,0,0,0,0,0,0,0,0,0,0,0,0,3,0,1,0,15,0,13,0,3,0,3,0,5,0
2532,0,0,0,0,0,0,0,0,0,0,0,0,7,0,3,0,21,0,10,0,3,0,3,0,5,0
2533,0,0,0,0,0,0,0,0,0,0,0,0,3,0,2,0,17,0,14,0,3,0,5,0,5,0
2534,0,0,0,0,0,0,0,0,0,0,0,0,4,0,4,0,15,0,12,0,4,0,5,0,4,0
2535,1,0,0,0,0,0,0,0,0,0,0,0,3,0,3,0,18,0,10,0,2,0,4,0,3,0
2536,0,0,0,0,0,0,0,0,0,0,0,0,5,0,4,0,23,0,10,0,5,0,4,0,8,0
2537,1,0,0,0,0,0,0,0,0,0,0,0,4,0,4,0,17,0,13,0,4,0,2,0,2,0
2538,0,0,0,0,0,0,0,0,0,0,0,0,2,0,1,0,14,0,15,0,6,0,6,0,3,0
2539,1,0,0,0,0,0,0,0,0,0,0,0,5,0,3,0,22,0,12,0,3,0,5,0,2,0
2540,0,0,0,0,0,0,0,0,0,0,0,0,4,0,5,0,21,0,8,0,3,0,2,0,5,0
2541,0,0,0,0,0,0,0,0,0,0,0,0,7,0,3,0,20,0,8,0,3,0,3,0,7,0
2542,0,0,0,0,0,0,0,0,0,0,0,0,3,0,3,0,15,0,13,0,4,0,4,0,2,0
2543,0,0,0,0,0,0,0,0,0,0,0,0,2,0,2,0,15,0,16,0,4,0,5,0,4,0
2544,1,0,0,0,0,0,0,0,0,0,0,0,5,0,3,0,19,0,10,0,4,0,4,0,4,0
2545,1,0,0,0,0,0,0,0,0,0,0,0,4,0,2,0,15,0,14,0,7,0,4,0,3,0
2546,0,0,0,0,0,0,0,0,0,0,0,0,6,0,3,0,24,0,10,0,4,0,3,0,4,0
2547,1,0,0,0,0,0,0,0,0,0,0,0,4,0,2,0,14,0,12,0,4,0,4,0,6,0
2548,0,0,0,0,0,0,0,0,0,0,0,0,3,0,4,0,16,0,14,0,4,0,6,0,0,0
2549,1,0,0,0,0,0,0,0,0,0,0,0,3,0,4,0,20,0,13,0,3,0,2,0,5,0
2550,0,0,0,0,0,0,2,0,0,0,0,0,4,0,4,0,20,0,12,0,5,0,3,0,7,0
2551,0,0,0,0,3,0,4,0,1,0,0,0,6,0,5,0,27,0,10,0,3,0,6,0,2,0
2552,0,0,0,0,2,0,6,0,2,0,0,0,2,0,6,0,21,0,14,0,6,0,5,0,3,0
2553,0,0,0,0,0,0,0,0,0,0,0,0,3,0,3,0,17,0,12,0,4,0,5,0,5,0
2554,0,0,0,0,0,0,0,0,0,0,0,0,4,0,5,0,21,0,11,0,4,0,1,0,5,0
2555,0,0,0,0,0,0,0,0,0,0,0,0,5,0,5,0,20,0,10,0,3,0,3,0,6,0
2556,1,0,0,0,0,0,0,0,0,0,0,0,5,0,3,0,22,0,8,0,2,0,7,0,3,0
2557,0,0,0,0,0,0,0,0,0,0,0,0,5,0,1,0,15,0,15,0,5,0,2,0,5,0
2558,1,0,0,0,0,0,0,0,0,0,0,0,2,0,3,0,18,0,12,0,4,0,5,0,2,0
2559,1,0,0,0,0,0,0,0,0,0,0,0,7,0,1,0,17,0,11,0,3,0,5,0,3,0
2560,0,0,0,0,0,0,0,0,0,0,0,0,4,0,3,0,18,0,9,0,3,0,4,0,3,0
2561,1,0,0,0,0,0,0,0,0,0,0,0,2,0,3,0,17,0,17,0,7,0,5,0,5,0
2562,0,0,0,0,0,0,0,0,0,0,0,0,5,0,5,0,22,0,11,0,3,0,3,0,4,0
2563,1,0,0,0,0,0,0,0,0,0,0,0,2,0,5,0,16,0,13,0,3,0,5,0,2,0
2564,0,0,0,0,0,0,0,0,0,0,0,0,4,0,1,0,15,0,11,0,3,0,2,0,9,0
2565,1,0,0,0,0,0,0,0,0,0,0,0,4,0,2,0,18,0,15,0,5,0,4,0,1,0
2566,0,0,0,0,0,0,0,0,0,0,0,0,6,0,5,0,23,0,11,0,4,0,5,0,4,0
2567,1,0,0,0,0,0,0,0,0,0,0,0,2,0,1,0,15,0,14,0,7,0,4,0,5,0
2568,0,0,0,0,0,0,0,0,0,0,0,0,7,0,4,0,18,0,8,0,3,0,1,0,4,0
2569,0,0,0,0,0,0,0,0,0,0,0,0,3,0,3,0,18,0,13,0,4,0,4,0,0,0
2570,0,0,0,0,0,0,0,0,0,0,0,0,3,0,2,0,16,0,12,0,3,0,7,0,6,0
2571,0,0,0,0,0,0,0,0,0,0,0,0,4,0,1,0,17,0,12,0,4,0,5,0,6,0
2572,0,0,0,0,0,0,0,0,0,0,0,0,6,0,5,0,24,0,11,0,4,0,5,0,4,0
2573,1,0,0,0,0,0,0,0,0,0,0,0,1,0,5,0,17,0,15,0,5,0,4,0,2,0
2574,0,0,0,0,0,0,0,0,0,0,0,0,5,0,0,0,15,0,10,0,4,0,4,0,5,0
2575,0,0,0,0,0,0,0,0,0,0,0,0,2,0,4,0,19,0,12,0,4,0,3,0,6,0
2576,0,0,0,0,0,0,0,0,0,0,0,0,3,0,2,0,15,0,12,0,4,0,2,0,4,0
2577,0,0,0,0,0,0,0,0,0,0,0,0,5,0,4,0,20,0,13,0,4,0,5,0,3,0
2578,1,0,0,0,0,0,0,0,0,0,0,0,5,0,4,0,20,0,12,0,5,0,4,0,4,0
2579,0,0,0,0,0,0,0,0,0,0,0,0,5,0,3,0,20,0,12,0,5,0,3,0,2,0
2580,0,0,0,0,0,0,0,0,0,0,0,0,5,0,3,0,15,0,10,0,2,0,3,0,5,0
2581,0,0,0,0,0,0,0,0,0,0,0,0,2,0,2,0,14,0,15,0,5,0,4,0,6,0
2582,0,0,0,0,0,0,0,0,0,0,0,0,3,0,5,0,18,0,18,0,4,0,4,0,3,0
2583,0,0,0,0,0,0,0,0,0,0,0,0,4,0,1,0,15,0,9,0,3,0,7,0,4,0
2584,1,0,0,0,0,0,0,0,0,0,0,0,3,0,4,0,21,0,11,0,5,0,4,0,3,0
2585,0,0,0,0,0,0,0,0,0,0,0,0,6,0,2,0,20,0,8,0,3,0,3,0,4,0
2586,1,0,0,0,0,0,0,0,0,0,0,0,5,0,2,0,19,0,10,0,2,0,4,0,7,0
2587,1,0,0,0,0,0,0,0,0,0,0,0,3,0,2,0,18,0,8,0,3,0,4,0,4,0
2588,1,0,0,0,0,0,0,0,0,0,0,0,4,0,5,0,18,0,15,0,4,0,5,0,1,0
2589,0,0,0,0,0,0,0,0,0,0,0,0,5,0,3,0,17,0,14,0,6,0,2,0,3,0
2590,0,0,0,0,0,0,0,0,0,0,0,0,5,0,3,0,21,0,9,0,2,0,2,0,5,0
2591,1,0,0,0,0,0,0,0,0,0,0,0,1,0,4,0,17,0,14,0,6,0,6,0,5,0
2592,1,0,0,0,0,0,0,0,0,0,0,0,5,0,3,0,12,0,16,0,6,0,4,0,2,0
2593,0,0,0,0,0,0,0,0,0,0,0,0,5,0,2,0,21,0,9,0,1,0,4,0,5,0
2594,0,0,0,0,0,0,0,0,0,0,0,0,5,0,3,0,19,0,18,0,8,0,3,0,3,0
2595,0,0,0,0,0,0,0,0,0,0,0,0,2,0,2,0,17,0,7,0,2,0,8,0,5,0
2596,0,0,0,0,0,0,0,0,0,0,0,0,4,0,2,0,19,0,13,0,5,0,3,0,4,0
2597,0,0,0,0,0,0,0,0,0,0,0,0,4,0,5,0,21,0,8,0,2,0,5,0,3,0
2598,1,0,0,0,0,0,0,0,0,0,0,0,5,0,3,0,17,0,13,0,3,0,4,0,4,0
2599,0,0,0,0,0,0,0,0,0,0,0,0,3,0,4,0,18,0,11,0,3,0,4,0,7,0
2600,0,0,0,0,0,0,0,0,0,0,0,0,3,0,1,0,12,0,15,0,7,0,1,0,3,0
2601,0,0,0,0,0,0,0,0,0,0,0,0,5,0,2,0,15,0,14,0,4,0,5,0,2,0
2602,0,0,0,0,0,0,0,0,0,0,0,0,2,0,3,0,20,0,13,0,4,0,5,0,5,0
2603,0,0,0,0,0,0,0,0,0,0,0,0,7,0,6,0,28,0,10,0,5,0,3,0,4,0
2604,1,0,0,0,0,0,0,0,0,0,0,0,3,0,4,0,15,0,9,0,2,0,5,0,7,0
2605,1,0,0,0,0,0,0,0,0,0,0,0,4,0,1,0,14,0,12,0,4,0,2,0,3,0
2606,0,0,0,0,0,0,0,0,0,0,0,0,5,0,5,0,22,0,14,0,6,0,3,0,2,0
2607,0,0,0,0,0,0,0,0,0,0,0,0,3,0,3,0,21,0,11,0,3,0,5,0,6,0
2608,0,0,0,0,0,0,0,0,0,0,0,0,5,0,1,0,15,0,14,0,4,0,5,0,2,0
2609,0,0,0,0,0,0,0,0,0,0,0,0,4,0,4,0,19,0,9,0,3,0,4,0,4,0
2610,1,0,0,0,0,0,0,0,0,0,0,0,3,0,4,0,18,0,14,0,7,0,3,0,5,0
2611,0,0,0,0,1,0,2,0,0,0,0,0,4,0,2,0,14,0,13,0,5,0,2,0,3,0
2612,0,0,0,0,3,0,1,0,1,0,0,0,3,0,2,0,15,0,14,0,4,0,6,0,4,0
2613,0,0,0,0,0,0,3,0,1,0,0,0,4,0,2,0,22,0,14,0,2,0,3,0,3,0
2614,0,0,0,0,0,0,5,0,2,0,0,0,5,0,8,0,25,0,8,0,2,0,5,0,4,0
2615,0,0,0,0,0,0,2,0,1,0,0,0,4,0,4,0,19,0,8,0,2,0,3,0,5,0
2616,0,0,0,0,0,0,0,0,0,0,0,0,7,0,2,0,23,0,10,0,5,0,3,0,5,0
2617,0,0,0,0,0,0,0,0,0,0,0,0,1,0,3,0,17,0,11,0,4,0,5,0,8,0
2618,0,0,0,0,0,0,0,0,0,0,0,0,4,0,4,0,14,0,18,0,7,0,3,0,1,0
2619,0,0,0,0,0,0,0,0,0,0,0,0,2,0,1,0,14,0,17,0,6,0,5,0,1,0
2620,1,0,0,0,0,0,0,0,0,0,0,0,6,0,2,0,20,0,7,0,2,0,4,0,4,0
2621,0,0,0,0,0,0,0,0,0,0,0,0,4,0,4,0,19,0,8,0,2,0,3,0,6,0
2622,1,0,0,0,0,0,0,0,0,0,0,0,5,0,4,0,24,0,13,0,5,0,4,0,4,0
2623,0,0,0,0,0,0,0,0,0,0,0,0,5,0,2,0,17,0,13,0,3,0,4,0,4,0
2624,0,0,0,0,0,0,0,0,0,0,0,0,2,0,6,0,20,0,15,0,6,0,6,0,3,0
2625,0,0,0,0,0,0,0,0,0,0,0,0,5,0,2,0,15,0,11,0,2,0,4,0,6,0
2626,0,0,0,0,0,0,0,0,0,0,0,0,3,0,3,0,18,0,12,0,5,0,4,0,3,0
2627,0,0,0,0,0,0,0,0,0,0,0,0,5,0,1,0,19,0,7,0,2,0,4,0,3,0
2628,0,0,0,0,0,0,0,0,0,0,0,0,3,0,3,0,15,0,13,0,5,0,4,0,7,0
2629,0,0,0,0,0,0,0,0,0,0,0,0,5,0,3,0,19,0,13,0,3,0,2,0,2,0
2630,0,0,0,0,0,0,0,0,0,0,0,0,5,0,3,0,17,0,15,0,5,0,7,0,1,0
2631,0,0,0,0,0,0,0,0,0,0,0,0,2,0,3,0,20,0,10,0,3,0,4,0,7,0
2632,0,0,0,0,0,0,0,0,0,0,0,0,5,0,3,0,14,0,14,0,5,0,3,0,5,0
2633,1,0,0,0,0,0,0,0,0,0,0,0,3,0,2,0,19,0,11,0,6,0,3,0,3,0
2634,0,0,0,0,0,0,0,0,0,0,0,0,6,0,5,0,19,0,9,0,2,0,4,0,5,0
2635,0,0,0,0,0,0,0,0,0,0,0,0,2,0,3,0,19,0,13,0,4,0,5,0,1,0
2636,0,0,0,0,0,0,0,0,0,0,0,0,5,0,4,0,22,0,14,0,5,0,3,0,3,0
2637,0,0,0,0,0,0,0,0,0,0,0,0,3,0,2,0,15,0,12,0,2,0,5,0,7,0
2638,1,0,0,0,0,0,0,0,0,0,0,0,5,0,2,0,16,0,11,0,5,0,5,0,4,0
2639,0,0,0,0,0,0,0,0,0,0,0,0,4,0,2,0,16,0,14,0,4,0,4,0,4,0
2640,0,0,0,0,0,0,0,0,0,0,0,0,6,0,4,0,24,0,11,0,3,0,3,0,4,0
2641,0,0,0,0,0,0,0,0,0,0,0,0,3,0,3,0,15,0,12,0,6,0,3,0,4,0
2642,0,0,0,0,0,0,0,0,0,0,0,0,2,0,3,0,15,0,13,0,3,0,4,0,3,0
2643,1,0,0,0,0,0,0,0,0,0,0,0,3,0,4,0,16,0,14,0,5,0,3,0,4,0
2644,1,0,0,0,0,0,0,0,0,0,0,0,5,0,2,0,20,0,11,0,5,0,5,0,3,0
2645,0,0,0,0,0,0,0,0,0,0,0,0,7,0,4,0,24,0,10,0,2,0,4,0,6,0
2646,0,0,0,0,0,0,0,0,0,0,0,0,3,0,2,0,15,0,12,0,5,0,6,0,4,0
2647,0,0,0,0,0,0,0,0,0,0,0,0,2,0,4,0,18,0,12,0,3,0,3,0,5,0
2648,0,0,0,0,0,0,0,0,0,0,0,0,5,0,5,0,25,0,8,0,3,0,3,0,3,0
2649,0,0,0,0,0,0,0,0,0,0,0,0,5,0,1,0,13,0,13,0,4,0,4,0,6,0
2650,1,0,0,0,0,0,0,0,0,0,0,0,3,0,2,0,13,0,12,0,5,0,5,0,1,0
2651,0,0,0,0,0,0,0,0,0,0,0,0,4,0,3,0,17,0,15,0,5,0,3,0,3,0
2652,0,0,0,0,0,0,0,0,0,0,0,0,4,0,4,0,20,0,13,0,5,0,4,0,7,0
2653,0,0,0,0,0,0,0,0,0,0,0,0,4,0,1,0,18,0,10,0,3,0,5,0,2,0
2654,1,0,0,0,0,0,0,0,0,0,0,0,5,0,3,0,19,0,12,0,2,0,4,0,3,0
2655,0,0,0,0,0,0,0,0,0,0,0,0,4,0,4,0,19,0,10,0,3,0,4,0,5,0
2656,0,0,0,0,0,0,0,0,0,0,0,0,2,0,3,0,13,0,17,0,5,0,5,0,4,0
2657,1,0,0,0,0,0,0,0,0,0,0,0,3,0,2,0,16,0,12,0,6,0,3,0,4,0
2658,0,0,0,0,0,0,0,0,0,0,0,0,5,0,4,0,22,0,12,0,3,0,4,0,5,0
2659,0,0,0,0,0,0,0,0,0,0,0,0,3,0,3,0,16,0,11,0,3,0,6,0,3,0
2660,0,0,0,0,0,0,0,0,0,0,0,0,4,0,4,0,18,0,14,0,4,0,1,0,6,0
2661,0,0,0,0,0,0,0,0,0,0,0,0,3,0,2,0,17,0,14,0,6,0,5,0,2,0
2662,1,0,0,0,0,0,0,0,0,0,0,0,3,0,1,0,17,0,10,0,4,0,4,0,5,0
2663,0,0,0,0,0,0,0,0,0,0,0,0,5,0,3,0,18,0,12,0,4,0,3,0,5,0
2664,0,0,0,0,0,0,0,0,0,0,0,0,6,0,5,0,26,0,9,0,3,0,3,0,3,0
2665,0,0,0,0,0,0,0,0,0,0,0,0,3,0,3,0,16,0,13,0,3,0,5,0,3,0
2666,0,0,0,0,0,0,0,0,0,0,0,0,2,0,4,0,13,0,19,0,7,0,4,0,2,0
2667,1,0,0,0,0,0,0,0,0,0,0,0,6,0,0,0,17,0,8,0,3,0,5,0,5,0
2668,1,0,0,0,0,0,0,0,0,0,0,0,5,0,6,0,21,0,8,0,3,0,3,0,6,0
2669,0,0,0,0,0,0,0,0,0,0,0,0,6,0,2,0,25,0,11,0,4,0,3,0,5,0
2670,0,0,0,0,0,0,0,0,0,0,0,0,2,0,2,0,13,0,8,0,3,0,5,0,4,0
2671,0,0,0,0,0,0,0,0,0,0,0,0,5,0,4,0,18,0,14,0,5,0,4,0,4,0
2672,0,0,0,0,0,0,0,0,0,0,0,0,4,0,2,0,18,0,12,0,3,0,4,0,4,0
2673,1,0,0,0,0,0,0,0,0,0,0,0,3,0,5,0,22,0,15,0,7,0,4,0,4,0
2674,2,0,0,0,0,0,0,0,0,0,0,0,5,0,3,0,17,0,11,0,2,0,3,0,2,0
2675,0,0,0,0,0,0,0,0,0,0,0,0,3,0,2,0,14,0,12,0,3,0,2,0,5,0
2676,0,0,0,0,2,0,2,0,1,0,0,0,3,0,4,0,17,0,13,0,5,0,6,0,2,0
2677,1,0,0,0,0,0,0,0,0,0,0,0,4,0,4,0,20,0,13,0,5,0,3,0,4,0
2678,0,0,0,0,0,0,0,0,0,0,0,0,4,0,3,0,19,0,10,0,2,0,7,0,5,0
2679,0,0,0,0,0,0,4,0,1,0,0,0,4,0,2,0,23,0,11,0,4,0,5,0,5,0
2680,0,0,0,0,0,0,0,0,0,0,0,0,7,0,5,0,23,0,11,0,6,0,3,0,3,0
2681,0,0,0,0,0,0,0,0,0,0,0,0,3,0,2,0,12,0,13,0,3,0,4,0,3,0
2682,0,0,0,0,0,0,0,0,0,0,0,0,4,0,2,0,17,0,14,0,4,0,3,0,4,0
2683,0,0,0,0,0,0,0,0,0,0,0,0,3,0,3,0,18,0,9,0,3,0,4,0,7,0
2684,0,0,0,0,0,0,0,0,0,0,0,0,5,0,2,0,15,0,13,0,4,0,5,0,1,0
2685,0,0,0,0,0,0,0,0,0,0,0,0,4,0,3,0,19,0,12,0,4,0,4,0,7,0
2686,0,0,0,0,0,0,0,0,0,0,0,0,4,0,3,0,17,0,13,0,3,0,5,0,5,0
2687,0,0,0,0,0,0,0,0,0,0,0,0,3,0,5,0,18,0,13,0,5,0,3,0,2,0
2688,0,0,0,0,0,0,0,0,0,0,0,0,2,0,4,0,19,0,14,0,5,0,5,0,3,0
2689,0,0,0,0,0,0,0,0,0,0,0,0,5,0,2,0,23,0,12,0,4,0,3,0,5,0
2690,0,0,0,0,0,0,0,0,0,0,0,0,4,0,3,0,19,0,7,0,3,0,5,0,5,0
2691,1,0,0,0,0,0,0,0,0,0,0,0,7,0,2,0,18,0,10,0,2,0,2,0,3,0
2692,1,0,0,0,0,0,0,0,0,0,0,0,2,0,3,0,12,0,14,0,7,0,3,0,4,0
2693,0,0,0,0,0,0,0,0,0,0,0,0,6,0,3,0,17,0,17,0,5,0,2,0,4,0
2694,0,0,0,0,0,0,0,0,0,0,0,0,2,0,3,0,18,0,11,0,3,0,6,0,4,0
2695,0,0,0,0,0,0,0,0,0,0,0,0,6,0,1,0,20,0,10,0,3,0,6,0,4,0
2696,0,0,0,0,0,0,0,0,0,0,0,0,3,0,5,0,17,0,10,0,2,0,3,0,3,0
2697,1,0,0,0,0,0,0,0,0,0,0,0,5,0,4,0,21,0,15,0,6,0,3,0,2,0
2698,0,0,0,0,0,0,0,0,0,0,0,0,3,0,4,0,21,0,11,0,6,0,5,0,8,0
2699,0,0,0,0,0,0,0,0,0,0,0,0,3,0,2,0,13,0,12,0,5,0,4,0,3,0
2700,0,0,0,0,0,0,0,0,0,0,0,0,4,0,1,0,17,0,12,0,3,0,3,0,5,0
2701,0,0,0,0,0,0,0,0,0,0,0,0,4,0,2,0,15,0,14,0,3,0,3,0,2,0
2702,1,0,0,0,0,0,0,0,0,0,0,0,3,0,5,0,21,0,5,0,2,0,7,0,5,0
2703,0,0,0,0,0,0,0,0,0,0,0,0,3,0,4,0,18,0,17,0,6,0,3,0,3,0
2704,0,0,0,0,0,0,0,0,0,0,0,0,5,0,3,0,19,0,13,0,4,0,4,0,3,0
2705,1,0,0,0,0,0,0,0,0,0,0,0,2,0,4,0,17,0,12,0,5,0,4,0,4,0
2706,1,0,0,0,0,0,0,0,0,0,0,0,7,0,1,0,18,0,12,0,5,0,3,0,3,0
2707,0,0,0,0,0,0,0,0,0,0,0,0,2,0,6,0,20,0,13,0,3,0,3,0,5,0
2708,1,0,0,0,0,0,0,0,0,0,0,0,6,0,3,0,19,0,12,0,4,0,5,0,4,0
2709,0,0,0,0,0,0,0,0,0,0,0,0,4,0,1,0,16,0,12,0,3,0,3,0,7,0
2710,0,0,0,0,0,0,0,0,0,0,0,0,4,0,2,0,16,0,9,0,3,0,7,0,3,0
2711,0,0,0,0,0,0,0,0,0,0,0,0,3,0,5,0,24,0,11,0,3,0,4,0,2,0
2712,1,0,0,0,0,0,0,0,0,0,0,0,5,0,0,0,14,0,11,0,4,0,4,0,5,0
2713,0,0,0,0,0,0,0,0,0,0,0,0,4,0,5,0,18,0,15,0,7,0,3,0,3,0
2714,0,0,0,0,0,0,0,0,0,0,0,0,3,0,2,0,16,0,11,0,3,0,3,0,8,0
2715,1,0,0,0,0,0,0,0,0,0,0,0,5,0,5,0,24,0,9,0,3,0,6,0,4,0
2716,1,0,0,0,0,0,0,0,0,0,0,0,4,0,2,0,15,0,12,0,5,0,4,0,2,0
2717,0,0,0,0,0,0,0,0,0,0,0,0,2,0,2,0,13,0,17,0,5,0,1,0,2,0
2718,0,0,0,0,0,0,0,0,0,0,0,0,5,0,3,0,24,0,9,0,1,0,5,0,6,0
2719,0,0,0,0,0,0,0,0,0,0,0,0,4,0,4,0,17,0,14,0,6,0,5,0,3,0
2720,0,0,0,0,0,0,0,0,0,0,0,0,5,0,3,0,19,0,10,0,3,0,4,0,5,0
2721,0,0,0,0,0,0,0,0,0,0,0,0,4,0,1,0,15,0,16,0,6,0,4,0,2,0
2722,0,0,0,0,0,0,0,0,0,0,0,0,5,0,4,0,20,0,12,0,3,0,3,0,5,0
2723,0,0,0,0,0,0,0,0,0,0,0,0,5,0,3,0,20,0,11,0,4,0,6,0,4,0
2724,0,0,0,0,0,0,0,0,0,0,0,0,1,0,4,0,17,0,11,0,4,0,3,0,5,0
2725,0,0,0,0,0,0,0,0,0,0,0,0,6,0,3,0,19,0,14,0,5,0,5,0,2,0
2726,0,0,0,0,0,0,0,0,0,0,0,0,3,0,2,0,15,0,11,0,3,0,4,0,5,0
2727,0,0,0,0,0,0,0,0,0,0,0,0,3,0,4,0,20,0,11,0,2,0,3,0,5,0
2728,1,0,0,0,0,0,0,0,0,0,0,0,3,0,2,0,17,0,12,0,5,0,3,0,4,0
2729,0,0,0,0,0,0,0,0,0,0,0,0,7,0,3,0,19,0,8,0,3,0,6,0,4,0
2730,0,0,0,0,0,0,0,0,0,0,0,0,5,0,3,0,17,0,14,0,5,0,3,0,3,0
2731,0,0,0,0,0,0,0,0,0,0,0,0,4,0,2,0,18,0,12,0,4,0,5,0,4,0
2732,1,0,0,0,0,0,0,0,0,0,0,0,2,0,4,0,16,0,15,0,4,0,3,0,3,0
2733,0,0,0,0,0,0,0,0,0,0,0,0,2,0,4,0,19,0,15,0,4,0,4,0,4,0
2734,0,0,0,0,0,0,0,0,0,0,0,0,6,0,2,0,18,0,13,0,5,0,4,0,6,0
2735,0,0,0,0,0,0,0,0,0,0,0,0,2,0,3,0,21,0,8,0,3,0,5,0,4,0
2736,1,0,0,0,0,0,0,0,0,0,0,0,5,0,3,0,14,0,12,0,5,0,3,0,5,0
2737,1,0,0,0,0,0,0,0,0,0,0,0,5,0,3,0,18,0,11,0,4,0,3,0,3,0
2738,0,0,0,0,0,0,0,0,0,0,0,0,5,0,2,0,20,0,10,0,3,0,6,0,2,0
2739,0,0,0,0,0,0,0,0,0,0,0,0,4,0,4,0,20,0,16,0,4,0,1,0,3,0
2740,0,0,0,0,0,0,0,0,0,0,0,0,3,0,4,0,18,0,13,0,6,0,7,0,3,0
2741,0,0,0,0,0,0,0,0,0,0,0,0,3,0,3,0,17,0,11,0,3,0,4,0,5,0
2742,0,0,0,0,0,0,0,0,0,0,0,0,4,0,6,0,21,0,10,0,4,0,3,0,6,0
2743,0,0,0,0,2,0,1,0,0,0,0,0,4,0,2,0,17,0,12,0,5,0,5,0,7,0
2744,0,0,0,0,2,0,2,0,1,0,0,0,4,0,4,0,19,0,10,0,2,0,2,0,4,0
2745,1,0,0,0,0,0,1,0,1,0,0,0,5,0,3,0,21,0,12,0,4,0,6,0,2,0
2746,0,0,0,0,0,0,4,0,1,0,0,0,6,0,5,0,23,0,8,0,3,0,4,0,2,0
2747,1,0,0,0,0,0,0,0,0,0,0,0,2,0,1,0,12,0,15,0,5,0,4,0,2,0
2748,0,0,0,0,0,0,0,0,0,0,0,0,3,0,3,0,19,0,13,0,4,0,2,0,6,0
2749,1,0,0,0,0,0,0,0,0,0,0,0,7,0,3,0,23,0,13,0,5,0,5,0,4,0
2750,0,0,0,0,0,0,0,0,0,0,0,0,4,0,4,0,17,0,11,0,3,0,4,0,3,0
2751,1,0,0,0,0,0,0,0,0,0,0,0,2,0,1,0,11,0,14,0,6,0,2,0,6,0
2752,0,0,0,0,0,0,0,0,0,0,0,0,4,0,3,0,19,0,12,0,3,0,3,0,3,0
2753,0,0,0,0,0,0,0,0,0,0,0,0,5,0,2,0,18,0,12,0,4,0,6,0,5,0
2754,0,0,0,0,0,0,0,0,0,0,0,0,4,0,4,0,23,0,11,0,4,0,4,0,5,0
2755,0,0,0,0,0,0,0,0,0,0,0,0,4,0,4,0,17,0,11,0,5,0,3,0,5,0
2756,0,0,0,0,0,0,0,0,0,0,0,0,4,0,3,0,15,0,15,0,4,0,4,0,2,0
2757,0,0,0,0,0,0,0,0,0,0,0,0,4,0,2,0,19,0,11,0,4,0,4,0,3,0
2758,1,0,0,0,0,0,0,0,0,0,0,0,5,0,5,0,21,0,15,0,4,0,3,0,3,0
2759,0,0,0,0,0,0,0,0,0,0,0,0,2,0,5,0,20,0,10,0,4,0,7,0,4,0
2760,0,0,0,0,0,0,0,0,0,0,0,0,2,0,2,0,17,0,9,0,2,0,5,0,6,0
2761,0,0,0,0,0,0,0,0,0,0,0,0,6,0,3,0,20,0,14,0,8,0,3,0,2,0
2762,0,0,0,0,0,0,0,0,0,0,0,0,5,0,3,0,16,0,12,0,2,0,3,0,7,0
2763,0,0,0,0,0,0,0,0,0,0,0,0,4,0,3,0,15,0,13,0,3,0,4,0,0,0
2764,0,0,0,0,0,0,0,0,0,0,0,0,3,0,0,0,15,0,10,0,3,0,5,0,6,0
2765,0,0,0,0,0,0,0,0,0,0,0,0,5,0,5,0,18,0,12,0,6,0,4,0,4,0
2766,1,0,0,0,0,0,0,0,0,0,0,0,3,0,1,0,19,0,14,0,4,0,2,0,5,0
2767,0,0,0,0,0,0,0,0,0,0,0,0,3,0,6,0,19,0,12,0,4,0,3,0,4,0
2768,0,0,0,0,0,0,0,0,0,0,0,0,2,0,2,0,15,0,11,0,3,0,6,0,1,0
2769,0,0,0,0,0,0,0,0,0,0,0,0,6,0,3,0,20,0,9,0,4,0,5,0,6,0
2770,0,0,0,0,0,0,0,0,0,0,0,0,7,0,1,0,18,0,15,0,4,0,3,0,4,0
2771,1,0,0,0,0,0,0,0,0,0,0,0,4,0,5,0,23,0,11,0,3,0,4,0,4,0
2772,2,0,0,0,0,0,0,0,0,0,0,0,3,0,4,0,13,0,13,0,5,0,5,0,5,0
2773,1,0,0,0,0,0,0,0,0,0,0,0,3,0,1,0,16,0,13,0,6,0,4,0,2,0
2774,0,0,0,0,0,0,0,0,0,0,0,0,4,0,2,0,19,0,14,0,2,0,3,0,4,0
2775,0,0,0,0,0,0,0,0,0,0,0,0,4,0,2,0,20,0,11,0,4,0,3,0,5,0
2776,0,0,0,0,0,0,0,0,0,0,0,0,4,0,6,0,20,0,11,0,4,0,4,0,5,0
2777,0,0,0,0,0,0,0,0,0,0,0,0,5,0,3,0,16,0,12,0,4,0,5,0,2,0
2778,1,0,0,0,0,0,0,0,0,0,0,0,3,0,2,0,16,0,11,0,4,0,2,0,5,0
2779,0,0,0,0,0,0,0,0,0,0,0,0,5,0,3,0,20,0,8,0,3,0,5,0,4,0
2780,1,0,0,0,0,0,0,0,0,0,0,0,4,0,3,0,16,0,13,0,5,0,5,0,5,0
2781,0,0,0,0,0,0,0,0,0,0,0,0,4,0,3,0,24,0,11,0,3,0,6,0,2,0
2782,0,0,0,0,0,0,0,0,0,0,0,0,4,0,4,0,18,0,13,0,3,0,4,0,6,0
2783,1,0,0,0,0,0,0,0,0,0,0,0,3,0,2,0,16,0,13,0,5,0,5,0,2,0
2784,0,0,0,0,0,0,0,0,0,0,0,0,6,0,5,0,20,0,10,0,2,0,3,0,5,0
2785,0,0,0,0,0,0,0,0,0,0,0,0,2,0,3,0,19,0,14,0,6,0,4,0,5,0
2786,0,0,0,0,0,0,0,0,0,0,0,0,5,0,3,0,16,0,12,0,5,0,2,0,4,0
2787,0,0,0,0,0,0,0,0,0,0,0,0,2,0,1,0,14,0,13,0,4,0,5,0,3,0
2788,0,0,0,0,0,0,0,0,0,0,0,0,4,0,3,0,16,0,10,0,3,0,5,0,2,0
2789,1,0,0,0,0,0,0,0,0,0,0,0,5,0,4,0,20,0,14,0,6,0,1,0,6,0
2790,1,0,0,0,0,0,0,0,0,0,0,0,5,0,4,0,24,0,9,0,2,0,4,0,1,0
2791,0,0,0,0,0,0,0,0,0,0,0,0,3,0,1,0,10,0,14,0,4,0,4,0,8,0
2792,1,0,0,0,0,0,0,0,0,0,0,0,4,0,2,0,17,0,12,0,4,0,5,0,3,0
2793,0,0,0,0,0,0,0,0,0,0,0,0,6,0,4,0,22,0,10,0,3,0,5,0,3,0
2794,0,0,0,0,0,0,0,0,0,0,0,0,2,0,3,0,19,0,13,0,4,0,4,0,4,0
2795,0,0,0,0,0,0,0,0,0,0,0,0,5,0,3,0,20,0,13,0,5,0,3,0,4,0
2796,1,0,0,0,0,0,0,0,0,0,0,0,4,0,4,0,17,0,13,0,3,0,4,0,7,0
2797,0,0,0,0,0,0,0,0,0,0,0,0,3,0,4,0,24,0,10,0,5,0,4,0,3,0
2798,0,0,0,0,0,0,0,0,0,0,0,0,4,0,3,0,14,0,10,0,3,0,4,0,2,0
2799,0,0,0,0,0,0,0,0,0,0,0,0,3,0,2,0,14,0,14,0,8,0,5,0,5,0
2800,1,0,0,0,0,0,0,0,0,0,0,0,5,0,2,0,18,0,14,0,2,0,3,0,6,0
2801,0,0,0,0,0,0,0,0,0,0,0,0,5,0,3,0,17,0,11,0,4,0,7,0,4,0
2802,1,0,0,0,0,0,0,0,0,0,0,0,4,0,2,0,17,0,14,0,4,0,1,0,1,0
2803,0,0,0,0,0,0,0,0,0,0,0,0,4,0,4,0,21,0,10,0,3,0,5,0,4,0
2804,0,0,0,0,0,0,0,0,0,0,0,0,3,0,4,0,14,0,14,0,4,0,5,0,3,0
2805,0,0,0,0,0,0,0,0,0,0,0,0,3,0,4,0,22,0,11,0,7,0,2,0,5,0
2806,0,0,0,0,0,0,0,0,0,0,0,0,4,0,3,0,17,0,12,0,2,0,5,0,6,0
2807,0,0,0,0,0,0,0,0,0,0,0,0,4,0,1,0,16,0,9,0,2,0,2,0,4,0
2808,1,0,0,0,0,0,0,0,0,0,0,0,4,0,4,0,23,0,15,0,7,0,5,0,5,0
2809,1,0,0,0,0,0,0,0,0,0,0,0,4,0,3,0,14,0,9,0,2,0,3,0,5,0
2810,0,0,0,0,0,0,0,0,0,0,0,0,3,0,5,0,17,0,12,0,3,0,5,0,3,0
2811,0,0,0,0,0,0,1,0,0,0,0,0,6,0,2,0,17,0,15,0,6,0,4,0,2,0
2812,0,0,0,0,1,0,2,0,0,0,0,0,2,0,4,0,21,0,12,0,4,0,2,0,4,0
2813,0,0,0,0,1,0,1,0,0,0,0,0,5,0,2,0,19,0,11,0,3,0,6,0,4,0
2814,0,0,0,0,0,0,0,0,0,0,0,0,4,0,3,0,24,0,13,0,6,0,4,0,5,0
2815,1,0,0,0,0,0,0,0,0,0,0,0,5,0,4,0,21,0,7,0,1,0,6,0,4,0
2816,0,0,0,0,0,0,0,0,0,0,0,0,5,0,4,0,17,0,14,0,4,0,4,0,3,0
2817,0,0,0,0,0,0,0,0,0,0,0,0,2,0,5,0,20,0,12,0,5,0,1,0,1,0
2818,0,0,0,0,0,0,0,0,0,0,0,0,5,0,2,0,18,0,12,0,3,0,5,0,7,0
2819,0,0,0,0,0,0,0,0,0,0,0,0,3,0,3,0,14,0,14,0,6,0,4,0,4,0
2820,0,0,0,0,0,0,0,0,0,0,0,0,3,0,1,0,15,0,16,0,3,0,5,0,4,0
2821,0,0,0,0,0,0,0,0,0,0,0,0,5,0,1,0,16,0,9,0,4,0,6,0,3,0
2822,0,0,0,0,0,0,0,0,0,0,0,0,4,0,4,0,19,0,13,0,3,0,3,0,4,0
2823,0,0,0,0,0,0,0,0,0,0,0,0,3,0,2,0,15,0,13,0,5,0,2,0,6,0
2824,0,0,0,0,0,0,0,0,0,0,0,0,5,0,5,0,18,0,9,0,3,0,4,0,4,0
2825,0,0,0,0,0,0,0,0,0,0,0,0,3,0,2,0,18,0,15,0,7,0,3,0,5,0
2826,1,0,0,0,0,0,0,0,0,0,0,0,3,0,3,0,19,0,15,0,6,0,4,0,3,0
2827,0,0,0,0,0,0,0,0,0,0,0,0,7,0,3,0,24,0,8,0,2,0,4,0,2,0
2828,0,0,0,0,0,0,0,0,0,0,0,0,3,0,7,0,20,0,8,0,2,0,6,0,4,0
2829,2,0,0,0,0,0,0,0,0,0,0,0,5,0,2,0,19,0,12,0,3,0,2,0,7,0
2830,1,0,0,0,0,0,0,0,0,0,0,0,3,0,2,0,12,0,11,0,4,0,6,0,2,0
2831,1,0,0,0,0,0,0,0,0,0,0,0,6,0,2,0,21,0,12,0,4,0,4,0,3,0
2832,1,0,0,0,0,0,0,0,0,0,0,0,3,0,4,0,17,0,15,0,6,0,4,0,5,0
2833,0,0,0,0,0,0,0,0,0,0,0,0,4,0,1,0,17,0,10,0,1,0,5,0,5,0
2834,0,0,0,0,0,0,0,0,0,0,0,0,3,0,4,0,19,0,15,0,6,0,2,0,4,0
2835,0,0,0,0,0,0,0,0,0,0,0,0,6,0,3,0,22,0,11,0,5,0,5,0,2,0
2836,0,0,0,0,0,0,0,0,0,0,0,0,3,0,2,0,14,0,13,0,4,0,2,0,4,0
2837,0,0,0,0,0,0,0,0,0,0,0,0,3,0,3,0,18,0,14,0,6,0,5,0,4,0
2838,0,0,0,0,0,0,0,0,0,0,0,0,4,0,2,0,15,0,11,0,3,0,5,0,3,0
2839,1,0,0,0,0,0,0,0,0,0,0,0,5,0,5,0,20,0,8,0,2,0,3,0,7,0
2840,0,0,0,0,0,0,0,0,0,0,0,0,5,0,3,0,22,0,10,0,3,0,5,0,5,0
2841,1,0,0,0,0,0,0,0,0,0,0,0,3,0,5,0,19,0,12,0,3,0,5,0,3,0
2842,0,0,0,0,0,0,0,0,0,0,0,0,5,0,1,0,16,0,14,0,5,0,4,0,3,0
2843,1,0,0,0,0,0,0,0,0,0,0,0,2,0,6,0,18,0,14,0,4,0,0,0,4,0
2844,0,0,0,0,0,0,0,0,0,0,0,0,5,0,1,0,19,0,12,0,4,0,5,0,3,0
2845,0,0,0,0,0,0,0,0,0,0,0,0,5,0,2,0,15,0,14,0,7,0,4,0,3,0
2846,1,0,0,0,0,0,0,0,0,0,0,0,3,0,3,0,17,0,8,0,2,0,5,0,7,0
2847,0,0,0,0,0,0,0,0,0,0,0,0,3,0,3,0,17,0,16,0,3,0,3,0,2,0
2848,0,0,0,0,0,0,0,0,0,0,0,0,3,0,5,0,19,0,12,0,5,0,6,0,3,0
2849,1,0,0,0,0,0,0,0,0,0,0,0,2,0,1,0,18,0,8,0,3,0,4,0,7,0
2850,0,0,0,0,0,0,0,0,0,0,0,0,7,0,3,0,18,0,12,0,5,0,2,0,2,0
2851,0,0,0,0,0,0,0,0,0,0,0,0,2,0,3,0,15,0,18,0,6,0,5,0,3,0
2852,1,0,0,0,0,0,0,0,0,0,0,0,6,0,1,0,19,0,10,0,3,0,5,0,4,0
2853,0,0,0,0,0,0,0,0,0,0,0,0,7,0,4,0,20,0,10,0,3,0,4,0,6,0
2854,0,0,0,0,0,0,0,0,0,0,0,0,3,0,5,0,18,0,13,0,3,0,5,0,4,0
2855,0,0,0,0,0,0,0,0,0,0,0,0,2,0,3,0,18,0,15,0,7,0,3,0,5,0
2856,1,0,0,0,0,0,0,0,0,0,0,0,2,0,3,0,18,0,9,0,1,0,3,0,7,0
2857,0,0,0,0,0,0,0,0,0,0,0,0,6,0,2,0,18,0,10,0,4,0,3,0,1,0
2858,1,0,0,0,0,0,0,0,0,0,0,0,6,0,3,0,19,0,12,0,4,0,5,0,4,0
2859,0,0,0,0,0,0,0,0,0,0,0,0,2,0,4,0,16,0,14,0,5,0,6,0,3,0
2860,0,0,0,0,0,0,0,0,0,0,0,0,3,0,2,0,17,0,13,0,5,0,2,0,8,0
2861,2,0,0,0,0,0,0,0,0,0,0,0,8,0,2,0,20,0,11,0,3,0,3,0,2,0
2862,0,0,0,0,0,0,0,0,0,0,0,0,2,0,3,0,19,0,12,0,4,0,4,0,3,0
2863,0,0,0,0,0,0,0,0,0,0,0,0,6,0,3,0,18,0,11,0,3,0,6,0,4,0
2864,1,0,0,0,0,0,0,0,0,0,0,0,2,0,6,0,19,0,11,0,4,0,4,0,5,0
2865,0,0,0,0,0,0,0,0,0,0,0,0,5,0,2,0,21,0,12,0,5,0,4,0,2,0
2866,0,0,0,0,0,0,0,0,0,0,0,0,2,0,5,0,20,0,7,0,2,0,3,0,4,0
2867,1,0,0,0,0,0,0,0,0,0,0,0,4,0,2,0,14,0,13,0,4,0,5,0,5,0
2868,0,0,0,0,0,0,0,0,0,0,0,0,3,0,0,0,15,0,14,0,5,0,5,0,5,0
2869,0,0,0,0,0,0,0,0,0,0,0,0,5,0,4,0,15,0,14,0,4,0,3,0,4,0
2870,0,0,0,0,0,0,0,0,0,0,0,0,5,0,2,0,19,0,13,0,4,0,5,0,2,0
2871,0,0,0,0,0,0,0,0,0,0,0,0,5,0,5,0,23,0,13,0,6,0,1,0,4,0
2872,0,0,0,0,0,0,0,0,0,0,0,0,3,0,1,0,14,0,10,0,2,0,6,0,5,0
2873,1,0,0,0,0,0,0,0,0,0,0,0,3,0,3,0,16,0,13,0,4,0,4,0,4,0
2874,1,0,0,0,0,0,0,0,0,0,0,0,5,0,4,0,21,0,9,0,3,0,3,0,6,0
2875,0,0,0,0,0,0,0,0,0,0,0,0,3,0,4,0,17,0,15,0,6,0,3,0,1,0
2876,0,0,0,0,0,0,0,0,0,0,0,0,3,0,3,0,18,0,15,0,5,0,7,0,5,0
2877,0,0,0,0,0,0,0,0,0,0,0,0,4,0,2,0,17,0,13,0,5,0,3,0,4,0
2878,2,0,0,0,0,0,0,0,0,0,0,0,4,0,3,0,15,0,9,0,3,0,4,0,3,0
2879,0,0,0,0,0,0,0,0,0,0,0,0,3,0,2,0,16,0,11,0,3,0,3,0,4,0
2880,0,0,0,0,1,0,0,0,0,0,0,0,5,0,3,0,22,0,14,0,4,0,3,0,6,0
2881,0,0,0,0,1,0,1,0,0,0,0,0,4,0,4,0,21,0,11,0,3,0,3,0,2,0
2882,0,0,0,0,0,0,0,0,0,0,0,0,4,0,4,0,22,0,13,0,6,0,6,0,2,0
2883,1,0,0,0,0,0,2,0,0,0,0,0,4,0,4,0,20,0,12,0,4,0,4,0,6,0
2884,1,0,0,0,0,0,0,0,0,0,0,0,4,0,3,0,17,0,10,0,3,0,3,0,4,0
2885,0,0,0,0,0,0,0,0,0,0,0,0,4,0,1,0,13,0,13,0,4,0,3,0,5,0
2886,0,0,0,0,0,0,0,0,0,0,0,0,3,0,5,0,20,0,16,0,6,0,4,0,4,0
2887,0,0,0,0,0,0,0,0,0,0,0,0,5,0,1,0,17,0,9,0,2,0,6,0,6,0
2888,1,0,0,0,0,0,0,0,0,0,0,0,5,0,6,0,21,0,8,0,2,0,3,0,3,0
2889,0,0,0,0,0,0,0,0,0,0,0,0,4,0,2,0,18,0,14,0,5,0,4,0,2,0
2890,0,0,0,0,0,0,0,0,0,0,0,0,4,0,4,0,20,0,11,0,5,0,2,0,3,0
2891,0,0,0,0,0,0,0,0,0,0,0,0,4,0,1,0,16,0,13,0,4,0,6,0,5,0
2892,0,0,0,0,0,0,0,0,0,0,0,0,3,0,4,0,16,0,14,0,4,0,4,0,2,0
2893,0,0,0,0,0,0,0,0,0,0,0,0,4,0,2,0,17,0,14,0,5,0,5,0,5,0
2894,0,0,0,0,0,0,0,0,0,0,0,0,4,0,4,0,19,0,12,0,5,0,3,0,4,0
2895,0,0,0,0,0,0,0,0,0,0,0,0,4,0,3,0,21,0,8,0,3,0,5,0,6,0
2896,1,0,0,0,0,0,0,0,0,0,0,0,6,0,3,0,20,0,8,0,2,0,2,0,5,0
2897,0,0,0,0,0,0,0,0,0,0,0,0,6,0,5,0,25,0,12,0,4,0,3,0,3,0
2898,0,0,0,0,0,0,0,0,0,0,0,0,2,0,1,0,10,0,17,0,5,0,7,0,3,0
2899,0,0,0,0,0,0,0,0,0,0,0,0,2,0,2,0,20,0,8,0,3,0,4,0,6,0
2900,1,0,0,0,0,0,0,0,0,0,0,0,5,0,3,0,17,0,11,0,3,0,4,0,3,0
2901,0,0,0,0,0,0,0,0,0,0,0,0,2,0,4,0,16,0,18,0,8,0,2,0,4,0
2902,0,0,0,0,0,0,0,0,0,0,0,0,7,0,3,0,19,0,13,0,4,0,4,0,4,0
2903,0,0,0,0,0,0,0,0,0,0,0,0,2,0,4,0,17,0,13,0,5,0,6,0,4,0
2904,0,0,0,0,0,0,0,0,0,0,0,0,4,0,3,0,18,0,14,0,4,0,4,0,5,0
2905,1,0,0,0,0,0,0,0,0,0,0,0,3,0,3,0,19,0,10,0,2,0,4,0,5,0
2906,1,0,0,0,0,0,0,0,0,0,0,0,6,0,2,0,15,0,9,0,2,0,4,0,2,0
2907,0,0,0,0,0,0,0,0,0,0,0,0,3,0,3,0,15,0,13,0,5,0,4,0,3,0
2908,1,0,0,0,0,0,0,0,0,0,0,0,4,0,2,0,19,0,12,0,4,0,3,0,6,0
2909,0,0,0,0,0,0,0,0,0,0,0,0,3,0,3,0,19,0,13,0,6,0,4,0,2,0
2910,1,0,0,0,0,0,0,0,0,0,0,0,5,0,4,0,20,0,7,0,1,0,4,0,5,0
2911,0,0,0,0,0,0,0,0,0,0,0,0,5,0,5,0,21,0,11,0,4,0,4,0,6,0
2912,0,0,0,0,0,0,0,0,0,0,0,0,4,0,1,0,14,0,13,0,4,0,4,0,2,0
2913,0,0,0,0,0,0,0,0,0,0,0,0,4,0,3,0,20,0,17,0,6,0,4,0,2,0
2914,1,0,0,0,0,0,0,0,0,0,0,0,4,0,2,0,14,0,17,0,7,0,4,0,5,0
2915,0,0,0,0,0,0,0,0,0,0,0,0,3,0,4,0,18,0,6,0,1,0,6,0,4,0
2916,0,0,0,0,0,0,0,0,0,0,0,0,4,0,3,0,21,0,15,0,4,0,3,0,5,0
2917,0,0,0,0,0,0,0,0,0,0,0,0,5,0,3,0,18,0,8,0,3,0,4,0,3,0
2918,0,0,0,0,0,0,0,0,0,0,0,0,5,0,4,0,21,0,12,0,3,0,3,0,3,0
2919,0,0,0,0,0,0,0,0,0,0,0,0,4,0,1,0,14,0,13,0,4,0,5,0,3,0
2920,0,0,0,0,0,0,0,0,0,0,0,0,4,0,4,0,23,0,12,0,5,0,2,0,6,0
2921,0,0,0,0,0,0,0,0,0,0,0,0,4,0,4,0,20,0,7,0,3,0,6,0,5,0
2922,0,0,0,0,0,0,0,0,0,0,0,0,3,0,3,0,15,0,13,0,3,0,4,0,5,0
2923,0,0,0,0,0,0,0,0,0,0,0,0,5,0,3,0,20,0,14,0,7,0,4,0,4,0
2924,1,0,0,0,0,0,0,0,0,0,0,0,3,0,0,0,13,0,14,0,3,0,3,0,3,0
2925,1,0,0,0,0,0,0,0,0,0,0,0,4,0,5,0,15,0,13,0,5,0,3,0,5,0
2926,1,0,0,0,0,0,0,0,0,0,0,0,3,0,2,0,15,0,12,0,4,0,5,0,1,0
2927,0,0,0,0,0,0,0,0,0,0,0,0,4,0,4,0,26,0,13,0,4,0,5,0,6,0
2928,0,0,0,0,0,0,0,0,0,0,0,0,5,0,3,0,17,0,10,0,3,0,4,0,4,0
2929,0,0,0,0,0,0,0,0,0,0,0,0,4,0,2,0,18,0,10,0,2,0,3,0,6,0
2930,1,0,0,0,0,0,0,0,0,0,0,0,5,0,5,0,19,0,13,0,6,0,4,0,3,0
2931,0,0,0,0,0,0,0,0,0,0,0,0,4,0,2,0,18,0,10,0,3,0,3,0,4,0
2932,0,0,0,0,0,0,0,0,0,0,0,0,3,0,4,0,18,0,11,0,5,0,5,0,2,0
2933,1,0,0,0,0,0,0,0,0,0,0,0,7,0,3,0,20,0,12,0,3,0,4,0,5,0
2934,0,0,0,0,0,0,0,0,0,0,0,0,2,0,3,0,15,0,12,0,4,0,5,0,2,0
2935,0,0,0,0,0,0,0,0,0,0,0,0,3,0,3,0,18,0,15,0,6,0,4,0,5,0
2936,1,0,0,0,0,0,0,0,0,0,0,0,5,0,3,0,21,0,8,0,2,0,4,0,6,0
2937,2,0,0,0,0,0,0,0,0,0,0,0,4,0,1,0,15,0,13,0,5,0,5,0,2,0
2938,0,0,0,0,0,0,0,0,0,0,0,0,3,0,3,0,18,0,13,0,5,0,4,0,3,0
2939,0,0,0,0,0,0,0,0,0,0,0,0,3,0,5,0,20,0,12,0,2,0,3,0,5,0
2940,0,0,0,0,0,0,0,0,0,0,0,0,4,0,2,0,16,0,13,0,5,0,6,0,1,0
2941,1,0,0,0,0,0,0,0,0,0,0,0,5,0,2,0,17,0,10,0,3,0,2,0,5,0
2942,0,0,0,0,0,0,0,0,0,0,0,0,5,0,2,0,16,0,12,0,4,0,4,0,6,0
2943,0,0,0,0,0,0,0,0,0,0,0,0,3,0,5,0,16,0,14,0,6,0,3,0,1,0
2944,0,0,0,0,0,0,0,0,0,0,0,0,4,0,3,0,20,0,17,0,5,0,4,0,7,0
2945,0,0,0,0,0,0,0,0,0,0,0,0,4,0,4,0,20,0,11,0,3,0,4,0,5,0
2946,0,0,0,0,0,0,0,0,0,0,0,0,5,0,2,0,19,0,8,0,3,0,4,0,6,0
2947,0,0,0,0,0,0,0,0,0,0,0,0,4,0,3,0,19,0,10,0,3,0,4,0,2,0
2948,0,0,0,0,0,0,0,0,0,0,0,0,4,0,4,0,20,0,11,0,4,0,6,0,5,0
2949,0,0,0,0,0,0,1,0,0,0,0,0,5,0,3,0,20,0,13,0,5,0,5,0,3,0
2950,2,0,0,0,0,0,1,0,0,0,0,0,0,0,3,0,16,0,12,0,5,0,2,0,5,0
2951,1,0,0,0,2,0,1,0,0,0,0,0,6,0,4,0,21,0,14,0,3,0,2,0,2,0
2952,0,0,0,0,0,0,2,0,1,0,0,0,4,0,2,0,16,0,14,0,5,0,6,0,5,0
2953,0,0,0,0,0,0,0,0,0,0,0,0,2,0,3,0,16,0,13,0,3,0,3,0,4,0
2954,0,0,0,0,0,0,0,0,0,0,0,0,3,0,3,0,17,0,11,0,4,0,3,0,5,0
2955,0,0,0,0,0,0,0,0,0,0,0,0,6,0,2,0,17,0,12,0,6,0,6,0,5,0
2956,1,0,0,0,0,0,0,0,0,0,0,0,6,0,5,0,23,0,13,0,5,0,3,0,2,0
2957,0,0,0,0,0,0,0,0,0,0,0,0,2,0,3,0,18,0,8,0,2,0,5,0,4,0
2958,0,0,0,0,0,0,0,0,0,0,0,0,4,0,3,0,17,0,14,0,5,0,3,0,3,0
2959,0,0,0,0,0,0,0,0,0,0,0,0,2,0,2,0,15,0,13,0,4,0,3,0,4,0
2960,1,0,0,0,0,0,0,0,0,0,0,0,7,0,3,0,19,0,11,0,4,0,4,0,5,0
2961,0,0,0,0,0,0,0,0,0,0,0,0,5,0,2,0,22,0,9,0,2,0,4,0,3,0
2962,1,0,0,0,0,0,0,0,0,0,0,0,4,0,2,0,14,0,10,0,2,0,5,0,5,0
2963,0,0,0,0,0,0,0,0,0,0,0,0,2,0,5,0,18,0,17,0,6,0,3,0,4,0
2964,0,0,0,0,0,0,0,0,0,0,0,0,2,0,3,0,16,0,17,0,5,0,4,0,4,0
2965,0,0,0,0,0,0,0,0,0,0,0,0,4,0,3,0,19,0,13,0,5,0,5,0,2,0
2966,0,0,0,0,0,0,0,0,0,0,0,0,4,0,5,0,18,0,10,0,3,0,5,0,5,0
2967,0,0,0,0,0,0,0,0,0,0,0,0,5,0,2,0,17,0,10,0,2,0,2,0,4,0
2968,1,0,0,0,0,0,0,0,0,0,0,0,6,0,3,0,22,0,10,0,5,0,5,0,2,0
2969,0,0,0,0,0,0,0,0,0,0,0,0,5,0,2,0,16,0,15,0,5,0,3,0,4,0
2970,0,0,0,0,0,0,0,0,0,0,0,0,3,0,3,0,22,0,9,0,2,0,7,0,5,0
2971,0,0,0,0,0,0,0,0,0,0,0,0,2,0,4,0,14,0,15,0,5,0,2,0,6,0
2972,0,0,0,0,0,0,0,0,0,0,0,0,4,0,4,0,19,0,10,0,6,0,2,0,4,0
2973,0,0,0,0,0,0,0,0,0,0,0,0,4,0,3,0,17,0,14,0,6,0,4,0,3,0
2974,0,0,0,0,0,0,0,0,0,0,0,0,4,0,1,0,17,0,12,0,3,0,5,0,5,0
2975,0,0,0,0,0,0,0,0,0,0,0,0,4,0,4,0,23,0,11,0,3,0,6,0,3,0
2976,0,0,0,0,0,0,0,0,0,0,0,0,4,0,3,0,17,0,10,0,3,0,2,0,5,0
2977,0,0,0,0,0,0,0,0,0,0,0,0,2,0,3,0,17,0,10,0,2,0,6,0,2,0
2978,1,0,0,0,0,0,0,0,0,0,0,0,5,0,2,0,16,0,12,0,5,0,3,0,7,0
2979,0,0,0,0,0,0,0,0,0,0,0,0,6,0,4,0,19,0,11,0,5,0,5,0,4,0
2980,0,0,0,0,0,0,0,0,0,0,0,0,2,0,2,0,14,0,19,0,4,0,2,0,2,0
2981,0,0,0,0,0,0,0,0,0,0,0,0,5,0,1,0,17,0,10,0,4,0,6,0,6,0
2982,0,0,0,0,0,0,0,0,0,0,0,0,4,0,6,0,20,0,10,0,3,0,5,0,3,0
2983,0,0,0,0,0,0,0,0,0,0,0,0,5,0,4,0,23,0,10,0,4,0,2,0,2,0
2984,0,0,0,0,0,0,0,0,0,0,0,0,4,0,0,0,15,0,12,0,4,0,5,0,5,0
2985,0,0,0,0,0,0,0,0,0,0,0,0,6,0,4,0,22,0,13,0,4,0,3,0,6,0
2986,1,0,0,0,0,0,0,0,0,0,0,0,3,0,0,0,14,0,12,0,4,0,5,0,2,0
2987,0,0,0,0,0,0,0,0,0,0,0,0,4,0,5,0,18,0,13,0,4,0,4,0,4,0
2988,0,0,0,0,0,0,0,0,0,0,0,0,2,0,5,0,17,0,13,0,4,0,3,0,4,0
2989,1,0,0,0,0,0,0,0,0,0,0,0,3,0,2,0,15,0,15,0,7,0,4,0,3,0
2990,0,0,0,0,0,0,0,0,0,0,0,0,5,0,4,0,22,0,10,0,3,0,4,0,6,0
2991,0,0,0,0,0,0,0,0,0,0,0,0,4,0,4,0,20,0,11,0,4,0,4,0,4,0
2992,1,0,0,0,0,0,0,0,0,0,0,0,6,0,1,0,16,0,12,0,4,0,5,0,4,0
2993,1,0,0,0,0,0,0,0,0,0,0,0,2,0,2,0,16,0,11,0,2,0,3,0,4,0
2994,0,0,0,0,0,0,0,0,0,0,0,0,3,0,3,0,16,0,13,0,6,0,4,0,3,0
2995,1,0,0,0,0,0,0,0,0,0,0,0,5,0,3,0,18,0,13,0,5,0,3,0,3,0
2996,1,0,0,0,0,0,0,0,0,0,0,0,5,0,1,0,16,0,14,0,3,0,4,0,3,0
2997,1,0,0,0,0,0,0,0,0,0,0,0,4,0,6,0,21,0,12,0,4,0,4,0,4,0
2998,0,0,0,0,0,0,0,0,0,0,0,0,4,0,4,0,21,0,9,0,4,0,4,0,7,0
2999,0,0,0,0,0,0,0,0,0,0,0,0,3,0,4,0,16,0,9,0,2,0,6,0,4,0
3000,0,0,0,0,0,0,0,0,0,0,0,0,3,0,1,0,15,0,15,0,4,0,4,0,2,0
3001,0,0,0,0,0,0,0,0,0,0,0,0,5,0,3,0,20,0,15,0,6,0,3,0,4,0
3002,0,0,0,0,0,0,0,0,0,0,0,0,3,0,5,0,23,0,10,0,4,0,5,0,5,0
3003,1,0,0,0,0,0,0,0,0,0,0,0,4,0,2,0,19,0,10,0,3,0,5,0,6,0
3004,0,0,0,0,0,0,0,0,0,0,0,0,6,0,3,0,19,0,11,0,3,0,3,0,5,0
3005,1,0,0,0,0,0,0,0,0,0,0,0,4,0,2,0,14,0,10,0,3,0,4,0,2,0
3006,0,0,0,0,0,0,0,0,0,0,0,0,5,0,2,0,18,0,14,0,5,0,4,0,2,0
3007,0,0,0,0,0,0,0,0,0,0,0,0,4,0,4,0,21,0,11,0,4,0,4,0,5,0
3008,0,0,0,0,0,0,0,0,0,0,0,0,3,0,3,0,15,0,13,0,4,0,2,0,4,0
3009,0,0,0,0,0,0,0,0,0,0,0,0,4,0,2,0,16,0,11,0,5,0,5,0,5,0
3010,0,0,0,0,0,0,0,0,0,0,0,0,3,0,4,0,16,0,16,0,6,0,4,0,4,0
3011,1,0,0,0,0,0,0,0,0,0,0,0,4,0,2,0,22,0,11,0,4,0,2,0,3,0
3012,1,0,0,0,0,0,0,0,0,0,0,0,6,0,5,0,20,0,13,0,3,0,6,0,5,0
3013,0,0,0,0,0,0,0,0,0,0,0,0,4,0,1,0,15,0,7,0,1,0,5,0,5,0
3014,0,0,0,0,0,0,0,0,0,0,0,0,1,0,2,0,17,0,15,0,7,0,4,0,3,0
3015,1,0,0,0,0,0,0,0,0,0,0,0,5,0,4,0,18,0,9,0,2,0,2,0,4,0
3016,0,0,0,0,0,0,0,0,0,0,0,0,4,0,4,0,18,0,13,0,3,0,4,0,4,0
3017,0,0,0,0,0,0,0,0,0,0,0,0,4,0,3,0,18,0,15,0,5,0,4,0,4,0
3018,1,0,0,0,0,0,0,0,0,0,0,0,6,0,4,0,23,0,9,0,3,0,4,0,4,0
3019,0,0,0,0,0,0,0,0,0,0,0,0,3,0,2,0,17,0,15,0,5,0,5,0,4,0
3020,0,0,0,0,0,0,0,0,0,0,0,0,3,0,3,0,13,0,15,0,6,0,5,0,3,0
3021,0,0,0,0,0,0,0,0,0,0,0,0,5,0,2,0,20,0,12,0,4,0,3,0,4,0
3022,0,0,0,0,0,0,0,0,0,0,0,0,3,0,3,0,17,0,13,0,4,0,5,0,5,0
3023,0,0,0,0,0,0,0,0,0,0,0,0,5,0,2,0,17,0,10,0,2,0,2,0,3,0
3024,0,0,0,0,0,0,0,0,0,0,0,0,2,0,4,0,18,0,10,0,5,0,5,0,4,0
3025,0,0,0,0,0,0,0,0,0,0,0,0,5,0,5,0,21,0,9,0,3,0,5,0,4,0
3026,0,0,0,0,0,0,0,0,0,0,0,0,7,0,3,0,22,0,13,0,5,0,3,0,4,0
3027,0,0,0,0,0,0,0,0,0,0,0,0,4,0,2,0,19,0,12,0,4,0,5,0,6,0
3028,0,0,0,0,0,0,0,0,0,0,0,0,3,0,5,0,19,0,11,0,4,0,5,0,2,0
3029,0,0,0,0,0,0,0,0,0,0,0,0,4,0,3,0,17,0,12,0,3,0,2,0,6,0
3030,0,0,0,0,0,0,0,0,0,0,0,0,1,0,2,0,18,0,11,0,5,0,6,0,4,0
3031,1,0,0,0,0,0,0,0,0,0,0,0,5,0,3,0,15,0,11,0,3,0,3,0,2,0
3032,1,0,0,0,0,0,0,0,0,0,0,0,7,0,3,0,19,0,13,0,4,0,3,0,5,0
3033,0,0,0,0,0,0,0,0,0,0,0,0,1,0,1,0,11,0,17,0,5,0,4,0,3,0
3034,0,0,0,0,0,0,0,0,0,0,0,0,4,0,4,0,19,0,13,0,4,0,3,0,4,0
3035,0,0,0,0,0,0,0,0,0,0,0,0,5,0,4,0,20,0,12,0,4,0,3,0,5,0
3036,0,0,0,0,0,0,0,0,0,0,0,0,4,0,1,0,15,0,12,0,8,0,4,0,5,0
3037,0,0,0,0,0,0,0,0,0,0,0,0,4,0,4,0,23,0,12,0,1,0,4,0,3,0
3038,0,0,0,0,0,0,0,0,0,0,0,0,4,0,5,0,21,0,10,0,3,0,8,0,4,0
3039,0,0,0,0,0,0,0,0,0,0,0,0,4,0,1,0,13,0,13,0,2,0,3,0,2,0
3040,0,0,0,0,0,0,0,0,0,0,0,0,3,0,3,0,19,0,11,0,4,0,4,0,4,0
3041,0,0,0,0,0,0,0,0,0,0,0,0,6,0,4,0,21,0,11,0,4,0,5,0,4,0
3042,0,0,0,0,0,0,0,0,0,0,0,0,4,0,3,0,20,0,13,0,7,0,3,0,6,0
3043,0,0,0,0,0,0,0,0,0,0,0,0,4,0,2,0,17,0,12,0,3,0,4,0,3,0
3044,0,0,0,0,0,0,0,0,0,0,0,0,3,0,2,0,14,0,11,0,5,0,3,0,3,0
3045,0,0,0,0,0,0,0,0,0,0,0,0,4,0,4,0,15,0,13,0,4,0,4,0,4,0
3046,0,0,0,0,0,0,0,0,0,0,0,0,3,0,2,0,18,0,12,0,3,0,4,0,6,0
3047,1,0,0,0,0,0,0,0,0,0,0,0,3,0,5,0,20,0,8,0,3,0,5,0,4,0
3048,0,0,0,0,0,0,0,0,0,0,0,0,5,0,2,0,21,0,14,0,5,0,3,0,4,0
3049,0,0,0,0,0,0,0,0,0,0,0,0,3,0,4,0,16,0,12,0,3,0,3,0,4,0
3050,0,0,0,0,0,0,0,0,0,0,0,0,4,0,1,0,14,0,18,0,6,0,5,0,4,0
3051,0,0,0,0,0,0,0,0,0,0,0,0,5,0,4,0,19,0,10,0,2,0,4,0,6,0
3052,0,0,0,0,0,0,0,0,0,0,0,0,4,0,5,0,21,0,13,0,5,0,5,0,1,0
3053,1,0,0,0,0,0,0,0,0,0,0,0,3,0,1,0,16,0,11,0,4,0,3,0,4,0
3054,0,0,0,0,0,0,0,0,0,0,0,0,5,0,4,0,21,0,7,0,1,0,4,0,5,0
3055,0,0,0,0,0,0,0,0,0,0,0,0,7,0,4,0,21,0,13,0,7,0,3,0,5,0
3056,0,0,0,0,0,0,0,0,0,0,0,0,3,0,1,0,14,0,12,0,2,0,6,0,3,0
3057,1,0,0,0,0,0,0,0,0,0,0,0,2,0,3,0,17,0,12,0,4,0,4,0,4,0
3058,0,0,0,0,0,0,0,0,0,0,0,0,5,0,3,0,21,0,11,0,5,0,5,0,2,0
3059,0,0,0,0,0,0,0,0,0,0,0,0,6,0,1,0,20,0,12,0,2,0,2,0,7,0
3060,0,0,0,0,0,0,0,0,0,0,0,0,4,0,5,0,17,0,16,0,6,0,4,0,2,0
3061,0,0,0,0,0,0,0,0,0,0,0,0,2,0,3,0,15,0,8,0,2,0,5,0,6,0
3062,0,0,0,0,0,0,0,0,0,0,0,0,1,0,3,0,16,0,15,0,7,0,6,0,2,0
3063,0,0,0,0,0,0,0,0,0,0,0,0,6,0,5,0,23,0,11,0,4,0,3,0,4,0
3064,0,0,0,0,0,0,0,0,0,0,0,0,5,0,1,0,17,0,10,0,2,0,3,0,4,0
3065,0,0,0,0,0,0,0,0,0,0,0,0,2,0,4,0,18,0,14,0,8,0,3,0,3,0
3066,0,0,0,0,0,0,0,0,0,0,0,0,5,0,2,0,16,0,13,0,4,0,5,0,5,0
3067,0,0,0,0,0,0,0,0,0,0,0,0,5,0,3,0,17,0,14,0,4,0,3,0,3,0
3068,1,0,0,0,0,0,0,0,0,0,0,0,3,0,4,0,18,0,12,0,3,0,2,0,7,0
3069,0,0,0,0,0,0,0,0,0,0,0,0,5,0,2,0,18,0,9,0,4,0,6,0,1,0
3070,0,0,0,0,0,0,0,0,0,0,0,0,2,0,2,0,18,0,11,0,2,0,4,0,6,0
3071,1,0,0,0,0,0,0,0,0,0,0,0,7,0,4,0,21,0,9,0,2,0,4,0,3,0
3072,0,0,0,0,0,0,0,0,0,0,0,0,4,0,2,0,14,0,18,0,7,0,4,0,3,0
3073,0,0,0,0,0,0,0,0,0,0,0,0,1,0,3,0,15,0,15,0,5,0,3,0,5,0
3074,0,0,0,0,0,0,0,0,0,0,0,0,5,0,4,0,19,0,11,0,5,0,4,0,4,0
3075,0,0,0,0,0,0,0,0,0,0,0,0,3,0,4,0,20,0,12,0,5,0,3,0,4,0
3076,1,0,0,0,0,0,0,0,0,0,0,0,7,0,2,0,21,0,12,0,2,0,4,0,4,0
3077,0,0,0,0,0,0,0,0,0,0,0,0,3,0,4,0,20,0,9,0,3,0,6,0,3,0
3078,0,0,0,0,0,0,0,0,0,0,0,0,5,0,3,0,21,0,7,0,2,0,3,0,7,0
3079,1,0,0,0,0,0,0,0,0,0,0,0,4,0,2,0,17,0,11,0,4,0,4,0,5,0
3080,1,0,0,0,0,0,0,0,0,0,0,0,3,0,3,0,14,0,15,0,5,0,7,0,1,0
3081,0,0,0,0,0,0,0,0,0,0,0,0,3,0,4,0,19,0,12,0,4,0,4,0,3,0
3082,0,0,0,0,0,0,0,0,0,0,0,0,5,0,2,0,19,0,13,0,4,0,3,0,6,0
3083,1,0,0,0,0,0,0,0,0,0,0,0,5,0,4,0,18,0,9,0,3,0,2,0,4,0
3084,0,0,0,0,0,0,0,0,0,0,0,0,3,0,2,0,14,0,18,0,6,0,3,0,5,0
3085,0,0,0,0,0,0,0,0,0,0,0,0,3,0,2,0,14,0,10,0,3,0,9,0,1,0
3086,1,0,0,0,0,0,0,0,0,0,0,0,4,0,3,0,19,0,14,0,5,0,4,0,4,0
3087,0,0,0,0,0,0,0,0,0,0,0,0,8,0,5,0,28,0,12,0,3,0,0,0,5,0
3088,1,0,0,0,0,0,0,0,0,0,0,0,2,0,2,0,12,0,10,0,5,0,5,0,7,0
3089,1,0,0,0,1,0,1,0,1,0,0,0,2,0,3,0,13,0,10,0,2,0,5,0,2,0
3090,1,0,0,0,0,0,3,0,1,0,0,0,4,0,3,0,19,0,11,0,4,0,4,0,4,0
3091,0,0,0,0,0,0,3,0,1,0,0,0,4,0,5,0,25,0,15,0,6,0,3,0,2,0
3092,1,0,0,0,1,0,2,0,0,0,0,0,2,0,4,0,20,0,14,0,5,0,3,0,5,0
3093,1,0,0,0,0,0,1,0,0,0,0,0,5,0,0,0,16,0,9,0,3,0,5,0,5,0
3094,0,0,0,0,0,0,0,0,0,0,0,0,5,0,2,0,12,0,13,0,4,0,3,0,2,0
3095,0,0,0,0,0,0,0,0,0,0,0,0,4,0,7,0,23,0,10,0,4,0,5,0,5,0
3096,1,0,0,0,0,0,0,0,0,0,0,0,4,0,5,0,22,0,12,0,3,0,3,0,6,0
3097,1,0,0,0,0,0,0,0,0,0,0,0,2,0,1,0,16,0,11,0,4,0,5,0,4,0
3098,0,0,0,0,0,0,0,0,0,0,0,0,6,0,1,0,15,0,11,0,3,0,5,0,3,0
3099,0,0,0,0,0,0,0,0,0,0,0,0,3,0,3,0,18,0,15,0,6,0,3,0,5,0
3100,1,0,0,0,0,0,0,0,0,0,0,0,3,0,5,0,21,0,15,0,6,0,2,0,2,0
3101,1,0,0,0,0,0,0,0,0,0,0,0,4,0,4,0,17,0,10,0,2,0,5,0,5,0
3102,0,0,0,0,0,0,0,0,0,0,0,0,6,0,0,0,17,0,11,0,4,0,5,0,2,0
3103,0,0,0,0,0,0,0,0,0,0,0,0,6,0,3,0,24,0,9,0,2,0,3,0,5,0
3104,1,0,0,0,0,0,0,0,0,0,0,0,3,0,4,0,16,0,11,0,4,0,3,0,6,0
3105,1,0,0,0,0,0,0,0,0,0,0,0,3,0,3,0,15,0,15,0,4,0,7,0,4,0
3106,1,0,0,0,0,0,0,0,0,0,0,0,3,0,2,0,14,0,10,0,4,0,5,0,4,0
3107,1,0,0,0,0,0,0,0,0,0,0,0,5,0,1,0,15,0,15,0,5,0,1,0,4,0
3108,1,0,0,0,0,0,0,0,0,0,0,0,5,0,4,0,24,0,10,0,4,0,4,0,4,0
3109,0,0,0,0,0,0,0,0,0,0,0,0,4,0,2,0,20,0,14,0,4,0,5,0,3,0
3110,0,0,0,0,0,0,0,0,0,0,0,0,2,0,6,0,21,0,9,0,3,0,4,0,3,0
3111,0,0,0,0,0,0,0,0,0,0,0,0,2,0,5,0,16,0,14,0,6,0,5,0,3,0
3112,0,0,0,0,0,0,0,0,0,0,0,0,5,0,2,0,18,0,13,0,6,0,1,0,6,0
3113,0,0,0,0,0,0,0,0,0,0,0,0,6,0,3,0,19,0,12,0,3,0,4,0,5,0
3114,1,0,0,0,0,0,0,0,0,0,0,0,4,0,4,0,19,0,9,0,2,0,4,0,3,0
3115,1,0,0,0,0,0,0,0,0,0,0,0,6,0,1,0,20,0,9,0,2,0,6,0,4,0
3116,0,0,0,0,0,0,0,0,0,0,0,0,3,0,5,0,19,0,16,0,6,0,6,0,2,0
3117,1,0,0,0,0,0,0,0,0,0,0,0,3,0,2,0,13,0,11,0,4,0,2,0,3,0
3118,0,0,0,0,0,0,0,0,0,0,0,0,3,0,1,0,15,0,11,0,3,0,7,0,5,0
3119,0,0,0,0,0,0,0,0,0,0,0,0,4,0,3,0,18,0,19,0,7,0,2,0,6,0
3120,0,0,0,0,0,0,0,0,0,0,0,0,4,0,4,0,18,0,14,0,3,0,6,0,0,0
3121,0,0,0,0,0,0,2,0,1,0,0,0,4,0,2,0,18,0,10,0,4,0,2,0,8,0
3122,1,0,0,0,0,0,1,0,0,0,0,0,4,0,4,0,17,0,13,0,5,0,3,0,3,0
3123,0,0,0,0,3,0,6,0,1,0,0,0,2,0,6,0,25,0,14,0,6,0,4,0,5,0
3124,0,0,0,0,3,0,5,0,1,0,0,0,5,0,7,0,29,0,8,0,2,0,1,0,0,0
3125,0,0,0,0,0,0,0,0,0,0,0,0,3,0,1,0,16,0,9,0,3,0,4,0,6,0
3126,0,0,0,0,0,0,0,0,0,0,0,0,6,0,3,0,22,0,10,0,4,0,3,0,5,0
3127,0,0,0,0,0,0,0,0,0,0,0,0,4,0,4,0,16,0,13,0,4,0,6,0,1,0
3128,0,0,0,0,0,0,0,0,0,0,0,0,3,0,2,0,16,0,17,0,4,0,5,0,5,0
3129,0,0,0,0,0,0,0,0,0,0,0,0,3,0,2,0,17,0,13,0,3,0,5,0,8,0
3130,0,0,0,0,0,0,0,0,0,0,0,0,5,0,3,0,17,0,8,0,4,0,3,0,1,0
3131,0,0,0,0,0,0,0,0,0,0,0,0,5,0,3,0,21,0,9,0,3,0,4,0,5,0
3132,0,0,0,0,0,0,0,0,0,0,0,0,5,0,4,0,16,0,14,0,5,0,4,0,4,0
3133,1,0,0,0,0,0,0,0,0,0,0,0,2,0,2,0,18,0,12,0,3,0,6,0,3,0
3134,0,0,0,0,0,0,0,0,0,0,0,0,3,0,3,0,18,0,10,0,4,0,4,0,6,0
3135,0,0,0,0,0,0,0,0,0,0,0,0,4,0,5,0,18,0,15,0,7,0,2,0,4,0
3136,0,0,0,0,0,0,0,0,0,0,0,0,5,0,5,0,22,0,9,0,3,0,3,0,4,0
3137,1,0,0,0,0,0,0,0,0,0,0,0,4,0,3,0,19,0,12,0,3,0,3,0,3,0
3138,0,0,0,0,0,0,0,0,0,0,0,0,3,0,2,0,15,0,12,0,4,0,5,0,6,0
3139,0,0,0,0,0,0,0,0,0,0,0,0,4,0,1,0,16,0,11,0,5,0,4,0,2,0
3140,0,0,0,0,0,0,0,0,0,0,0,0,7,0,2,0,21,0,10,0,2,0,5,0,1,0
3141,2,0,0,0,0,0,0,0,0,0,0,0,3,0,5,0,24,0,12,0,4,0,4,0,8,0
3142,0,0,0,0,0,0,0,0,0,0,0,0,3,0,2,0,10,0,13,0,5,0,2,0,3,0
3143,0,0,0,0,0,0,0,0,0,0,0,0,2,0,1,0,13,0,17,0,6,0,4,0,3,0
3144,0,0,0,0,0,0,0,0,0,0,0,0,6,0,3,0,22,0,9,0,2,0,4,0,5,0
3145,0,0,0,0,0,0,0,0,0,0,0,0,3,0,5,0,18,0,14,0,5,0,5,0,2,0
3146,0,0,0,0,0,0,0,0,0,0,0,0,5,0,3,0,20,0,8,0,2,0,4,0,8,0
3147,2,0,0,0,0,0,0,0,0,0,0,0,4,0,4,0,16,0,16,0,8,0,4,0,2,0
3148,1,0,0,0,0,0,0,0,0,0,0,0,4,0,2,0,21,0,10,0,3,0,2,0,3,0
3149,0,0,0,0,0,0,0,0,0,0,0,0,3,0,3,0,17,0,12,0,2,0,5,0,5,0
3150,1,0,0,0,0,0,0,0,0,0,0,0,6,0,5,0,20,0,9,0,3,0,4,0,3,0
3151,0,0,0,0,0,0,0,0,0,0,0,0,3,0,2,0,17,0,15,0,6,0,5,0,4,0
3152,1,0,0,0,0,0,0,0,0,0,0,0,4,0,0,0,11,0,14,0,3,0,4,0,4,0
3153,0,0,0,0,0,0,0,0,0,0,0,0,3,0,4,0,22,0,13,0,6,0,6,0,7,0
3154,1,0,0,0,0,0,0,0,0,0,0,0,6,0,4,0,21,0,11,0,4,0,3,0,3,0
3155,0,0,0,0,0,0,0,0,0,0,0,0,4,0,2,0,17,0,9,0,2,0,5,0,3,0
3156,0,0,0,0,0,0,0,0,0,0,0,0,4,0,3,0,16,0,17,0,5,0,3,0,2,0
3157,0,0,0,0,0,0,0,0,0,0,0,0,3,0,5,0,20,0,12,0,4,0,3,0,5,0
3158,0,0,0,0,0,0,0,0,0,0,0,0,3,0,3,0,19,0,11,0,3,0,3,0,5,0
3159,0,0,0,0,0,0,0,0,0,0,0,0,8,0,2,0,20,0,8,0,3,0,4,0,3,0
3160,1,0,0,0,0,0,1,0,0,0,0,0,3,0,1,0,13,0,11,0,4,0,5,0,4,0
3161,0,0,0,0,0,0,2,0,0,0,0,0,2,0,4,0,16,0,17,0,6,0,4,0,6,0
3162,0,0,0,0,0,0,3,0,1,0,0,0,4,0,4,0,21,0,10,0,3,0,2,0,1,0
3163,0,0,0,0,5,0,5,0,3,0,0,0,2,0,7,0,18,0,16,0,6,0,5,0,3,0
3164,0,0,0,0,1,0,4,0,0,0,0,0,6,0,3,0,27,0,8,0,2,0,3,0,8,0
3165,0,0,0,0,0,0,0,0,0,0,0,0,3,0,3,0,19,0,12,0,4,0,3,0,2,0
3166,0,0,0,0,0,0,0,0,0,0,0,0,4,0,3,0,17,0,13,0,6,0,4,0,2,0
3167,0,0,0,0,0,0,0,0,0,0,0,0,3,0,2,0,16,0,15,0,5,0,5,0,5,0
3168,0,0,0,0,0,0,0,0,0,0,0,0,6,0,4,0,19,0,9,0,1,0,6,0,4,0
3169,0,0,0,0,0,0,0,0,0,0,0,0,4,0,4,0,21,0,11,0,3,0,3,0,5,0
3170,0,0,0,0,0,0,0,0,0,0,0,0,4,0,3,0,19,0,13,0,5,0,3,0,3,0
3171,0,0,0,0,0,0,0,0,0,0,0,0,2,0,4,0,17,0,16,0,3,0,4,0,5,0
3172,0,0,0,0,0,0,0,0,0,0,0,0,4,0,3,0,19,0,10,0,4,0,4,0,4,0
3173,0,0,0,0,0,0,0,0,0,0,0,0,4,0,3,0,16,0,13,0,5,0,4,0,4,0
3174,0,0,0,0,0,0,0,0,0,0,0,0,5,0,0,0,18,0,12,0,6,0,3,0,4,0
3175,0,0,0,0,0,0,0,0,0,0,0,0,5,0,3,0,19,0,10,0,1,0,5,0,5,0
3176,1,0,0,0,0,0,0,0,0,0,0,0,3,0,5,0,18,0,13,0,7,0,7,0,4,0
3177,0,0,0,0,0,0,0,0,0,0,0,0,4,0,2,0,21,0,13,0,5,0,3,0,3,0
3178,0,0,0,0,0,0,0,0,0,0,0,0,5,0,4,0,18,0,8,0,1,0,4,0,3,0
3179,0,0,0,0,0,0,0,0,0,0,0,0,3,0,5,0,18,0,11,0,4,0,6,0,5,0
3180,0,0,0,0,0,0,0,0,0,0,0,0,3,0,2,0,14,0,16,0,7,0,3,0,5,0
3181,0,0,0,0,0,0,0,0,0,0,0,0,5,0,2,0,17,0,10,0,1,0,2,0,5,0
3182,0,0,0,0,0,0,0,0,0,0,0,0,6,0,3,0,22,0,10,0,4,0,3,0,4,0
3183,0,0,0,0,0,0,0,0,0,0,0,0,1,0,3,0,15,0,14,0,5,0,8,0,3,0
3184,0,0,0,0,0,0,0,0,0,0,0,0,6,0,3,0,20,0,13,0,3,0,2,0,5,0
3185,0,0,0,0,0,0,0,0,0,0,0,0,4,0,2,0,19,0,11,0,3,0,4,0,2,0
3186,0,0,0,0,0,0,0,0,0,0,0,0,4,0,5,0,20,0,14,0,6,0,3,0,3,0
3187,0,0,0,0,0,0,0,0,0,0,0,0,3,0,2,0,16,0,11,0,5,0,5,0,5,0
3188,0,0,0,0,0,0,0,0,0,0,0,0,5,0,2,0,16,0,13,0,3,0,3,0,3,0
3189,0,0,0,0,0,0,0,0,0,0,0,0,3,0,3,0,21,0,11,0,4,0,6,0,5,0
3190,1,0,0,0,0,0,0,0,0,0,0,0,5,0,4,0,17,0,12,0,2,0,3,0,5,0
3191,0,0,0,0,0,0,0,0,0,0,0,0,4,0,1,0,17,0,8,0,4,0,5,0,4,0
3192,1,0,0,0,0,0,0,0,0,0,0,0,3,0,8,0,19,0,15,0,5,0,2,0,4,0
3193,0,0,0,0,0,0,0,0,0,0,0,0,5,0,3,0,17,0,12,0,4,0,2,0,4,0
3194,0,0,0,0,0,0,0,0,0,0,0,0,3,0,0,0,15,0,12,0,4,0,6,0,3,0
3195,0,0,0,0,0,0,0,0,0,0,0,0,5,0,1,0,19,0,15,0,5,0,4,0,3,0
3196,0,0,0,0,0,0,0,0,0,0,0,0,4,0,4,0,18,0,12,0,4,0,5,0,5,0
3197,1,0,0,0,0,0,0,0,0,0,0,0,3,0,3,0,18,0,11,0,3,0,4,0,5,0
3198,1,0,0,0,0,0,0,0,0,0,0,0,3,0,3,0,15,0,11,0,3,0,3,0,4,0
3199,0,0,0,0,0,0,0,0,0,0,0,0,5,0,5,0,21,0,14,0,4,0,4,0,3,0
3200,0,0,0,0,0,0,0,0,0,0,0,0,5,0,4,0,20,0,9,0,3,0,6,0,3,0
3201,1,0,0,0,0,0,0,0,0,0,0,0,4,0,2,0,19,0,12,0,6,0,4,0,5,0
3202,0,0,0,0,0,0,0,0,0,0,0,0,5,0,3,0,19,0,11,0,4,0,3,0,3,0
3203,1,0,0,0,0,0,0,0,0,0,0,0,3,0,3,0,17,0,10,0,4,0,5,0,4,0
3204,1,0,0,0,0,0,0,0,0,0,0,0,3,0,3,0,17,0,13,0,4,0,3,0,4,0
3205,0,0,0,0,0,0,0,0,0,0,0,0,4,0,2,0,16,0,13,0,5,0,5,0,6,0
3206,0,0,0,0,0,0,0,0,0,0,0,0,4,0,1,0,14,0,15,0,4,0,4,0,2,0
3207,0,0,0,0,0,0,0,0,0,0,0,0,4,0,5,0,23,0,10,0,3,0,2,0,4,0
3208,0,0,0,0,0,0,0,0,0,0,0,0,3,0,2,0,17,0,8,0,3,0,4,0,7,0
3209,0,0,0,0,0,0,0,0,0,0,0,0,6,0,3,0,20,0,14,0,4,0,4,0,1,0
3210,0,0,0,0,0,0,0,0,0,0,0,0,4,0,3,0,19,0,13,0,4,0,5,0,5,0
3211,1,0,0,0,0,0,0,0,0,0,0,0,4,0,5,0,21,0,11,0,3,0,3,0,6,0
3212,0,0,0,0,0,0,0,0,0,0,0,0,5,0,3,0,15,0,13,0,6,0,3,0,3,0
3213,0,0,0,0,0,0,0,0,0,0,0,0,2,0,2,0,16,0,13,0,6,0,6,0,1,0
3214,0,0,0,0,0,0,0,0,0,0,0,0,4,0,4,0,19,0,12,0,3,0,5,0,8,0
3215,0,0,0,0,0,0,0,0,0,0,0,0,4,0,2,0,21,0,12,0,3,0,3,0,4,0
3216,0,0,0,0,0,0,0,0,0,0,0,0,4,0,3,0,18,0,11,0,5,0,4,0,3,0
3217,0,0,0,0,0,0,0,0,0,0,0,0,5,0,5,0,18,0,14,0,3,0,2,0,5,0
3218,0,0,0,0,0,0,0,0,0,0,0,0,3,0,2,0,17,0,11,0,4,0,6,0,2,0
3219,0,0,0,0,0,0,0,0,0,0,0,0,5,0,2,0,16,0,14,0,5,0,5,0,5,0
3220,0,0,0,0,0,0,0,0,0,0,0,0,4,0,3,0,21,0,7,0,2,0,4,0,1,0
3221,1,0,0,0,0,0,0,0,0,0,0,0,4,0,2,0,14,0,14,0,5,0,2,0,6,0
3222,0,0,0,0,0,0,0,0,0,0,0,0,2,0,3,0,18,0,13,0,7,0,5,0,3,0
3223,0,0,0,0,0,0,0,0,0,0,0,0,5,0,3,0,17,0,13,0,3,0,3,0,6,0
3224,0,0,0,0,0,0,0,0,0,0,0,0,4,0,5,0,22,0,9,0,2,0,5,0,3,0
3225,0,0,0,0,0,0,0,0,0,0,0,0,4,0,2,0,15,0,16,0,5,0,5,0,2,0
3226,0,0,0,0,0,0,0,0,0,0,0,0,4,0,3,0,17,0,14,0,5,0,3,0,6,0
3227,0,0,0,0,0,0,0,0,0,0,0,0,4,0,2,0,18,0,11,0,1,0,4,0,4,0
3228,0,0,0,0,0,0,0,0,0,0,0,0,4,0,2,0,16,0,11,0,5,0,6,0,2,0
3229,0,0,0,0,0,0,0,0,0,0,0,0,5,0,3,0,21,0,9,0,4,0,2,0,6,0
3230,0,0,0,0,0,0,0,0,0,0,0,0,3,0,4,0,22,0,13,0,3,0,3,0,6,0
3231,0,0,0,0,0,0,0,0,0,0,0,0,3,0,4,0,18,0,13,0,7,0,5,0,3,0
3232,0,0,0,0,0,0,0,0,0,0,0,0,7,0,3,0,19,0,14,0,4,0,3,0,4,0
3233,0,0,0,0,0,0,0,0,0,0,0,0,3,0,3,0,17,0,9,0,3,0,4,0,2,0
3234,0,0,0,0,0,0,0,0,0,0,0,0,4,0,4,0,16,0,9,0,3,0,4,0,3,0
3235,1,0,0,0,0,0,0,0,0,0,0,0,5,0,3,0,19,0,13,0,4,0,3,0,7,0
3236,0,0,0,0,0,0,0,0,0,0,0,0,2,0,3,0,15,0,13,0,5,0,6,0,3,0
3237,0,0,0,0,0,0,0,0,0,0,0,0,6,0,1,0,15,0,14,0,4,0,2,0,3,0
3238,1,0,0,0,0,0,0,0,0,0,0,0,3,0,3,0,17,0,12,0,4,0,4,0,5,0
3239,0,0,0,0,0,0,0,0,0,0,0,0,4,0,4,0,19,0,11,0,3,0,6,0,3,0
3240,0,0,0,0,0,0,0,0,0,0,0,0,4,0,3,0,17,0,13,0,5,0,3,0,5,0
3241,0,0,0,0,0,0,0,0,0,0,0,0,4,0,3,0,23,0,12,0,4,0,5,0,5,0
3242,0,0,0,0,0,0,0,0,0,0,0,0,2,0,3,0,15,0,12,0,3,0,5,0,6,0
3243,0,0,0,0,0,0,0,0,0,0,0,0,4,0,5,0,23,0,12,0,4,0,3,0,3,0
3244,0,0,0,0,0,0,0,0,0,0,0,0,8,0,3,0,21,0,8,0,4,0,4,0,2,0
3245,1,0,0,0,0,0,0,0,0,0,0,0,2,0,4,0,20,0,11,0,4,0,3,0,4,0
3246,1,0,0,0,0,0,0,0,0,0,0,0,3,0,1,0,14,0,16,0,5,0,3,0,5,0
3247,0,0,0,0,0,0,0,0,0,0,0,0,4,0,3,0,17,0,9,0,3,0,5,0,3,0
3248,0,0,0,0,0,0,0,0,0,0,0,0,5,0,2,0,18,0,16,0,4,0,2,0,4,0
3249,0,0,0,0,0,0,0,0,0,0,0,0,3,0,2,0,18,0,10,0,3,0,7,0,3,0
3250,0,0,0,0,0,0,0,0,0,0,0,0,5,0,5,0,17,0,11,0,4,0,3,0,5,0
3251,1,0,0,0,0,0,0,0,0,0,0,0,5,0,2,0,19,0,12,0,4,0,2,0,5,0
3252,0,0,0,0,0,0,0,0,0,0,0,0,2,0,5,0,19,0,13,0,5,0,5,0,3,0
3253,0,0,0,0,0,0,0,0,0,0,0,0,5,0,1,0,13,0,13,0,3,0,6,0,4,0
3254,0,0,0,0,0,0,0,0,0,0,0,0,2,0,3,0,20,0,15,0,6,0,4,0,2,0
3255,0,0,0,0,0,0,0,0,0,0,0,0,5,0,3,0,18,0,11,0,4,0,4,0,4,0
3256,0,0,0,0,0,0,0,0,0,0,0,0,6,0,4,0,21,0,8,0,3,0,5,0,5,0
3257,0,0,0,0,0,0,0,0,0,0,0,0,4,0,3,0,15,0,13,0,4,0,3,0,5,0
3258,0,0,0,0,0,0,0,0,0,0,0,0,3,0,3,0,17,0,13,0,3,0,5,0,2,0
3259,0,0,0,0,0,0,0,0,0,0,0,0,3,0,2,0,17,0,13,0,6,0,3,0,5,0
3260,1,0,0,0,0,0,0,0,0,0,0,0,4,0,4,0,19,0,13,0,2,0,3,0,6,0
3261,0,0,0,0,0,0,0,0,0,0,0,0,5,0,3,0,18,0,12,0,6,0,4,0,5,0
3262,0,0,0,0,0,0,0,0,0,0,0,0,3,0,2,0,17,0,11,0,3,0,5,0,2,0
3263,0,0,0,0,0,0,0,0,0,0,0,0,4,0,2,0,17,0,11,0,5,0,3,0,4,0
3264,0,0,0,0,0,0,0,0,0,0,0,0,5,0,4,0,21,0,13,0,5,0,4,0,3,0
3265,0,0,0,0,0,0,0,0,0,0,0,0,4,0,3,0,22,0,11,0,2,0,3,0,6,0
3266,0,0,0,0,0,0,0,0,0,0,0,0,4,0,2,0,18,0,7,0,2,0,8,0,6,0
3267,0,0,0,0,0,0,0,0,0,0,0,0,5,0,4,0,19,0,12,0,4,0,3,0,2,0
3268,1,0,0,0,0,0,0,0,0,0,0,0,4,0,4,0,16,0,15,0,6,0,3,0,2,0
3269,0,0,0,0,0,0,0,0,0,0,0,0,2,0,1,0,16,0,14,0,4,0,4,0,5,0
3270,0,0,0,0,0,0,0,0,0,0,0,0,6,0,4,0,22,0,13,0,6,0,2,0,5,0
3271,0,0,0,0,0,0,0,0,0,0,0,0,5,0,2,0,17,0,12,0,4,0,5,0,5,0
3272,0,0,0,0,0,0,0,0,0,0,0,0,3,0,3,0,14,0,12,0,2,0,3,0,2,0
3273,0,0,0,0,0,0,0,0,0,0,0,0,3,0,5,0,17,0,10,0,3,0,6,0,6,0
3274,0,0,0,0,0,0,0,0,0,0,0,0,3,0,3,0,18,0,12,0,3,0,5,0,2,0
3275,0,0,0,0,0,0,0,0,0,0,0,0,6,0,2,0,21,0,12,0,3,0,3,0,3,0
3276,1,0,0,0,0,0,0,0,0,0,0,0,3,0,3,0,17,0,12,0,5,0,6,0,2,0
3277,0,0,0,0,0,0,0,0,0,0,0,0,2,0,4,0,18,0,13,0,5,0,3,0,7,0
3278,0,0,0,0,0,0,0,0,0,0,0,0,5,0,3,0,20,0,9,0,4,0,1,0,7,0
3279,0,0,0,0,0,0,0,0,0,0,0,0,4,0,2,0,14,0,12,0,4,0,5,0,1,0
3280,0,0,0,0,0,0,0,0,0,0,0,0,4,0,3,0,16,0,16,0,6,0,4,0,4,0
3281,0,0,0,0,0,0,0,0,0,0,0,0,6,0,3,0,26,0,10,0,2,0,3,0,3,0
3282,0,0,0,0,0,0,0,0,0,0,0,0,7,0,3,0,19,0,16,0,8,0,3,0,1,0
3283,1,0,0,0,0,0,0,0,0,0,0,0,2,0,2,0,11,0,10,0,2,0,8,0,6,0
3284,0,0,0,0,0,0,0,0,0,0,0,0,3,0,2,0,14,0,12,0,4,0,4,0,4,0
3285,0,0,0,0,0,0,0,0,0,0,0,0,1,0,4,0,17,0,14,0,4,0,1,0,6,0
3286,0,0,0,0,0,0,0,0,0,0,0,0,6,0,5,0,22,0,9,0,2,0,3,0,5,0
3287,0,0,0,0,0,0,0,0,0,0,0,0,4,0,2,0,16,0,13,0,4,0,6,0,4,0
3288,1,0,0,0,0,0,0,0,0,0,0,0,4,0,2,0,18,0,12,0,5,0,3,0,5,0
3289,0,0,0,0,0,0,0,0,0,0,0,0,4,0,2,0,16,0,8,0,2,0,3,0,3,0
3290,0,0,0,0,0,0,0,0,0,0,0,0,5,0,4,0,21,0,14,0,7,0,5,0,5,0
3291,0,0,0,0,0,0,0,0,0,0,0,0,2,0,4,0,21,0,13,0,4,0,4,0,2,0
3292,0,0,0,0,0,0,0,0,0,0,0,0,5,0,6,0,25,0,7,0,1,0,8,0,4,0
3293,1,0,0,0,0,0,0,0,0,0,0,0,5,0,2,0,17,0,13,0,4,0,2,0,2,0
3294,1,0,0,0,0,0,0,0,0,0,0,0,4,0,2,0,16,0,17,0,6,0,4,0,5,0
3295,0,0,0,0,0,0,0,0,0,0,0,0,3,0,1,0,11,0,17,0,4,0,1,0,3,0
3296,0,0,0,0,0,0,0,0,0,0,0,0,5,0,4,0,22,0,8,0,4,0,6,0,6,0
3297,0,0,0,0,0,0,0,0,0,0,0,0,3,0,3,0,17,0,10,0,4,0,6,0,2,0
3298,0,0,0,0,0,0,0,0,0,0,0,0,5,0,2,0,18,0,11,0,4,0,2,0,5,0
3299,0,0,0,0,0,0,0,0,0,0,0,0,3,0,3,0,14,0,10,0,3,0,4,0,5,0
3300,0,0,0,0,0,0,0,0,0,0,0,0,5,0,4,0,23,0,14,0,7,0,2,0,5,0
3301,1,0,0,0,0,0,0,0,0,0,0,0,2,0,4,0,17,0,11,0,3,0,6,0,2,0
3302,0,0,0,0,0,0,0,0,0,0,0,0,5,0,4,0,18,0,14,0,4,0,4,0,2,0
3303,1,0,0,0,0,0,0,0,0,0,0,0,3,0,1,0,14,0,9,0,1,0,4,0,7,0
3304,0,0,0,0,0,0,0,0,0,0,0,0,3,0,3,0,20,0,16,0,7,0,4,0,3,0
3305,0,0,0,0,0,0,0,0,0,0,0,0,6,0,4,0,20,0,12,0,5,0,4,0,5,0
3306,0,0,0,0,0,0,0,0,0,0,0,0,4,0,3,0,21,0,9,0,1,0,5,0,3,0
3307,1,0,0,0,0,0,0,0,0,0,0,0,6,0,2,0,18,0,13,0,4,0,2,0,4,0
3308,0,0,0,0,0,0,0,0,0,0,0,0,3,0,2,0,17,0,12,0,4,0,7,0,7,0
3309,0,0,0,0,3,0,2,0,1,0,0,0,3,0,3,0,13,0,12,0,5,0,3,0,2,0
3310,0,0,0,0,1,0,0,0,0,0,0,0,3,0,3,0,21,0,10,0,4,0,5,0,6,0
3311,0,0,0,0,0,0,4,0,0,0,0,0,4,0,6,0,24,0,11,0,4,0,1,0,3,0
3312,0,0,1,0,1,0,9,0,3,0,0,0,5,0,3,0,24,0,14,0,3,0,3,0,2,0
3313,0,0,0,0,0,0,0,0,0,0,0,0,3,0,3,0,14,0,13,0,3,0,7,0,5,0
3314,0,0,0,0,0,0,0,0,0,0,0,0,3,0,3,0,16,0,13,0,5,0,2,0,1,0
3315,0,0,0,0,0,0,0,0,0,0,0,0,5,0,4,0,19,0,11,0,4,0,3,0,6,0
3316,1,0,0,0,0,0,0,0,0,0,0,0,2,0,3,0,19,0,9,0,2,0,4,0,7,0
3317,0,0,0,0,0,0,0,0,0,0,0,0,7,0,4,0,25,0,10,0,4,0,4,0,1,0
3318,0,0,0,0,0,0,0,0,0,0,0,0,4,0,2,0,14,0,15,0,5,0,4,0,4,0
3319,0,0,0,0,0,0,0,0,0,0,0,0,3,0,3,0,18,0,16,0,6,0,4,0,4,0
3320,0,0,0,0,0,0,0,0,0,0,0,0,4,0,3,0,16,0,13,0,6,0,3,0,3,0
3321,0,0,0,0,0,0,0,0,0,0,0,0,4,0,3,0,17,0,9,0,1,0,5,0,5,0
3322,0,0,0,0,0,0,0,0,0,0,0,0,4,0,2,0,16,0,15,0,5,0,5,0,3,0
3323,1,0,0,0,0,0,0,0,0,0,0,0,4,0,2,0,18,0,11,0,3,0,4,0,6,0
3324,0,0,0,0,0,0,0,0,0,0,0,0,4,0,4,0,24,0,10,0,3,0,4,0,4,0
3325,1,0,0,0,0,0,0,0,0,0,0,0,4,0,2,0,18,0,12,0,7,0,6,0,5,0
3326,0,0,0,0,0,0,0,0,0,0,0,0,5,0,5,0,17,0,10,0,1,0,2,0,3,0
3327,0,0,0,0,0,0,0,0,0,0,0,0,3,0,4,0,18,0,11,0,4,0,5,0,1,0
3328,1,0,0,0,0,0,0,0,0,0,0,0,4,0,3,0,19,0,16,0,6,0,2,0,6,0
3329,0,0,0,0,0,0,0,0,0,0,0,0,2,0,1,0,12,0,14,0,6,0,6,0,4,0
3330,0,0,0,0,0,0,0,0,0,0,0,0,5,0,4,0,19,0,10,0,2,0,2,0,4,0
3331,1,0,0,0,0,0,0,0,0,0,0,0,3,0,2,0,19,0,11,0,4,0,6,0,5,0
3332,0,0,0,0,0,0,0,0,0,0,0,0,6,0,2,0,19,0,8,0,2,0,6,0,3,0
3333,0,0,0,0,0,0,0,0,0,0,0,0,2,0,5,0,20,0,16,0,6,0,2,0,4,0
3334,0,0,0,0,0,0,0,0,0,0,0,0,8,0,3,0,25,0,10,0,4,0,5,0,3,0
3335,0,0,0,0,0,0,0,0,0,0,0,0,1,0,2,0,12,0,11,0,3,0,4,0,5,0
3336,0,0,0,0,0,0,0,0,0,0,0,0,4,0,4,0,20,0,12,0,4,0,2,0,6,0
3337,0,0,0,0,0,0,0,0,0,0,0,0,4,0,2,0,14,0,15,0,6,0,4,0,2,0
3338,0,0,0,0,0,0,0,0,0,0,0,0,5,0,3,0,18,0,15,0,3,0,2,0,5,0
3339,0,0,0,0,0,0,0,0,0,0,0,0,3,0,4,0,21,0,7,0,1,0,6,0,4,0
3340,0,0,0,0,0,0,0,0,0,0,0,0,4,0,2,0,12,0,18,0,6,0,3,0,3,0
3341,0,0,0,0,0,0,0,0,0,0,0,0,5,0,6,0,24,0,10,0,4,0,5,0,3,0
3342,0,0,0,0,0,0,0,0,0,0,0,0,5,0,1,0,18,0,11,0,4,0,4,0,5,0
3343,0,0,0,0,0,0,0,0,0,0,0,0,3,0,2,0,15,0,9,0,4,0,2,0,4,0
3344,0,0,0,0,0,0,0,0,0,0,0,0,4,0,3,0,20,0,12,0,3,0,6,0,4,0
3345,0,0,0,0,0,0,0,0,0,0,0,0,3,0,4,0,15,0,15,0,5,0,5,0,5,0
3346,1,0,0,0,0,0,0,0,0,0,0,0,4,0,2,0,17,0,13,0,5,0,4,0,2,0
3347,0,0,0,0,0,0,0,0,0,0,0,0,5,0,3,0,20,0,12,0,4,0,2,0,5,0
3348,0,0,0,0,0,0,0,0,0,0,0,0,5,0,4,0,22,0,7,0,2,0,6,0,5,0
3349,0,0,0,0,0,0,0,0,0,0,0,0,3,0,3,0,16,0,13,0,6,0,5,0,3,0
3350,0,0,0,0,0,0,0,0,0,0,0,0,4,0,3,0,20,0,15,0,4,0,3,0,3,0
3351,0,0,0,0,0,0,0,0,0,0,0,0,5,0,3,0,16,0,11,0,2,0,5,0,6,0
3352,1,0,0,0,0,0,0,0,0,0,0,0,4,0,3,0,20,0,7,0,3,0,3,0,5,0
3353,0,0,0,0,0,0,0,0,0,0,0,0,3,0,3,0,18,0,13,0,5,0,5,0,3,0
3354,0,0,0,0,0,0,0,0,0,0,0,0,5,0,3,0,16,0,13,0,4,0,4,0,3,0
3355,0,0,0,0,0,0,0,0,0,0,0,0,3,0,4,0,18,0,11,0,4,0,3,0,6,0
3356,0,0,0,0,0,0,0,0,0,0,0,0,4,0,4,0,19,0,14,0,3,0,3,0,2,0
3357,0,0,0,0,0,0,0,0,0,0,0,0,4,0,2,0,16,0,15,0,7,0,3,0,3,0
3358,0,0,0,0,0,0,0,0,0,0,0,0,4,0,4,0,21,0,14,0,3,0,5,0,4,0
3359,1,0,0,0,0,0,0,0,0,0,0,0,4,0,2,0,17,0,12,0,4,0,3,0,7,0
3360,1,0,0,0,0,0,0,0,0,0,0,0,4,0,3,0,15,0,11,0,4,0,7,0,1,0
3361,0,0,0,0,0,0,0,0,0,0,0,0,8,0,2,0,25,0,5,0,2,0,2,0,5,0
3362,0,0,0,0,0,0,0,0,0,0,0,0,2,0,2,0,18,0,12,0,6,0,4,0,4,0
3363,0,0,0,0,0,0,0,0,0,0,0,0,2,0,4,0,16,0,16,0,5,0,3,0,4,0
3364,0,0,0,0,0,0,0,0,0,0,0,0,4,0,3,0,16,0,16,0,5,0,5,0,3,0
3365,1,0,0,0,0,0,0,0,0,0,0,0,3,0,2,0,12,0,10,0,3,0,3,0,5,0
3366,0,0,0,0,0,0,0,0,0,0,0,0,5,0,6,0,21,0,12,0,6,0,4,0,4,0
3367,0,0,0,0,0,0,0,0,0,0,0,0,4,0,3,0,19,0,13,0,1,0,4,0,5,0
3368,0,0,0,0,0,0,0,0,0,0,0,0,7,0,2,0,21,0,9,0,4,0,5,0,2,0
3369,1,0,0,0,0,0,0,0,0,0,0,0,2,0,3,0,17,0,13,0,3,0,4,0,3,0
3370,0,0,0,0,0,0,0,0,0,0,0,0,3,0,2,0,16,0,14,0,4,0,3,0,6,0
3371,0,0,0,0,0,0,0,0,0,0,0,0,3,0,5,0,15,0,14,0,6,0,3,0,5,0
3372,0,0,0,0,0,0,0,0,0,0,0,0,4,0,3,0,23,0,7,0,2,0,7,0,4,0
3373,0,0,0,0,0,0,0,0,0,0,0,0,4,0,2,0,19,0,11,0,4,0,4,0,5,0
3374,0,0,0,0,0,0,0,0,0,0,0,0,6,0,3,0,18,0,15,0,6,0,4,0,3,0
3375,0,0,0,0,0,0,0,0,0,0,0,0,4,0,1,0,14,0,13,0,2,0,4,0,3,0
3376,0,0,0,0,0,0,0,0,0,0,0,0,5,0,4,0,20,0,12,0,4,0,5,0,3,0
3377,0,0,0,0,0,0,0,0,0,0,0,0,3,0,4,0,18,0,16,0,7,0,3,0,4,0
3378,0,0,0,0,0,0,0,0,0,0,0,0,2,0,4,0,20,0,7,0,3,0,4,0,4,0
3379,0,0,0,0,0,0,0,0,0,0,0,0,6,0,3,0,18,0,10,0,2,0,4,0,4,0
3380,0,0,0,0,0,0,0,0,0,0,0,0,4,0,3,0,19,0,12,0,4,0,5,0,5,0
3381,0,0,0,0,0,0,0,0,0,0,0,0,3,0,2,0,19,0,14,0,5,0,2,0,6,0
3382,1,0,0,0,0,0,0,0,0,0,0,0,4,0,2,0,15,0,10,0,3,0,4,0,5,0
3383,0,0,0,0,0,0,3,0,1,0,0,0,4,0,3,0,15,0,9,0,3,0,4,0,3,0
3384,0,0,0,0,0,0,1,0,0,0,0,0,4,0,4,0,21,0,14,0,6,0,2,0,5,0
3385,0,0,0,0,2,0,4,0,1,0,0,0,1,0,2,0,11,0,14,0,4,0,3,0,2,0
3386,0,0,0,0,2,0,4,0,2,0,0,0,8,0,6,0,28,0,12,0,3,0,3,0,3,0
3387,0,0,0,0,0,0,0,0,0,0,0,0,2,0,3,0,17,0,12,0,5,0,4,0,4,0
3388,1,0,0,0,0,0,0,0,0,0,0,0,5,0,3,0,19,0,9,0,3,0,4,0,6,0
3389,0,0,0,0,0,0,0,0,0,0,0,0,4,0,3,0,17,0,15,0,3,0,5,0,1,0
3390,1,0,0,0,0,0,0,0,0,0,0,0,3,0,3,0,16,0,8,0,4,0,5,0,3,0
3391,0,0,0,0,0,0,0,0,0,0,0,0,7,0,1,0,20,0,14,0,6,0,4,0,3,0
3392,1,0,0,0,0,0,0,0,0,0,0,0,4,0,3,0,17,0,16,0,5,0,4,0,2,0
3393,0,0,0,0,0,0,0,0,0,0,0,0,4,0,4,0,22,0,8,0,3,0,6,0,6,0
3394,1,0,0,0,0,0,0,0,0,0,0,0,3,0,2,0,11,0,13,0,4,0,3,0,3,0
3395,0,0,0,0,0,0,0,0,0,0,0,0,5,0,4,0,24,0,10,0,4,0,2,0,9,0
3396,0,0,0,0,0,0,0,0,0,0,0,0,2,0,3,0,15,0,14,0,5,0,5,0,3,0
3397,0,0,0,0,0,0,0,0,0,0,0,0,5,0,4,0,21,0,11,0,4,0,2,0,4,0
3398,0,0,0,0,0,0,0,0,0,0,0,0,2,0,4,0,19,0,14,0,3,0,5,0,3,0
3399,0,0,0,0,0,0,0,0,0,0,0,0,8,0,1,0,19,0,11,0,3,0,4,0,6,0
3400,1,0,0,0,0,0,0,0,0,0,0,0,3,0,4,0,14,0,9,0,2,0,6,0,4,0
3401,0,0,0,0,0,0,0,0,0,0,0,0,4,0,0,0,14,0,15,0,6,0,3,0,1,0
3402,0,0,0,0,0,0,0,0,0,0,0,0,0,0,4,0,17,0,14,0,4,0,6,0,4,0
3403,0,0,0,0,0,0,0,0,0,0,0,0,6,0,3,0,19,0,14,0,5,0,1,0,6,0
3404,0,0,0,0,0,0,0,0,0,0,0,0,4,0,5,0,20,0,12,0,6,0,4,0,3,0
3405,0,0,0,0,0,0,0,0,0,0,0,0,4,0,3,0,19,0,10,0,3,0,6,0,4,0
3406,0,0,0,0,0,0,0,0,0,0,0,0,4,0,3,0,17,0,11,0,4,0,3,0,3,0
3407,0,0,0,0,0,0,0,0,0,0,0,0,4,0,2,0,22,0,13,0,3,0,3,0,5,0
3408,1,0,0,0,0,0,0,0,0,0,0,0,4,0,3,0,15,0,12,0,6,0,4,0,5,0
3409,0,0,0,0,0,0,0,0,0,0,0,0,3,0,5,0,21,0,10,0,4,0,4,0,4,0
3410,1,0,0,0,0,0,0,0,0,0,0,0,4,0,1,0,13,0,12,0,3,0,5,0,3,0
3411,0,0,0,0,0,0,0,0,0,0,0,0,8,0,4,0,25,0,9,0,2,0,6,0,5,0
3412,1,0,0,0,0,0,0,0,0,0,0,0,3,0,4,0,17,0,15,0,3,0,1,0,4,0
3413,0,0,0,0,0,0,0,0,0,0,0,0,2,0,1,0,12,0,13,0,7,0,5,0,3,0
3414,0,0,0,0,0,0,0,0,0,0,0,0,3,0,4,0,15,0,11,0,2,0,4,0,2,0
3415,0,0,0,0,0,0,0,0,0,0,0,0,4,0,2,0,22,0,14,0,6,0,5,0,5,0
3416,0,0,0,0,0,0,0,0,0,0,0,0,5,0,5,0,23,0,10,0,4,0,4,0,3,0
3417,0,0,0,0,0,0,0,0,0,0,0,0,5,0,1,0,14,0,13,0,5,0,3,0,8,0
3418,1,0,0,0,0,0,0,0,0,0,0,0,3,0,5,0,20,0,12,0,3,0,3,0,1,0
3419,1,0,0,0,0,0,0,0,0,0,0,0,3,0,0,0,11,0,16,0,4,0,4,0,5,0
3420,0,0,0,0,0,0,0,0,0,0,0,0,5,0,4,0,18,0,10,0,3,0,6,0,2,0
3421,0,0,0,0,0,0,0,0,0,0,0,0,3,0,3,0,18,0,9,0,2,0,5,0,6,0
3422,0,0,0,0,0,0,0,0,0,0,0,0,5,0,3,0,25,0,12,0,8,0,3,0,4,0
3423,0,0,0,0,0,0,0,0,0,0,0,0,5,0,4,0,21,0,8,0,1,0,6,0,4,0
3424,0,0,0,0,0,0,0,0,0,0,0,0,4,0,3,0,17,0,16,0,5,0,2,0,2,0
3425,1,0,0,0,0,0,0,0,0,0,0,0,3,0,3,0,13,0,10,0,4,0,5,0,3,0
3426,0,0,0,0,0,0,0,0,0,0,0,0,3,0,2,0,15,0,16,0,5,0,3,0,6,0
3427,0,0,0,0,0,0,0,0,0,0,0,0,5,0,2,0,18,0,12,0,5,0,4,0,5,0
3428,0,0,0,0,0,0,0,0,0,0,0,0,4,0,2,0,20,0,13,0,3,0,5,0,4,0
3429,0,0,0,0,0,0,0,0,0,0,0,0,4,0,8,0,25,0,10,0,3,0,2,0,4,0
3430,0,0,0,0,0,0,0,0,0,0,0,0,4,0,1,0,17,0,11,0,5,0,5,0,5,0
3431,0,0,0,0,0,0,0,0,0,0,0,0,5,0,3,0,19,0,11,0,4,0,5,0,4,0
3432,0,0,0,0,0,0,0,0,0,0,0,0,3,0,0,0,10,0,14,0,3,0,1,0,3,0
3433,1,0,0,0,0,0,0,0,0,0,0,0,4,0,5,0,19,0,9,0,3,0,4,0,6,0
3434,1,0,0,0,0,0,0,0,0,0,0,0,3,0,4,0,17,0,16,0,7,0,3,0,3,0
3435,0,0,0,0,0,0,0,0,0,0,0,0,5,0,3,0,21,0,10,0,2,0,5,0,4,0
3436,0,0,0,0,0,0,0,0,0,0,0,0,2,0,3,0,15,0,13,0,4,0,4,0,3,0
3437,1,0,0,0,0,0,0,0,0,0,0,0,6,0,3,0,23,0,12,0,5,0,5,0,3,0
3438,1,0,0,0,0,0,0,0,0,0,0,0,4,0,3,0,15,0,14,0,3,0,3,0,4,0
3439,0,0,0,0,0,0,0,0,0,0,0,0,4,0,1,0,17,0,11,0,3,0,5,0,4,0
3440,0,0,0,0,0,0,0,0,0,0,0,0,5,0,5,0,23,0,9,0,4,0,6,0,6,0
3441,0,0,0,0,0,0,0,0,0,0,0,0,6,0,4,0,22,0,10,0,3,0,3,0,2,0
3442,0,0,0,0,0,0,0,0,0,0,0,0,2,0,2,0,15,0,14,0,5,0,6,0,3,0
3443,0,0,0,0,0,0,0,0,0,0,0,0,3,0,5,0,21,0,15,0,6,0,2,0,5,0
3444,0,0,0,0,0,0,0,0,0,0,0,0,7,0,2,0,19,0,8,0,2,0,5,0,4,0
3445,0,0,0,0,0,0,0,0,0,0,0,0,3,0,4,0,14,0,13,0,4,0,1,0,6,0
3446,0,0,0,0,0,0,0,0,0,0,0,0,1,0,2,0,14,0,13,0,3,0,5,0,1,0
3447,0,0,0,0,0,0,0,0,0,0,0,0,5,0,4,0,22,0,15,0,6,0,3,0,3,0
3448,0,0,0,0,0,0,0,0,0,0,0,0,5,0,3,0,21,0,7,0,2,0,6,0,7,0
3449,1,0,0,0,0,0,0,0,0,0,0,0,5,0,1,0,15,0,9,0,4,0,3,0,6,0
3450,0,0,0,0,0,0,0,0,0,0,0,0,4,0,4,0,21,0,12,0,4,0,4,0,3,0
3451,0,0,0,0,0,0,0,0,0,0,0,0,1,0,3,0,17,0,16,0,6,0,4,0,2,0
3452,0,0,0,0,0,0,0,0,0,0,0,0,3,0,2,0,16,0,13,0,4,0,5,0,4,0
3453,0,0,0,0,0,0,0,0,0,0,0,0,6,0,2,0,15,0,14,0,4,0,4,0,1,0
3454,0,0,0,0,0,0,0,0,0,0,0,0,4,0,5,0,19,0,13,0,4,0,3,0,8,0
3455,0,0,0,0,0,0,0,0,0,0,0,0,4,0,4,0,18,0,12,0,4,0,6,0,4,0
3456,1,0,0,0,0,0,0,0,0,0,0,0,3,0,2,0,16,0,9,0,3,0,2,0,4,0
3457,0,0,0,0,0,0,1,0,0,0,0,0,5,0,2,0,18,0,12,0,4,0,4,0,2,0
3458,0,0,0,0,0,0,0,0,0,0,0,0,3,0,1,0,20,0,12,0,4,0,5,0,6,0
3459,0,0,0,0,1,0,2,0,1,0,0,0,3,0,6,0,20,0,7,0,2,0,3,0,4,0
3460,1,0,0,0,2,0,3,0,1,0,0,0,3,0,5,0,16,0,16,0,7,0,2,0,4,0
3461,0,0,0,0,1,0,1,0,0,0,0,0,5,0,5,0,20,0,11,0,4,0,6,0,2,0
3462,0,0,0,0,0,0,0,0,0,0,0,0,4,0,3,0,16,0,14,0,5,0,5,0,5,0
3463,0,0,0,0,0,0,0,0,0,0,0,0,5,0,2,0,21,0,10,0,3,0,2,0,5,0
3464,0,0,0,0,0,0,0,0,0,0,0,0,3,0,4,0,20,0,12,0,2,0,4,0,2,0
3465,0,0,0,0,0,0,0,0,0,0,0,0,3,0,3,0,18,0,13,0,4,0,7,0,5,0
3466,0,0,0,0,0,0,0,0,0,0,0,0,5,0,3,0,19,0,9,0,4,0,3,0,5,0
3467,0,0,0,0,0,0,0,0,0,0,0,0,3,0,3,0,18,0,15,0,7,0,3,0,2,0
3468,0,0,0,0,0,0,0,0,0,0,0,0,3,0,4,0,22,0,10,0,3,0,4,0,6,0
3469,0,0,0,0,0,0,0,0,0,0,0,0,6,0,4,0,17,0,10,0,1,0,4,0,4,0
3470,0,0,0,0,0,0,0,0,0,0,0,0,5,0,3,0,19,0,15,0,7,0,4,0,2,0
3471,0,0,0,0,0,0,0,0,0,0,0,0,2,0,2,0,13,0,12,0,4,0,4,0,5,0
3472,0,0,0,0,0,0,0,0,0,0,0,0,4,0,1,0,13,0,13,0,3,0,2,0,3,0
3473,0,0,0,0,0,0,0,0,0,0,0,0,4,0,2,0,21,0,14,0,6,0,5,0,6,0
3474,1,0,0,0,0,0,0,0,0,0,0,0,6,0,3,0,21,0,11,0,4,0,3,0,3,0
3475,0,0,0,0,0,0,0,0,0,0,0,0,3,0,4,0,17,0,11,0,2,0,5,0,5,0
3476,1,0,0,0,0,0,0,0,0,0,0,0,3,0,2,0,13,0,12,0,6,0,3,0,3,0
3477,0,0,0,0,0,0,0,0,0,0,0,0,5,0,5,0,24,0,8,0,3,0,7,0,5,0
3478,1,0,0,0,0,0,0,0,0,0,0,0,4,0,4,0,21,0,14,0,4,0,2,0,3,0
3479,0,0,0,0,0,0,0,0,0,0,0,0,4,0,3,0,19,0,11,0,3,0,6,0,7,0
3480,1,0,0,0,0,0,0,0,0,0,0,0,3,0,1,0,10,0,16,0,5,0,3,0,1,0
3481,0,0,0,0,0,0,0,0,0,0,0,0,6,0,2,0,19,0,7,0,4,0,4,0,4,0
3482,0,0,0,0,0,0,0,0,0,0,0,0,2,0,4,0,17,0,16,0,5,0,4,0,3,0
3483,0,0,0,0,0,0,0,0,0,0,0,0,3,0,4,0,20,0,13,0,4,0,5,0,5,0
3484,0,0,0,0,0,0,0,0,0,0,0,0,5,0,4,0,19,0,10,0,3,0,3,0,4,0
3485,0,0,0,0,0,0,0,0,0,0,0,0,5,0,2,0,19,0,12,0,3,0,5,0,1,0
3486,0,0,0,0,0,0,0,0,0,0,0,0,4,0,2,0,17,0,14,0,6,0,5,0,7,0
3487,0,0,0,0,0,0,0,0,0,0,0,0,4,0,4,0,20,0,14,0,4,0,3,0,3,0
3488,1,0,0,0,0,0,0,0,0,0,0,0,4,0,2,0,15,0,9,0,3,0,3,0,5,0
3489,0,0,0,0,0,0,0,0,0,0,0,0,3,0,4,0,18,0,12,0,4,0,6,0,6,0
3490,0,0,0,0,0,0,0,0,0,0,0,0,5,0,4,0,18,0,12,0,3,0,3,0,2,0
3491,0,0,0,0,0,0,0,0,0,0,0,0,2,0,2,0,22,0,11,0,4,0,4,0,3,0
3492,0,0,0,0,0,0,0,0,0,0,0,0,7,0,3,0,16,0,12,0,5,0,4,0,4,0
3493,0,0,0,0,0,0,0,0,0,0,0,0,4,0,2,0,18,0,12,0,4,0,4,0,4,0
3494,0,0,0,0,0,0,0,0,0,0,0,0,3,0,3,0,18,0,13,0,2,0,2,0,5,0
3495,0,0,0,0,0,0,0,0,0,0,0,0,6,0,5,0,20,0,13,0,7,0,3,0,2,0
3496,0,0,0,0,0,0,0,0,0,0,0,0,4,0,1,0,17,0,13,0,4,0,4,0,5,0
3497,1,0,0,0,0,0,0,0,0,0,0,0,3,0,6,0,18,0,10,0,2,0,8,0,3,0
3498,0,0,0,0,0,0,0,0,0,0,0,0,2,0,1,0,14,0,13,0,6,0,3,0,4,0
3499,1,0,0,0,0,0,0,0,0,0,0,0,4,0,3,0,17,0,14,0,3,0,2,0,5,0
3500,0,0,0,0,0,0,0,0,0,0,0,0,4,0,2,0,22,0,9,0,3,0,6,0,6,0
3501,0,0,0,0,0,0,0,0,0,0,0,0,6,0,6,0,21,0,7,0,3,0,4,0,4,0
3502,2,0,0,0,0,0,0,0,0,0,0,0,3,0,3,0,16,0,17,0,7,0,3,0,3,0
3503,0,0,0,0,0,0,0,0,0,0,0,0,3,0,2,0,17,0,12,0,2,0,4,0,4,0
3504,0,0,0,0,0,0,0,0,0,0,0,0,5,0,3,0,17,0,11,0,4,0,6,0,7,0
3505,0,0,0,0,0,0,0,0,0,0,0,0,2,0,2,0,16,0,16,0,5,0,5,0,1,0
3506,0,0,0,0,0,0,0,0,0,0,0,0,4,0,3,0,16,0,13,0,4,0,3,0,2,0
3507,0,0,0,0,0,0,0,0,0,0,0,0,4,0,3,0,20,0,7,0,2,0,2,0,5,0
3508,0,0,0,0,0,0,0,0,0,0,0,0,6,0,3,0,17,0,14,0,8,0,3,0,4,0
3509,0,0,0,0,0,0,0,0,0,0,0,0,2,0,3,0,17,0,11,0,2,0,5,0,3,0
3510,0,0,0,0,0,0,0,0,0,0,0,0,6,0,4,0,23,0,13,0,4,0,4,0,6,0
3511,1,0,0,0,0,0,0,0,0,0,0,0,3,0,2,0,14,0,12,0,4,0,5,0,4,0
3512,0,0,0,0,0,0,0,0,0,0,0,0,4,0,2,0,17,0,11,0,4,0,3,0,5,0
3513,0,0,0,0,0,0,0,0,0,0,0,0,5,0,3,0,18,0,13,0,3,0,3,0,2,0
3514,0,0,0,0,0,0,0,0,0,0,0,0,4,0,3,0,19,0,14,0,5,0,4,0,3,0
3515,1,0,0,0,0,0,0,0,0,0,0,0,4,0,4,0,19,0,8,0,2,0,5,0,6,0
3516,0,0,0,0,0,0,0,0,0,0,0,0,2,0,2,0,17,0,15,0,5,0,4,0,4,0
3517,0,0,0,0,0,0,0,0,0,0,0,0,6,0,3,0,18,0,11,0,5,0,4,0,2,0
3518,0,0,0,0,0,0,0,0,0,0,0,0,4,0,1,0,15,0,11,0,3,0,6,0,2,0
3519,0,0,0,0,0,0,0,0,0,0,0,0,3,0,5,0,18,0,13,0,6,0,2,0,5,0
3520,0,0,0,0,0,0,0,0,0,0,0,0,3,0,4,0,22,0,10,0,4,0,5,0,7,0
3521,0,0,0,0,0,0,0,0,0,0,0,0,6,0,3,0,20,0,13,0,3,0,2,0,4,0
3522,0,0,0,0,0,0,0,0,0,0,0,0,4,0,1,0,16,0,11,0,3,0,5,0,3,0
3523,0,0,0,0,0,0,0,0,0,0,0,0,5,0,3,0,18,0,15,0,6,0,5,0,3,0
3524,0,0,0,0,0,0,0,0,0,0,0,0,3,0,5,0,19,0,11,0,3,0,4,0,4,0
3525,0,0,0,0,0,0,0,0,0,0,0,0,4,0,5,0,19,0,14,0,4,0,4,0,5,0
3526,0,0,0,0,0,0,0,0,0,0,0,0,5,0,3,0,21,0,10,0,3,0,5,0,4,0
3527,0,0,0,0,0,0,0,0,0,0,0,0,2,0,1,0,17,0,9,0,3,0,5,0,3,0
3528,0,0,0,0,0,0,0,0,0,0,0,0,4,0,4,0,20,0,12,0,6,0,1,0,3,0
3529,1,0,0,0,0,0,0,0,0,0,0,0,3,0,3,0,15,0,13,0,4,0,4,0,9,0
3530,1,0,0,0,0,0,0,0,0,0,0,0,7,0,3,0,18,0,9,0,2,0,3,0,3,0
3531,0,0,0,0,0,0,0,0,0,0,0,0,4,0,3,0,18,0,14,0,7,0,3,0,4,0
3532,0,0,0,0,0,0,0,0,0,0,0,0,2,0,1,0,15,0,13,0,3,0,3,0,5,0
3533,0,0,0,0,0,0,0,0,0,0,0,0,5,0,4,0,16,0,13,0,4,0,6,0,3,0
3534,1,0,0,0,0,0,0,0,0,0,0,0,4,0,3,0,20,0,7,0,2,0,5,0,3,0
3535,1,0,0,0,0,0,1,0,1,0,0,0,5,0,2,0,19,0,16,0,6,0,3,0,3,0
3536,0,0,0,0,0,0,3,0,0,0,0,0,2,0,3,0,22,0,10,0,3,0,6,0,2,0
3537,0,0,0,0,2,0,1,0,0,0,0,0,3,0,5,0,18,0,17,0,7,0,1,0,6,0
3538,0,0,0,0,0,0,0,0,0,0,0,0,6,0,5,0,19,0,9,0,2,0,5,0,2,0
3539,1,0,0,0,0,0,0,0,0,0,0,0,6,0,3,0,21,0,12,0,5,0,3,0,6,0
3540,0,0,0,0,0,0,0,0,0,0,0,0,3,0,4,0,18,0,11,0,3,0,7,0,1,0
3541,0,0,0,0,0,0,1,0,1,0,0,0,4,0,4,0,21,0,13,0,5,0,2,0,6,0
3542,0,0,0,0,0,0,2,0,0,0,0,0,3,0,5,0,21,0,11,0,5,0,5,0,3,0
3543,0,0,0,0,2,0,2,0,1,0,0,0,3,0,5,0,19,0,15,0,5,0,2,0,4,0
3544,0,0,0,0,1,0,5,0,1,0,0,0,2,0,1,0,16,0,13,0,2,0,7,0,5,0
3545,0,0,0,0,0,0,0,0,0,0,0,0,5,0,1,0,16,0,10,0,2,0,5,0,3,0
3546,0,0,0,0,0,0,0,0,0,0,0,0,3,0,4,0,18,0,15,0,6,0,4,0,4,0
3547,1,0,0,0,0,0,0,0,0,0,0,0,6,0,4,0,19,0,8,0,3,0,1,0,8,0
3548,0,0,0,0,0,0,0,0,0,0,0,0,3,0,5,0,20,0,12,0,7,0,3,0,3,0
3549,0,0,0,0,0,0,0,0,0,0,0,0,3,0,1,0,16,0,15,0,3,0,6,0,2,0
3550,0,0,0,0,0,0,0,0,0,0,0,0,6,0,1,0,17,0,12,0,3,0,5,0,5,0
3551,0,0,0,0,0,0,0,0,0,0,0,0,3,0,6,0,21,0,11,0,1,0,3,0,4,0
3552,0,0,0,0,0,0,0,0,0,0,0,0,4,0,4,0,17,0,14,0,6,0,4,0,3,0
3553,0,0,0,0,0,0,0,0,0,0,0,0,4,0,2,0,20,0,7,0,2,0,5,0,5,0
3554,1,0,0,0,0,0,0,0,0,0,0,0,4,0,3,0,18,0,14,0,7,0,3,0,6,0
3555,0,0,0,0,0,0,0,0,0,0,0,0,4,0,2,0,18,0,12,0,3,0,4,0,1,0
3556,0,0,0,0,0,0,0,0,0,0,0,0,5,0,4,0,16,0,14,0,3,0,4,0,5,0
3557,0,0,0,0,0,0,0,0,0,0,0,0,2,0,2,0,19,0,10,0,4,0,4,0,5,0
3558,1,0,0,0,0,0,0,0,0,0,0,0,5,0,2,0,16,0,13,0,6,0,2,0,2,0
3559,0,0,0,0,0,0,0,0,0,0,0,0,6,0,5,0,21,0,8,0,2,0,4,0,3,0
3560,0,0,0,0,0,0,0,0,0,0,0,0,2,0,2,0,14,0,14,0,3,0,7,0,4,0
3561,0,0,0,0,0,0,0,0,0,0,0,0,3,0,3,0,20,0,13,0,8,0,3,0,6,0
3562,1,0,0,0,0,0,0,0,0,0,0,0,4,0,3,0,18,0,11,0,2,0,5,0,5,0
3563,0,0,0,0,0,0,0,0,0,0,0,0,6,0,2,0,18,0,12,0,2,0,2,0,4,0
3564,1,0,0,0,0,0,0,0,0,0,0,0,5,0,4,0,20,0,9,0,3,0,6,0,3,0
3565,0,0,0,0,0,0,0,0,0,0,0,0,5,0,2,0,19,0,11,0,4,0,3,0,4,0
3566,0,0,0,0,0,0,0,0,0,0,0,0,1,0,2,0,16,0,12,0,4,0,3,0,4,0
3567,0,0,0,0,0,0,0,0,0,0,0,0,6,0,5,0,24,0,11,0,4,0,5,0,6,0
3568,1,0,1,0,0,0,1,0,0,0,0,0,3,0,3,0,13,0,14,0,5,0,4,0,2,0
3569,0,0,0,0,1,0,0,0,0,0,0,0,5,0,5,0,26,0,12,0,4,0,2,0,5,0
3570,0,0,0,0,1,0,2,0,0,0,0,0,2,0,3,0,17,0,14,0,5,0,8,0,3,0
3571,0,0,0,0,0,0,0,0,0,0,0,0,4,0,6,0,21,0,12,0,2,0,1,0,4,0
3572,0,0,0,0,0,0,0,0,0,0,0,0,5,0,2,0,16,0,13,0,6,0,7,0,2,0
3573,1,0,0,0,0,0,0,0,0,0,0,0,3,0,2,0,15,0,13,0,4,0,2,0,5,0
3574,0,0,0,0,0,0,0,0,0,0,0,0,5,0,2,0,20,0,9,0,3,0,3,0,5,0
3575,0,0,0,0,0,0,0,0,0,0,0,0,3,0,4,0,15,0,18,0,7,0,3,0,4,0
3576,0,0,0,0,0,0,0,0,0,0,0,0,4,0,3,0,22,0,11,0,2,0,6,0,5,0
3577,0,0,0,0,0,0,0,0,0,0,0,0,5,0,1,0,16,0,8,0,2,0,4,0,3,0
3578,0,0,0,0,0,0,0,0,0,0,0,0,4,0,3,0,20,0,14,0,5,0,2,0,2,0
3579,0,0,0,0,0,0,0,0,0,0,0,0,4,0,2,0,11,0,13,0,6,0,7,0,4,0
3580,0,0,0,0,0,0,0,0,0,0,0,0,4,0,4,0,17,0,15,0,4,0,3,0,3,0
3581,0,0,0,0,0,0,0,0,0,0,0,0,5,0,2,0,23,0,10,0,3,0,1,0,7,0
3582,0,0,0,0,0,0,0,0,0,0,0,0,4,0,5,0,17,0,10,0,4,0,8,0,2,0
3583,0,0,0,0,0,0,0,0,0,0,0,0,3,0,2,0,16,0,11,0,4,0,2,0,5,0
3584,1,0,0,0,0,0,0,0,0,0,0,0,3,0,2,0,18,0,15,0,5,0,3,0,2,0
3585,0,0,0,0,0,0,0,0,0,0,0,0,4,0,3,0,19,0,15,0,6,0,5,0,7,0
3586,0,0,0,0,0,0,0,0,0,0,0,0,3,0,4,0,18,0,9,0,2,0,3,0,3,0
3587,0,0,0,0,0,0,0,0,0,0,0,0,6,0,4,0,18,0,11,0,5,0,6,0,3,0
3588,0,0,0,0,0,0,0,0,0,0,0,0,4,0,2,0,21,0,10,0,4,0,5,0,5,0
3589,0,0,0,0,0,0,0,0,0,0,0,0,5,0,4,0,22,0,12,0,4,0,3,0,4,0
3590,1,0,0,0,0,0,0,0,0,0,0,0,3,0,4,0,17,0,10,0,3,0,3,0,5,0
3591,0,0,0,0,0,0,0,0,0,0,0,0,4,0,2,0,15,0,9,0,2,0,5,0,3,0
3592,1,0,0,0,0,0,0,0,0,0,0,0,3,0,3,0,14,0,17,0,5,0,3,0,2,0
3593,1,0,0,0,0,0,0,0,0,0,0,0,6,0,3,0,21,0,11,0,2,0,4,0,5,0
3594,0,0,0,0,0,0,0,0,0,0,0,0,5,0,2,0,15,0,17,0,8,0,3,0,3,0
3595,0,0,0,0,0,0,0,0,0,0,0,0,2,0,2,0,19,0,9,0,2,0,4,0,6,0
3596,0,0,0,0,0,0,0,0,0,0,0,0,3,0,6,0,23,0,9,0,3,0,5,0,5,0
3597,0,0,0,0,0,0,0,0,0,0,0,0,4,0,2,0,20,0,12,0,4,0,4,0,3,0
3598,0,0,0,0,0,0,0,0,0,0,0,0,6,0,3,0,20,0,14,0,8,0,4,0,5,0
3599,0,0,0,0,0,0,0,0,0,0,0,0,5,0,3,0,17,0,10,0,2,0,4,0,3,0
3600,0,0,0,0,0,0,0,0,0,0,0,0,3,0,3,0,15,0,11,0,3,0,5,0,3,0
3601,0,0,0,0,0,0,0,0,0,0,0,0,4,0,2,0,15,0,13,0,3,0,5,0,4,0
3602,0,0,0,0,0,0,0,0,0,0,0,0,3,0,2,0,15,0,12,0,7,0,3,0,4,0
3603,0,0,0,0,0,0,0,0,0,0,0,0,2,0,5,0,19,0,15,0,4,0,3,0,5,0
3604,0,0,0,0,0,0,0,0,0,0,0,0,4,0,3,0,17,0,12,0,5,0,7,0,4,0
3605,0,0,0,0,0,0,0,0,0,0,0,0,6,0,3,0,22,0,10,0,2,0,2,0,3,0
3606,1,0,0,0,0,0,0,0,0,0,0,0,5,0,1,0,19,0,13,0,4,0,4,0,3,0
3607,0,0,0,0,0,0,0,0,0,0,0,0,4,0,5,0,16,0,13,0,5,0,4,0,4,0
3608,0,0,0,0,2,0,0,0,0,0,0,0,3,0,3,0,14,0,16,0,5,0,4,0,3,0
3609,0,0,0,0,0,0,1,0,0,0,0,0,4,0,2,0,18,0,11,0,4,0,2,0,7,0
3610,0,0,0,0,3,0,8,0,4,0,0,0,3,0,7,0,26,0,8,0,1,0,6,0,3,0
3611,0,0,0,0,2,0,2,0,0,0,0,0,6,0,4,0,29,0,10,0,3,0,3,0,3,0
3612,0,0,0,0,0,0,0,0,0,0,0,0,3,0,4,0,19,0,11,0,4,0,4,0,6,0
3613,0,0,0,0,0,0,3,0,0,0,0,0,2,0,3,0,16,0,16,0,6,0,5,0,2,0
3614,0,0,0,0,0,0,3,0,3,0,0,0,2,0,3,0,18,0,12,0,3,0,5,0,5,0
3615,1,0,0,0,0,0,0,0,0,0,0,0,4,0,4,0,15,0,11,0,5,0,3,0,2,0
3616,0,0,0,0,0,0,0,0,0,0,0,0,5,0,2,0,20,0,12,0,6,0,5,0,5,0
3617,0,0,0,0,0,0,0,0,0,0,0,0,5,0,3,0,23,0,10,0,2,0,1,0,4,0
3618,0,0,0,0,0,0,0,0,0,0,0,0,2,0,4,0,19,0,10,0,4,0,7,0,6,0
3619,0,0,0,0,0,0,0,0,0,0,0,0,6,0,3,0,16,0,15,0,5,0,2,0,4,0
3620,0,0,0,0,0,0,0,0,0,0,0,0,4,0,2,0,17,0,9,0,3,0,4,0,4,0
3621,0,0,0,0,0,0,0,0,0,0,0,0,4,0,1,0,16,0,11,0,3,0,6,0,2,0
3622,1,0,0,0,0,0,0,0,0,0,0,0,2,0,5,0,16,0,18,0,8,0,3,0,4,0
3623,0,0,0,0,0,0,0,0,0,0,0,0,6,0,2,0,22,0,10,0,2,0,4,0,5,0
3624,0,0,0,0,0,0,0,0,0,0,0,0,3,0,2,0,17,0,13,0,4,0,4,0,4,0
3625,0,0,0,0,0,0,0,0,0,0,0,0,5,0,5,0,18,0,14,0,5,0,3,0,3,0
3626,0,0,0,0,0,0,0,0,0,0,0,0,4,0,1,0,18,0,13,0,3,0,3,0,5,0
3627,0,0,0,0,0,0,0,0,0,0,0,0,3,0,3,0,16,0,10,0,5,0,5,0,4,0
3628,0,0,0,0,0,0,0,0,0,0,0,0,6,0,3,0,19,0,7,0,2,0,4,0,4,0
3629,0,0,0,0,0,0,0,0,0,0,0,0,2,0,3,0,20,0,13,0,4,0,5,0,4,0
3630,0,0,0,0,0,0,0,0,0,0,0,0,4,0,4,0,18,0,15,0,4,0,2,0,3,0
3631,0,0,0,0,0,0,0,0,0,0,0,0,5,0,4,0,18,0,15,0,5,0,4,0,5,0
3632,1,0,0,0,0,0,0,0,0,0,0,0,2,0,2,0,15,0,10,0,4,0,5,0,2,0
3633,0,0,0,0,0,0,0,0,0,0,0,0,5,0,4,0,21,0,10,0,2,0,4,0,6,0
3634,0,0,0,0,0,0,0,0,0,0,0,0,4,0,5,0,19,0,13,0,5,0,8,0,4,0
3635,0,0,0,0,0,0,0,0,0,0,0,0,5,0,1,0,15,0,10,0,3,0,3,0,3,0
3636,1,0,0,0,0,0,0,0,0,0,0,0,4,0,2,0,19,0,10,0,3,0,3,0,3,0
3637,0,0,0,0,0,0,0,0,0,0,0,0,5,0,3,0,20,0,15,0,5,0,4,0,6,0
3638,0,0,0,0,0,0,0,0,0,0,0,0,2,0,3,0,14,0,12,0,4,0,5,0,3,0
3639,0,0,0,0,0,0,0,0,0,0,0,0,3,0,4,0,16,0,14,0,4,0,3,0,5,0
3640,0,0,0,0,0,0,0,0,0,0,0,0,4,0,2,0,19,0,10,0,5,0,1,0,4,0
3641,0,0,0,0,0,0,0,0,0,0,0,0,6,0,4,0,22,0,12,0,5,0,3,0,5,0
3642,1,0,0,0,0,0,0,0,0,0,0,0,3,0,2,0,14,0,11,0,4,0,5,0,3,0
3643,0,0,0,0,0,0,0,0,0,0,0,0,7,0,4,0,23,0,12,0,3,0,7,0,2,0
3644,0,0,0,0,0,0,0,0,0,0,0,0,3,0,3,0,17,0,14,0,5,0,3,0,4,0
3645,0,0,0,0,0,0,0,0,0,0,0,0,3,0,2,0,17,0,12,0,4,0,5,0,7,0
3646,0,0,0,0,0,0,0,0,0,0,0,0,4,0,5,0,17,0,16,0,4,0,2,0,3,0
3647,0,0,0,0,0,0,0,0,0,0,0,0,4,0,2,0,20,0,7,0,2,0,6,0,1,0
3648,0,0,0,0,0,0,0,0,0,0,0,0,4,0,2,0,19,0,11,0,3,0,3,0,5,0
3649,0,0,0,0,0,0,0,0,0,0,0,0,5,0,5,0,20,0,15,0,7,0,4,0,4,0
3650,0,0,0,0,0,0,0,0,0,0,0,0,3,0,4,0,20,0,10,0,1,0,5,0,4,0
3651,1,0,0,0,0,0,0,0,0,0,0,0,6,0,2,0,16,0,9,0,3,0,3,0,6,0
3652,0,0,0,0,0,0,0,0,0,0,0,0,2,0,2,0,14,0,14,0,7,0,3,0,2,0
3653,0,0,0,0,0,0,0,0,0,0,0,0,4,0,5,0,19,0,15,0,3,0,3,0,5,0
3654,0,0,0,0,0,0,0,0,0,0,0,0,3,0,2,0,19,0,13,0,3,0,5,0,3,0
3655,0,0,0,0,0,0,0,0,0,0,0,0,5,0,3,0,20,0,10,0,6,0,6,0,5,0
3656,0,0,0,0,0,0,0,0,0,0,0,0,5,0,1,0,16,0,10,0,3,0,2,0,5,0
3657,0,0,0,0,0,0,0,0,0,0,0,0,3,0,3,0,16,0,9,0,4,0,5,0,5,0
3658,0,0,0,0,0,0,0,0,0,0,0,0,2,0,5,0,17,0,18,0,4,0,2,0,3,0
3659,0,0,0,0,0,0,0,0,0,0,0,0,4,0,3,0,19,0,14,0,6,0,5,0,3,0
3660,0,0,0,0,0,0,0,0,0,0,0,0,5,0,5,0,20,0,10,0,2,0,4,0,6,0
3661,0,0,0,0,0,0,0,0,0,0,0,0,3,0,1,0,15,0,14,0,7,0,5,0,3,0
3662,0,0,0,0,0,0,0,0,0,0,0,0,6,0,1,0,16,0,12,0,4,0,3,0,4,0
3663,0,0,0,0,0,0,0,0,0,0,0,0,4,0,2,0,18,0,10,0,2,0,3,0,2,0
3664,1,0,0,0,0,0,0,0,0,0,0,0,4,0,6,0,20,0,12,0,6,0,6,0,5,0
3665,0,0,0,0,0,0,0,0,0,0,0,0,3,0,1,0,15,0,11,0,1,0,4,0,5,0
3666,0,0,0,0,0,0,0,0,0,0,0,0,4,0,3,0,19,0,12,0,5,0,4,0,3,0
3667,0,0,0,0,0,0,0,0,0,0,0,0,4,0,6,0,24,0,8,0,3,0,4,0,3,0
3668,1,0,0,0,0,0,0,0,0,0,0,0,6,0,3,0,17,0,12,0,4,0,3,0,7,0
3669,0,0,0,0,0,0,0,0,0,0,0,0,3,0,3,0,19,0,11,0,3,0,4,0,1,0
3670,0,0,0,0,0,0,0,0,0,0,0,0,4,0,1,0,17,0,15,0,6,0,4,0,7,0
3671,0,0,0,0,0,0,0,0,0,0,0,0,4,0,3,0,18,0,15,0,5,0,4,0,4,0
3672,0,0,0,0,0,0,0,0,0,0,0,0,3,0,2,0,15,0,13,0,3,0,5,0,2,0
3673,0,0,0,0,0,0,0,0,0,0,0,0,4,0,3,0,18,0,12,0,5,0,3,0,5,0
3674,0,0,0,0,0,0,0,0,0,0,0,0,4,0,3,0,16,0,10,0,2,0,5,0,2,0
3675,1,0,0,0,0,0,0,0,0,0,0,0,5,0,4,0,20,0,14,0,4,0,3,0,3,0
3676,0,0,0,0,0,0,0,0,0,0,0,0,4,0,1,0,18,0,12,0,4,0,5,0,6,0
3677,0,0,0,0,0,0,0,0,0,0,0,0,3,0,3,0,17,0,11,0,5,0,2,0,4,0
3678,1,0,0,0,0,0,0,0,0,0,0,0,6,0,6,0,21,0,11,0,7,0,3,0,4,0
3679,1,0,0,0,0,0,0,0,0,0,0,0,2,0,1,0,16,0,11,0,1,0,5,0,6,0
3680,0,0,0,0,0,0,0,0,0,0,0,0,5,0,3,0,18,0,8,0,2,0,5,0,3,0
3681,0,0,0,0,0,0,0,0,0,0,0,0,2,0,3,0,16,0,18,0,6,0,3,0,4,0
3682,0,0,0,0,0,0,0,0,0,0,0,0,5,0,4,0,20,0,9,0,4,0,4,0,5,0
3683,1,0,0,0,0,0,0,0,0,0,0,0,4,0,2,0,20,0,13,0,4,0,4,0,1,0
3684,1,0,0,0,0,0,0,0,0,0,0,0,6,0,4,0,19,0,8,0,2,0,5,0,3,0
3685,0,0,0,0,0,0,0,0,0,0,0,0,6,0,3,0,20,0,12,0,5,0,2,0,6,0
3686,0,0,0,0,0,0,0,0,0,0,0,0,1,0,2,0,12,0,14,0,6,0,5,0,3,0
3687,0,0,0,0,1,0,0,0,0,0,0,0,2,0,2,0,11,0,12,0,3,0,4,0,3,0
3688,0,0,0,0,6,0,5,0,1,0,0,0,3,0,6,0,25,0,7,0,1,0,2,0,4,0
3689,0,0,0,0,4,0,9,0,1,0,0,0,0,0,8,0,28,0,0,0,0,0,0,0,1,0
3690,0,0,0,0,7,0,13,0,2,0,0,0,0,0,13,0,27,0,0,0,0,0,0,0,2,0
3691,0,0,0,0,3,0,8,0,1,0,0,0,0,0,10,0,33,0,0,0,0,0,0,0,3,0
3692,0,0,0,0,5,0,8,0,1,0,0,0,0,0,11,0,25,0,0,0,0,0,0,0,1,0
3693,0,0,0,0,3,0,7,0,2,0,0,0,0,0,8,0,27,0,0,0,0,0,0,0,0,0
3694,0,0,0,0,3,0,10,0,2,0,0,0,0,0,9,0,29,0,0,0,0,0,0,0,3,0
3695,0,0,0,0,4,0,11,0,1,0,0,0,0,0,9,0,28,0,0,0,0,0,0,0,3,0
3696,0,0,0,0,4,0,11,0,2,0,0,0,0,0,12,0,32,0,0,0,0,0,0,0,1,0
3697,0,0,0,0,5,0,11,0,2,0,0,0,0,0,12,0,24,0,0,0,0,0,0,0,4,0
3698,0,0,0,0,4,0,7,0,1,0,0,0,0,0,8,0,29,0,0,0,0,0,0,0,0,0
3699,0,0,0,0,5,0,12,0,2,0,0,0,0,0,12,0,24,0,0,0,0,0,0,0,3,0
3700,0,0,0,0,5,0,11,0,2,0,0,0,0,0,7,0,24,0,0,0,0,0,0,0,3,0
3701,0,0,0,0,4,0,6,0,0,0,0,0,0,0,8,0,23,0,0,0,0,0,0,0,2,0
3702,0,0,0,0,7,0,5,0,1,0,0,0,0,0,15,0,32,0,0,0,0,0,0,0,1,0
3703,0,0,0,0,4,0,12,0,1,0,0,0,0,0,7,0,28,0,0,0,0,0,0,0,3,0
3704,0,0,0,0,3,0,4,0,0,0,0,0,0,0,13,0,29,0,0,0,0,0,0,0,3,0
3705,0,0,0,0,5,0,12,0,3,0,0,0,0,0,9,0,21,0,0,0,0,0,0,0,3,0
3706,0,0,0,0,5,0,11,0,3,0,0,0,0,0,10,0,26,0,0,0,0,0,0,0,3,0
3707,0,0,0,0,8,0,2,0,0,0,0,0,0,0,11,0,26,0,0,0,0,0,0,0,3,0
3708,0,0,0,0,3,0,5,0,0,0,0,0,0,0,9,0,22,0,0,0,0,0,0,0,4,0
3709,0,0,0,0,3,0,4,0,1,0,0,0,0,0,7,0,25,0,0,0,0,0,0,0,2,0
3710,0,0,0,0,4,0,8,0,1,0,0,0,0,0,11,0,23,0,0,0,0,0,0,0,3,0
3711,0,0,0,0,5,0,4,0,1,0,0,0,0,0,7,0,24,0,0,0,0,0,0,0,2,0
3712,0,0,0,0,4,0,6,0,1,0,0,0,0,0,11,0,23,0,0,0,0,0,0,0,4,0
3713,0,0,0,0,5,0,6,0,1,0,0,0,0,0,10,0,24,0,0,0,0,0,0,0,2,0
3714,0,0,0,0,4,0,10,0,2,0,0,0,0,0,9,0,22,0,0,0,0,0,0,0,3,0
3715,0,0,0,0,3,0,2,0,0,0,0,0,0,0,11,0,26,0,0,0,0,0,0,0,3,0
3716,0,0,0,0,0,0,0,0,0,0,0,0,0,0,3,0,4,0,0,0,0,0,0,0,1,0
